{
"type": "FeatureCollection",
"name": "raceethn_acs5_24",
"crs": { "type": "name", "properties": { "name": "urn:ogc:def:crs:EPSG::4269" } },
"features": [
{ "type": "Feature", "properties": { "geoid": "17031740100", "land_area": 0.89133, "total": 3003.0, "nh_white_alone": 2434.0, "nh_black_alone": 28.0, "nh_asian_alone": 11.0, "hispanic": 442.0, "other": 88.0 }, "geometry": { "type": "MultiPolygon", "coordinates": [ [ [ [ -87.701371, 41.707085 ], [ -87.696451, 41.707151 ], [ -87.696152, 41.69896 ], [ -87.695953, 41.692537 ], [ -87.695895, 41.691625 ], [ -87.695717, 41.688032 ], [ -87.699473, 41.687933 ], [ -87.700624, 41.686134 ], [ -87.700722, 41.688799 ], [ -87.700828, 41.691568 ], [ -87.700951, 41.695219 ], [ -87.701083, 41.698871 ], [ -87.701217, 41.702525 ], [ -87.701325, 41.706186 ], [ -87.701371, 41.707085 ] ] ] ] } },
{ "type": "Feature", "properties": { "geoid": "17031520400", "land_area": 0.725278, "total": 3589.0, "nh_white_alone": 699.0, "nh_black_alone": 99.0, "nh_asian_alone": 0.0, "hispanic": 2748.0, "other": 43.0 }, "geometry": { "type": "MultiPolygon", "coordinates": [ [ [ [ -87.535289, 41.708217 ], [ -87.531661, 41.708219 ], [ -87.530452, 41.706384 ], [ -87.528467, 41.706404 ], [ -87.526475, 41.704545 ], [ -87.526528, 41.70269 ], [ -87.524448019050794, 41.702679347988898 ], [ -87.524539, 41.700868 ], [ -87.524557267465099, 41.699035932870203 ], [ -87.529245, 41.699066 ], [ -87.531659, 41.699078 ], [ -87.535281, 41.699103 ], [ -87.535283, 41.700922 ], [ -87.535284, 41.702734 ], [ -87.535285, 41.704564 ], [ -87.535286, 41.706392 ], [ -87.535289, 41.708217 ] ] ] ] } },
{ "type": "Feature", "properties": { "geoid": "17031530501", "land_area": 1.296493, "total": 5885.0, "nh_white_alone": 35.0, "nh_black_alone": 5413.0, "nh_asian_alone": 0.0, "hispanic": 321.0, "other": 116.0 }, "geometry": { "type": "MultiPolygon", "coordinates": [ [ [ [ -87.641907, 41.677815 ], [ -87.632273, 41.67792 ], [ -87.627461, 41.677972 ], [ -87.622658, 41.678026 ], [ -87.622522, 41.673467 ], [ -87.62244, 41.670733 ], [ -87.627246, 41.670684 ], [ -87.62965, 41.67066 ], [ -87.634458, 41.670612 ], [ -87.64167, 41.670539 ], [ -87.641843, 41.675993 ], [ -87.641907, 41.677815 ] ] ] ] } },
{ "type": "Feature", "properties": { "geoid": "17031826600", "land_area": 1.512445, "total": 4798.0, "nh_white_alone": 39.0, "nh_black_alone": 4175.0, "nh_asian_alone": 0.0, "hispanic": 574.0, "other": 10.0 }, "geometry": { "type": "MultiPolygon", "coordinates": [ [ [ [ -87.630327, 41.633481 ], [ -87.62746, 41.638795 ], [ -87.626516, 41.640609 ], [ -87.624381, 41.644565 ], [ -87.622081, 41.644573 ], [ -87.617824, 41.644581 ], [ -87.617227, 41.644582 ], [ -87.617222, 41.644146 ], [ -87.617217, 41.639018 ], [ -87.61721, 41.633512 ], [ -87.617206, 41.629901 ], [ -87.620837, 41.629883 ], [ -87.632313, 41.629838 ], [ -87.630327, 41.633481 ] ] ] ] } },
{ "type": "Feature", "properties": { "geoid": "17031720500", "land_area": 1.042167, "total": 1965.0, "nh_white_alone": 1765.0, "nh_black_alone": 32.0, "nh_asian_alone": 13.0, "hispanic": 155.0, "other": 0.0 }, "geometry": { "type": "MultiPolygon", "coordinates": [ [ [ [ -87.696451, 41.707151 ], [ -87.691535, 41.707218 ], [ -87.691475, 41.706315 ], [ -87.686571, 41.706368 ], [ -87.68162, 41.706376 ], [ -87.681503, 41.702733 ], [ -87.681388, 41.699079 ], [ -87.687542, 41.699026 ], [ -87.688074, 41.69902 ], [ -87.6912, 41.698986 ], [ -87.696152, 41.69896 ], [ -87.696451, 41.707151 ] ] ] ] } },
{ "type": "Feature", "properties": { "geoid": "17031826401", "land_area": 3.000488, "total": 3065.0, "nh_white_alone": 150.0, "nh_black_alone": 2734.0, "nh_asian_alone": 20.0, "hispanic": 102.0, "other": 59.0 }, "geometry": { "type": "MultiPolygon", "coordinates": [ [ [ [ -87.614397, 41.6446 ], [ -87.597838, 41.644606 ], [ -87.588133, 41.644656 ], [ -87.579955, 41.644731 ], [ -87.578588, 41.64473 ], [ -87.578483, 41.644729 ], [ -87.578386, 41.634363 ], [ -87.582095, 41.635153 ], [ -87.583309, 41.633546 ], [ -87.588158, 41.633505 ], [ -87.590578, 41.633487 ], [ -87.597856, 41.633432 ], [ -87.597873, 41.632413 ], [ -87.594544, 41.629952 ], [ -87.595506, 41.629774 ], [ -87.597969, 41.628296 ], [ -87.599353, 41.62748 ], [ -87.6027, 41.63068 ], [ -87.6027, 41.635799 ], [ -87.604952, 41.637097 ], [ -87.609929, 41.640667 ], [ -87.609906, 41.641243 ], [ -87.614397, 41.6446 ] ] ] ] } },
{ "type": "Feature", "properties": { "geoid": "17031821700", "land_area": 1.551015, "total": 4690.0, "nh_white_alone": 3504.0, "nh_black_alone": 422.0, "nh_asian_alone": 194.0, "hispanic": 488.0, "other": 82.0 }, "geometry": { "type": "MultiPolygon", "coordinates": [ [ [ [ -87.721654, 41.727788 ], [ -87.715498, 41.727858 ], [ -87.711798, 41.727902 ], [ -87.707289, 41.727966 ], [ -87.703812, 41.724413 ], [ -87.70439, 41.724353 ], [ -87.7117, 41.724269 ], [ -87.711601, 41.720606 ], [ -87.711356, 41.713314 ], [ -87.711299, 41.711491 ], [ -87.712578, 41.713296 ], [ -87.715011, 41.71326 ], [ -87.719907, 41.713188 ], [ -87.721125, 41.71317 ], [ -87.721243, 41.716817 ], [ -87.721358, 41.720463 ], [ -87.721432, 41.722301 ], [ -87.721654, 41.727788 ] ] ] ] } },
{ "type": "Feature", "properties": { "geoid": "17031821402", "land_area": 1.676878, "total": 3450.0, "nh_white_alone": 38.0, "nh_black_alone": 2604.0, "nh_asian_alone": 35.0, "hispanic": 53.0, "other": 720.0 }, "geometry": { "type": "MultiPolygon", "coordinates": [ [ [ [ -87.665753, 41.662859 ], [ -87.657254, 41.663007 ], [ -87.654821, 41.663041 ], [ -87.651212, 41.663096 ], [ -87.651313, 41.666771 ], [ -87.651411, 41.670393 ], [ -87.64167, 41.670539 ], [ -87.641547, 41.666893 ], [ -87.641488, 41.665066 ], [ -87.641423, 41.663246 ], [ -87.647204, 41.663159 ], [ -87.647002, 41.65698 ], [ -87.650564, 41.655769 ], [ -87.66062, 41.655442 ], [ -87.660742, 41.658584 ], [ -87.662384, 41.658056 ], [ -87.663173, 41.657806 ], [ -87.66313, 41.659384 ], [ -87.664079, 41.659285 ], [ -87.664443, 41.659323 ], [ -87.665609, 41.659267 ], [ -87.665753, 41.662859 ] ] ] ] } },
{ "type": "Feature", "properties": { "geoid": "17031720700", "land_area": 1.049859, "total": 2935.0, "nh_white_alone": 717.0, "nh_black_alone": 1718.0, "nh_asian_alone": 67.0, "hispanic": 90.0, "other": 343.0 }, "geometry": { "type": "MultiPolygon", "coordinates": [ [ [ [ -87.673033, 41.706521 ], [ -87.672081, 41.706538 ], [ -87.670697, 41.706563 ], [ -87.667105, 41.706615 ], [ -87.662084, 41.706701 ], [ -87.658641, 41.706748 ], [ -87.656146, 41.706784 ], [ -87.656019, 41.706786 ], [ -87.657236, 41.703536 ], [ -87.658742, 41.699444 ], [ -87.660445, 41.699423 ], [ -87.666891, 41.699306 ], [ -87.671199, 41.699218 ], [ -87.672797, 41.699187 ], [ -87.672915, 41.702856 ], [ -87.673033, 41.706521 ] ] ] ] } },
{ "type": "Feature", "properties": { "geoid": "17031710500", "land_area": 0.748404, "total": 4305.0, "nh_white_alone": 8.0, "nh_black_alone": 3940.0, "nh_asian_alone": 0.0, "hispanic": 201.0, "other": 156.0 }, "geometry": { "type": "MultiPolygon", "coordinates": [ [ [ [ -87.678239, 41.750167 ], [ -87.670708, 41.750262 ], [ -87.668291, 41.750293 ], [ -87.667079, 41.75031 ], [ -87.665864, 41.750325 ], [ -87.663437, 41.750357 ], [ -87.663302, 41.744894 ], [ -87.66573, 41.744864 ], [ -87.668157, 41.74483 ], [ -87.669365, 41.744815 ], [ -87.670579, 41.744799 ], [ -87.678037, 41.744733 ], [ -87.67836, 41.746532 ], [ -87.678239, 41.750167 ] ] ] ] } },
{ "type": "Feature", "properties": { "geoid": "17031691500", "land_area": 0.674522, "total": 1667.0, "nh_white_alone": 0.0, "nh_black_alone": 1575.0, "nh_asian_alone": 0.0, "hispanic": 91.0, "other": 1.0 }, "geometry": { "type": "MultiPolygon", "coordinates": [ [ [ [ -87.605391, 41.75858 ], [ -87.601726, 41.758622 ], [ -87.598223, 41.758652 ], [ -87.595614, 41.758696 ], [ -87.593075, 41.756893 ], [ -87.595715, 41.756858 ], [ -87.594908, 41.755039 ], [ -87.595491, 41.751387 ], [ -87.597235, 41.751369 ], [ -87.597915, 41.751364 ], [ -87.601547, 41.751327 ], [ -87.605215, 41.751286 ], [ -87.605297, 41.754933 ], [ -87.605391, 41.75858 ] ] ] ] } },
{ "type": "Feature", "properties": { "geoid": "17031813500", "land_area": 0.824363, "total": 6481.0, "nh_white_alone": 412.0, "nh_black_alone": 164.0, "nh_asian_alone": 13.0, "hispanic": 5782.0, "other": 110.0 }, "geometry": { "type": "MultiPolygon", "coordinates": [ [ [ [ -87.779048, 41.865392 ], [ -87.776588, 41.865426 ], [ -87.775359, 41.865444 ], [ -87.774139, 41.865459 ], [ -87.772896, 41.865479 ], [ -87.772801, 41.861826 ], [ -87.772749, 41.860001 ], [ -87.7727, 41.858174 ], [ -87.772597, 41.854526 ], [ -87.772497, 41.850925 ], [ -87.774958, 41.850893 ], [ -87.778639, 41.850841 ], [ -87.778741, 41.854511 ], [ -87.778839, 41.858086 ], [ -87.778892, 41.859914 ], [ -87.778941, 41.86174 ], [ -87.778993, 41.863566 ], [ -87.779048, 41.865392 ] ] ] ] } },
{ "type": "Feature", "properties": { "geoid": "17031812100", "land_area": 1.04087, "total": 4614.0, "nh_white_alone": 2477.0, "nh_black_alone": 1371.0, "nh_asian_alone": 49.0, "hispanic": 521.0, "other": 196.0 }, "geometry": { "type": "MultiPolygon", "coordinates": [ [ [ [ -87.785055, 41.899886 ], [ -87.78487, 41.901873 ], [ -87.784193, 41.90188 ], [ -87.784178, 41.903792 ], [ -87.783433, 41.905769 ], [ -87.783355, 41.909169 ], [ -87.779515, 41.909205 ], [ -87.778868, 41.909213 ], [ -87.7756, 41.909254 ], [ -87.775475, 41.905625 ], [ -87.775415, 41.903917 ], [ -87.775362, 41.901998 ], [ -87.775249, 41.898358 ], [ -87.775192, 41.896533 ], [ -87.78006, 41.896459 ], [ -87.784933, 41.896389 ], [ -87.785055, 41.899886 ] ] ] ] } },
{ "type": "Feature", "properties": { "geoid": "17031670900", "land_area": 0.326291, "total": 1414.0, "nh_white_alone": 0.0, "nh_black_alone": 836.0, "nh_asian_alone": 0.0, "hispanic": 277.0, "other": 301.0 }, "geometry": { "type": "MultiPolygon", "coordinates": [ [ [ [ -87.659541, 41.786816 ], [ -87.657114, 41.786851 ], [ -87.654684, 41.786886 ], [ -87.65455, 41.781427 ], [ -87.654502, 41.779608 ], [ -87.659361, 41.779543 ], [ -87.659405, 41.781358 ], [ -87.659541, 41.786816 ] ] ] ] } },
{ "type": "Feature", "properties": { "geoid": "17031670100", "land_area": 0.326892, "total": 1031.0, "nh_white_alone": 25.0, "nh_black_alone": 858.0, "nh_asian_alone": 0.0, "hispanic": 148.0, "other": 0.0 }, "geometry": { "type": "MultiPolygon", "coordinates": [ [ [ [ -87.659729, 41.7941 ], [ -87.657301, 41.794141 ], [ -87.654874, 41.794172 ], [ -87.654684, 41.786886 ], [ -87.657114, 41.786851 ], [ -87.659541, 41.786816 ], [ -87.659729, 41.7941 ] ] ] ] } },
{ "type": "Feature", "properties": { "geoid": "17031640800", "land_area": 0.326769, "total": 1488.0, "nh_white_alone": 385.0, "nh_black_alone": 17.0, "nh_asian_alone": 30.0, "hispanic": 1056.0, "other": 0.0 }, "geometry": { "type": "MultiPolygon", "coordinates": [ [ [ [ -87.742293, 41.778429 ], [ -87.737397, 41.778487 ], [ -87.737361, 41.776655 ], [ -87.737331, 41.774851 ], [ -87.737223, 41.771201 ], [ -87.742055, 41.771129 ], [ -87.742165, 41.77478 ], [ -87.742293, 41.778429 ] ] ] ] } },
{ "type": "Feature", "properties": { "geoid": "17031691000", "land_area": 0.648676, "total": 2572.0, "nh_white_alone": 32.0, "nh_black_alone": 2278.0, "nh_asian_alone": 0.0, "hispanic": 75.0, "other": 187.0 }, "geometry": { "type": "MultiPolygon", "coordinates": [ [ [ [ -87.624907, 41.765514 ], [ -87.620098, 41.765612 ], [ -87.615262, 41.765711 ], [ -87.615206, 41.762059 ], [ -87.61512, 41.758408 ], [ -87.616704, 41.758379 ], [ -87.619926, 41.758321 ], [ -87.624759, 41.758237 ], [ -87.624794, 41.759958 ], [ -87.624829, 41.761874 ], [ -87.624907, 41.765514 ] ] ] ] } },
{ "type": "Feature", "properties": { "geoid": "17031834700", "land_area": 0.657991, "total": 1580.0, "nh_white_alone": 31.0, "nh_black_alone": 1102.0, "nh_asian_alone": 23.0, "hispanic": 369.0, "other": 55.0 }, "geometry": { "type": "MultiPolygon", "coordinates": [ [ [ [ -87.650016, 41.79424 ], [ -87.647599, 41.794279 ], [ -87.64516, 41.794302 ], [ -87.640329, 41.794387 ], [ -87.639682, 41.793038 ], [ -87.64023, 41.79201 ], [ -87.640171, 41.787107 ], [ -87.644969, 41.787025 ], [ -87.647403, 41.786989 ], [ -87.649828, 41.786956 ], [ -87.650016, 41.79424 ] ] ] ] } },
{ "type": "Feature", "properties": { "geoid": "17031580502", "land_area": 0.494416, "total": 5304.0, "nh_white_alone": 157.0, "nh_black_alone": 16.0, "nh_asian_alone": 354.0, "hispanic": 4733.0, "other": 44.0 }, "geometry": { "type": "MultiPolygon", "coordinates": [ [ [ [ -87.704331, 41.8172 ], [ -87.699397, 41.817064 ], [ -87.698508, 41.817607 ], [ -87.694482, 41.81736 ], [ -87.694371, 41.813736 ], [ -87.694315, 41.811913 ], [ -87.69799, 41.811855 ], [ -87.700433, 41.811816 ], [ -87.701651, 41.811797 ], [ -87.704118, 41.811759 ], [ -87.704211, 41.814113 ], [ -87.704262, 41.815421 ], [ -87.704331, 41.8172 ] ] ] ] } },
{ "type": "Feature", "properties": { "geoid": "17031560800", "land_area": 1.321148, "total": 6415.0, "nh_white_alone": 1594.0, "nh_black_alone": 121.0, "nh_asian_alone": 9.0, "hispanic": 4582.0, "other": 109.0 }, "geometry": { "type": "MultiPolygon", "coordinates": [ [ [ [ -87.782031, 41.799668 ], [ -87.778381, 41.799737 ], [ -87.775933, 41.799787 ], [ -87.77228, 41.799884 ], [ -87.767397, 41.799984 ], [ -87.762538, 41.800058 ], [ -87.762407, 41.795703 ], [ -87.76238, 41.795074 ], [ -87.762302, 41.792736 ], [ -87.765964, 41.792664 ], [ -87.767189, 41.79264 ], [ -87.770847, 41.792566 ], [ -87.772066, 41.792542 ], [ -87.774501, 41.792494 ], [ -87.778154, 41.792419 ], [ -87.781651, 41.792357 ], [ -87.781806, 41.792349 ], [ -87.78192, 41.796044 ], [ -87.782031, 41.799668 ] ] ] ] } },
{ "type": "Feature", "properties": { "geoid": "17031611900", "land_area": 0.612381, "total": 1797.0, "nh_white_alone": 7.0, "nh_black_alone": 1283.0, "nh_asian_alone": 8.0, "hispanic": 499.0, "other": 0.0 }, "geometry": { "type": "MultiPolygon", "coordinates": [ [ [ [ -87.664776, 41.801318 ], [ -87.659918, 41.801382 ], [ -87.655059, 41.801452 ], [ -87.654958, 41.79781 ], [ -87.654874, 41.794172 ], [ -87.657301, 41.794141 ], [ -87.659729, 41.7941 ], [ -87.660946, 41.794087 ], [ -87.664582, 41.794024 ], [ -87.664776, 41.801318 ] ] ] ] } },
{ "type": "Feature", "properties": { "geoid": "17031840000", "land_area": 0.569394, "total": 2622.0, "nh_white_alone": 960.0, "nh_black_alone": 21.0, "nh_asian_alone": 1203.0, "hispanic": 405.0, "other": 33.0 }, "geometry": { "type": "MultiPolygon", "coordinates": [ [ [ [ -87.641416, 41.838107 ], [ -87.636376, 41.838173 ], [ -87.636144, 41.838175 ], [ -87.63589, 41.834535 ], [ -87.636139, 41.834532 ], [ -87.636251, 41.830881 ], [ -87.636354, 41.823583 ], [ -87.639841, 41.823539 ], [ -87.639882, 41.825361 ], [ -87.639925, 41.827183 ], [ -87.63997, 41.829008 ], [ -87.640016, 41.830831 ], [ -87.641235, 41.830815 ], [ -87.641325, 41.834464 ], [ -87.640098, 41.83448 ], [ -87.641368, 41.836285 ], [ -87.641416, 41.838107 ] ] ] ] } },
{ "type": "Feature", "properties": { "geoid": "17031491200", "land_area": 0.649492, "total": 1848.0, "nh_white_alone": 1.0, "nh_black_alone": 1669.0, "nh_asian_alone": 0.0, "hispanic": 139.0, "other": 39.0 }, "geometry": { "type": "MultiPolygon", "coordinates": [ [ [ [ -87.642378, 41.692356 ], [ -87.637534, 41.692415 ], [ -87.636336, 41.692428 ], [ -87.632645, 41.692472 ], [ -87.632745, 41.691636 ], [ -87.632612, 41.688839 ], [ -87.632545, 41.687022 ], [ -87.632481, 41.685204 ], [ -87.636108, 41.685155 ], [ -87.642152, 41.685082 ], [ -87.642208, 41.686903 ], [ -87.642266, 41.68872 ], [ -87.642378, 41.692356 ] ] ] ] } },
{ "type": "Feature", "properties": { "geoid": "17031350400", "land_area": 0.201454, "total": 1457.0, "nh_white_alone": 0.0, "nh_black_alone": 1267.0, "nh_asian_alone": 0.0, "hispanic": 90.0, "other": 100.0 }, "geometry": { "type": "MultiPolygon", "coordinates": [ [ [ [ -87.629949, 41.845544 ], [ -87.629168, 41.845557 ], [ -87.626961, 41.845585 ], [ -87.626773, 41.838301 ], [ -87.629784, 41.83828 ], [ -87.629949, 41.845544 ] ] ] ] } },
{ "type": "Feature", "properties": { "geoid": "17031841300", "land_area": 1.345364, "total": 3970.0, "nh_white_alone": 869.0, "nh_black_alone": 177.0, "nh_asian_alone": 191.0, "hispanic": 2562.0, "other": 171.0 }, "geometry": { "type": "MultiPolygon", "coordinates": [ [ [ [ -87.687952, 41.852009 ], [ -87.683188, 41.852062 ], [ -87.678293, 41.852137 ], [ -87.678221, 41.849425 ], [ -87.678145, 41.846715 ], [ -87.677933, 41.842149 ], [ -87.677949, 41.837119 ], [ -87.680004, 41.836931 ], [ -87.684574, 41.83555 ], [ -87.687449, 41.834632 ], [ -87.687617, 41.838189 ], [ -87.687618, 41.83837 ], [ -87.687442, 41.84364 ], [ -87.687615, 41.844794 ], [ -87.687952, 41.852009 ] ] ] ] } },
{ "type": "Feature", "properties": { "geoid": "17031310600", "land_area": 0.543291, "total": 5872.0, "nh_white_alone": 1644.0, "nh_black_alone": 145.0, "nh_asian_alone": 228.0, "hispanic": 3603.0, "other": 252.0 }, "geometry": { "type": "MultiPolygon", "coordinates": [ [ [ [ -87.663808, 41.859647 ], [ -87.656479, 41.859765 ], [ -87.653434, 41.859812 ], [ -87.653388, 41.857997 ], [ -87.656429, 41.857953 ], [ -87.65637, 41.856136 ], [ -87.656276, 41.852483 ], [ -87.663614, 41.85238 ], [ -87.663715, 41.856021 ], [ -87.663763, 41.857835 ], [ -87.663808, 41.859647 ] ] ] ] } },
{ "type": "Feature", "properties": { "geoid": "17031430200", "land_area": 0.661348, "total": 5792.0, "nh_white_alone": 322.0, "nh_black_alone": 5071.0, "nh_asian_alone": 37.0, "hispanic": 41.0, "other": 321.0 }, "geometry": { "type": "MultiPolygon", "coordinates": [ [ [ [ -87.586377, 41.768651 ], [ -87.586238, 41.769698 ], [ -87.586296, 41.773339 ], [ -87.583861, 41.773361 ], [ -87.581414, 41.77339 ], [ -87.58018, 41.773405 ], [ -87.576487, 41.773456 ], [ -87.576448, 41.771629 ], [ -87.576398, 41.769801 ], [ -87.576348, 41.767981 ], [ -87.576302, 41.766214 ], [ -87.579375, 41.766182 ], [ -87.579988, 41.766185 ], [ -87.582445, 41.766153 ], [ -87.586329, 41.766121 ], [ -87.586377, 41.768651 ] ] ] ] } },
{ "type": "Feature", "properties": { "geoid": "17031410600", "land_area": 0.252245, "total": 2600.0, "nh_white_alone": 1022.0, "nh_black_alone": 539.0, "nh_asian_alone": 560.0, "hispanic": 221.0, "other": 258.0 }, "geometry": { "type": "MultiPolygon", "coordinates": [ [ [ [ -87.601337, 41.800871 ], [ -87.596677, 41.800923 ], [ -87.59661, 41.797987 ], [ -87.596544, 41.795066 ], [ -87.60131, 41.795015 ], [ -87.601271, 41.797934 ], [ -87.601337, 41.800871 ] ] ] ] } },
{ "type": "Feature", "properties": { "geoid": "17031381900", "land_area": 0.17269, "total": 1324.0, "nh_white_alone": 270.0, "nh_black_alone": 948.0, "nh_asian_alone": 0.0, "hispanic": 106.0, "other": 0.0 }, "geometry": { "type": "MultiPolygon", "coordinates": [ [ [ [ -87.616451, 41.803922 ], [ -87.616496, 41.805742 ], [ -87.613867, 41.805783 ], [ -87.612587, 41.805803 ], [ -87.611371, 41.805822 ], [ -87.611328, 41.804002 ], [ -87.611286, 41.802169 ], [ -87.614192, 41.802126 ], [ -87.614968, 41.802115 ], [ -87.616111, 41.802103 ], [ -87.616526, 41.802098 ], [ -87.616451, 41.803922 ] ] ] ] } },
{ "type": "Feature", "properties": { "geoid": "17031261000", "land_area": 0.499037, "total": 1972.0, "nh_white_alone": 0.0, "nh_black_alone": 1792.0, "nh_asian_alone": 63.0, "hispanic": 117.0, "other": 0.0 }, "geometry": { "type": "MultiPolygon", "coordinates": [ [ [ [ -87.740078, 41.871899 ], [ -87.737802, 41.872406 ], [ -87.735222, 41.87352 ], [ -87.732807, 41.873978 ], [ -87.730313, 41.873386 ], [ -87.729097, 41.873402 ], [ -87.725413, 41.873443 ], [ -87.725341, 41.870722 ], [ -87.725287, 41.869089 ], [ -87.732578, 41.868999 ], [ -87.732673, 41.870977 ], [ -87.739984, 41.868939 ], [ -87.740078, 41.871899 ] ] ] ] } },
{ "type": "Feature", "properties": { "geoid": "17031251500", "land_area": 0.683926, "total": 4489.0, "nh_white_alone": 20.0, "nh_black_alone": 3216.0, "nh_asian_alone": 63.0, "hispanic": 1132.0, "other": 58.0 }, "geometry": { "type": "MultiPolygon", "coordinates": [ [ [ [ -87.765395, 41.894854 ], [ -87.763568, 41.894867 ], [ -87.760643, 41.89489 ], [ -87.759336, 41.894901 ], [ -87.755599, 41.894936 ], [ -87.755463, 41.891195 ], [ -87.755337, 41.887809 ], [ -87.755319, 41.887202 ], [ -87.757988, 41.887391 ], [ -87.758998, 41.887377 ], [ -87.760354, 41.887358 ], [ -87.765106, 41.887201 ], [ -87.765181, 41.88929 ], [ -87.76532, 41.892926 ], [ -87.765395, 41.894854 ] ] ] ] } },
{ "type": "Feature", "properties": { "geoid": "17031292400", "land_area": 0.330658, "total": 1916.0, "nh_white_alone": 306.0, "nh_black_alone": 1548.0, "nh_asian_alone": 0.0, "hispanic": 62.0, "other": 0.0 }, "geometry": { "type": "MultiPolygon", "coordinates": [ [ [ [ -87.724955, 41.858868 ], [ -87.722489, 41.858894 ], [ -87.720066, 41.858921 ], [ -87.719912, 41.853956 ], [ -87.719889, 41.852874 ], [ -87.719872, 41.851607 ], [ -87.72228, 41.851545 ], [ -87.723544, 41.851484 ], [ -87.724761, 41.851651 ], [ -87.72485, 41.855014 ], [ -87.724955, 41.858868 ] ] ] ] } },
{ "type": "Feature", "properties": { "geoid": "17031282800", "land_area": 0.164404, "total": 1727.0, "nh_white_alone": 386.0, "nh_black_alone": 147.0, "nh_asian_alone": 321.0, "hispanic": 771.0, "other": 102.0 }, "geometry": { "type": "MultiPolygon", "coordinates": [ [ [ [ -87.686235, 41.873891 ], [ -87.683781, 41.873927 ], [ -87.683654, 41.869012 ], [ -87.68359, 41.866647 ], [ -87.686038, 41.866613 ], [ -87.686165, 41.87116 ], [ -87.686235, 41.873891 ] ] ] ] } },
{ "type": "Feature", "properties": { "geoid": "17031810501", "land_area": 2.272696, "total": 5110.0, "nh_white_alone": 4021.0, "nh_black_alone": 85.0, "nh_asian_alone": 319.0, "hispanic": 638.0, "other": 47.0 }, "geometry": { "type": "MultiPolygon", "coordinates": [ [ [ [ -87.836695, 41.961599 ], [ -87.836685, 41.966597 ], [ -87.827468, 41.966768 ], [ -87.826756, 41.966787 ], [ -87.821613, 41.966916 ], [ -87.819428, 41.966972 ], [ -87.81847, 41.966996 ], [ -87.816986, 41.967034 ], [ -87.816378, 41.96705 ], [ -87.816395, 41.963424 ], [ -87.816426, 41.959798 ], [ -87.818256, 41.959752 ], [ -87.818266, 41.957942 ], [ -87.818303, 41.952501 ], [ -87.820114, 41.952464 ], [ -87.82277, 41.952391 ], [ -87.828119, 41.952257 ], [ -87.82935, 41.952226 ], [ -87.831793, 41.952164 ], [ -87.831821, 41.955701 ], [ -87.832651, 41.959323 ], [ -87.832678, 41.959438 ], [ -87.836699, 41.95936 ], [ -87.836695, 41.961599 ] ] ] ] } },
{ "type": "Feature", "properties": { "geoid": "17031805600", "land_area": 1.890905, "total": 4655.0, "nh_white_alone": 4099.0, "nh_black_alone": 14.0, "nh_asian_alone": 204.0, "hispanic": 267.0, "other": 71.0 }, "geometry": { "type": "MultiPolygon", "coordinates": [ [ [ [ -87.839479, 41.999037 ], [ -87.839195, 41.999511 ], [ -87.839125, 42.007348 ], [ -87.835893, 42.007431 ], [ -87.835859, 42.011008 ], [ -87.833375, 42.011069 ], [ -87.830828, 42.009629 ], [ -87.82696, 42.007488 ], [ -87.821325, 42.004254 ], [ -87.821354, 42.002313 ], [ -87.821396, 41.998663 ], [ -87.821414, 41.996851 ], [ -87.829606, 41.996641 ], [ -87.836476, 41.996457 ], [ -87.839608, 41.996377 ], [ -87.839479, 41.999037 ] ] ] ] } },
{ "type": "Feature", "properties": { "geoid": "17031770800", "land_area": 3.925188, "total": 5836.0, "nh_white_alone": 4013.0, "nh_black_alone": 0.0, "nh_asian_alone": 200.0, "hispanic": 1530.0, "other": 93.0 }, "geometry": { "type": "MultiPolygon", "coordinates": [ [ [ [ -87.883703, 41.958134 ], [ -87.880726, 41.960479 ], [ -87.879393, 41.96156 ], [ -87.878138, 41.962979 ], [ -87.876847, 41.965388 ], [ -87.876507, 41.967384 ], [ -87.876746, 41.969302 ], [ -87.877874, 41.973039 ], [ -87.877652, 41.973057 ], [ -87.869617, 41.973133 ], [ -87.862278, 41.973311 ], [ -87.861854, 41.973359 ], [ -87.85878, 41.971462 ], [ -87.85415, 41.971434 ], [ -87.855117, 41.968102 ], [ -87.854841, 41.966138 ], [ -87.855796, 41.96432 ], [ -87.855694, 41.96262 ], [ -87.858884, 41.956954 ], [ -87.858507, 41.95593 ], [ -87.857954, 41.955338 ], [ -87.847392, 41.955758 ], [ -87.847654, 41.952686 ], [ -87.854222, 41.953065 ], [ -87.866098, 41.954835 ], [ -87.871042, 41.955478 ], [ -87.878344, 41.956466 ], [ -87.882735, 41.957106 ], [ -87.883236, 41.957233 ], [ -87.884297, 41.957526 ], [ -87.883703, 41.958134 ] ] ] ] } },
{ "type": "Feature", "properties": { "geoid": "17031380200", "land_area": 0.21513, "total": 1689.0, "nh_white_alone": 87.0, "nh_black_alone": 1523.0, "nh_asian_alone": 0.0, "hispanic": 16.0, "other": 63.0 }, "geometry": { "type": "MultiPolygon", "coordinates": [ [ [ [ -87.616732, 41.823838 ], [ -87.612624, 41.823891 ], [ -87.612896, 41.82268 ], [ -87.613763, 41.818484 ], [ -87.613938, 41.817582 ], [ -87.61409, 41.816683 ], [ -87.616529, 41.816638 ], [ -87.616558, 41.817539 ], [ -87.616583, 41.818438 ], [ -87.616633, 41.820238 ], [ -87.616702, 41.822652 ], [ -87.616732, 41.823838 ] ] ] ] } },
{ "type": "Feature", "properties": { "geoid": "17031230500", "land_area": 0.526593, "total": 3673.0, "nh_white_alone": 95.0, "nh_black_alone": 847.0, "nh_asian_alone": 249.0, "hispanic": 2479.0, "other": 3.0 }, "geometry": { "type": "MultiPolygon", "coordinates": [ [ [ [ -87.741301, 41.913906 ], [ -87.737683, 41.91355 ], [ -87.731329, 41.913583 ], [ -87.72645, 41.913645 ], [ -87.72633, 41.909879 ], [ -87.728973, 41.909837 ], [ -87.731209, 41.909804 ], [ -87.731421, 41.909804 ], [ -87.73388, 41.909772 ], [ -87.741381, 41.909676 ], [ -87.741301, 41.913906 ] ] ] ] } },
{ "type": "Feature", "properties": { "geoid": "17031210601", "land_area": 0.273651, "total": 2429.0, "nh_white_alone": 805.0, "nh_black_alone": 43.0, "nh_asian_alone": 415.0, "hispanic": 1025.0, "other": 141.0 }, "geometry": { "type": "MultiPolygon", "coordinates": [ [ [ [ -87.717399, 41.939216 ], [ -87.712492, 41.939279 ], [ -87.708841, 41.93932 ], [ -87.707664, 41.938886 ], [ -87.707577, 41.937514 ], [ -87.707529, 41.935698 ], [ -87.708738, 41.935697 ], [ -87.709954, 41.935682 ], [ -87.712372, 41.935344 ], [ -87.71243, 41.937463 ], [ -87.714541, 41.937433 ], [ -87.717287, 41.935382 ], [ -87.717333, 41.937393 ], [ -87.717399, 41.939216 ] ] ] ] } },
{ "type": "Feature", "properties": { "geoid": "17031242700", "land_area": 0.175572, "total": 1880.0, "nh_white_alone": 892.0, "nh_black_alone": 212.0, "nh_asian_alone": 8.0, "hispanic": 659.0, "other": 109.0 }, "geometry": { "type": "MultiPolygon", "coordinates": [ [ [ [ -87.701881, 41.896418 ], [ -87.701951, 41.899238 ], [ -87.696791, 41.899283 ], [ -87.696703, 41.895654 ], [ -87.699911, 41.895629 ], [ -87.702204, 41.895595 ], [ -87.701881, 41.896418 ] ] ] ] } },
{ "type": "Feature", "properties": { "geoid": "17031242400", "land_area": 0.328052, "total": 3084.0, "nh_white_alone": 2457.0, "nh_black_alone": 36.0, "nh_asian_alone": 189.0, "hispanic": 329.0, "other": 73.0 }, "geometry": { "type": "MultiPolygon", "coordinates": [ [ [ [ -87.687027, 41.903016 ], [ -87.68458, 41.903061 ], [ -87.68214, 41.903107 ], [ -87.682119, 41.902172 ], [ -87.682046, 41.899466 ], [ -87.681949, 41.895827 ], [ -87.686843, 41.895743 ], [ -87.686936, 41.899379 ], [ -87.687027, 41.903016 ] ] ] ] } },
{ "type": "Feature", "properties": { "geoid": "17031241500", "land_area": 0.302473, "total": 2769.0, "nh_white_alone": 1805.0, "nh_black_alone": 27.0, "nh_asian_alone": 278.0, "hispanic": 364.0, "other": 295.0 }, "geometry": { "type": "MultiPolygon", "coordinates": [ [ [ [ -87.677463, 41.91047 ], [ -87.672576, 41.910561 ], [ -87.667692, 41.91063 ], [ -87.667625, 41.908358 ], [ -87.66759, 41.907007 ], [ -87.667542, 41.905108 ], [ -87.667513, 41.904017 ], [ -87.671362, 41.906477 ], [ -87.673679, 41.907956 ], [ -87.677463, 41.91047 ] ] ] ] } },
{ "type": "Feature", "properties": { "geoid": "17031241200", "land_area": 0.328117, "total": 1692.0, "nh_white_alone": 1100.0, "nh_black_alone": 136.0, "nh_asian_alone": 150.0, "hispanic": 233.0, "other": 73.0 }, "geometry": { "type": "MultiPolygon", "coordinates": [ [ [ [ -87.687221, 41.910321 ], [ -87.684782, 41.910357 ], [ -87.682347, 41.910393 ], [ -87.682246, 41.906746 ], [ -87.68214, 41.903107 ], [ -87.68458, 41.903061 ], [ -87.687027, 41.903016 ], [ -87.687123, 41.906666 ], [ -87.687221, 41.910321 ] ] ] ] } },
{ "type": "Feature", "properties": { "geoid": "17031061500", "land_area": 0.162913, "total": 1811.0, "nh_white_alone": 1338.0, "nh_black_alone": 77.0, "nh_asian_alone": 132.0, "hispanic": 86.0, "other": 178.0 }, "geometry": { "type": "MultiPolygon", "coordinates": [ [ [ [ -87.664015, 41.947068 ], [ -87.659168, 41.947149 ], [ -87.659122, 41.945316 ], [ -87.659073, 41.943493 ], [ -87.663917, 41.943418 ], [ -87.664015, 41.947068 ] ] ] ] } },
{ "type": "Feature", "properties": { "geoid": "17031061000", "land_area": 0.172816, "total": 2284.0, "nh_white_alone": 1499.0, "nh_black_alone": 73.0, "nh_asian_alone": 365.0, "hispanic": 184.0, "other": 163.0 }, "geometry": { "type": "MultiPolygon", "coordinates": [ [ [ [ -87.654444, 41.951124 ], [ -87.64962, 41.951198 ], [ -87.649542, 41.949115 ], [ -87.649486, 41.947315 ], [ -87.65433, 41.947245 ], [ -87.654384, 41.949043 ], [ -87.654444, 41.951124 ] ] ] ] } },
{ "type": "Feature", "properties": { "geoid": "17031050600", "land_area": 0.332314, "total": 2375.0, "nh_white_alone": 1875.0, "nh_black_alone": 23.0, "nh_asian_alone": 156.0, "hispanic": 152.0, "other": 169.0 }, "geometry": { "type": "MultiPolygon", "coordinates": [ [ [ [ -87.678754, 41.954162 ], [ -87.673794, 41.954225 ], [ -87.673717, 41.950578 ], [ -87.673625, 41.946928 ], [ -87.678553, 41.946864 ], [ -87.678605, 41.948687 ], [ -87.678654, 41.950509 ], [ -87.678754, 41.954162 ] ] ] ] } },
{ "type": "Feature", "properties": { "geoid": "17031040600", "land_area": 0.331259, "total": 2521.0, "nh_white_alone": 1737.0, "nh_black_alone": 120.0, "nh_asian_alone": 52.0, "hispanic": 428.0, "other": 184.0 }, "geometry": { "type": "MultiPolygon", "coordinates": [ [ [ [ -87.688907, 41.968615 ], [ -87.686474, 41.968647 ], [ -87.682865, 41.968702 ], [ -87.682419, 41.968708 ], [ -87.680408, 41.968739 ], [ -87.679186, 41.968756 ], [ -87.679083, 41.965096 ], [ -87.680698, 41.965073 ], [ -87.687576, 41.96489 ], [ -87.68818, 41.96488 ], [ -87.688791, 41.964868 ], [ -87.688816, 41.965738 ], [ -87.688828, 41.966072 ], [ -87.688907, 41.968615 ] ] ] ] } },
{ "type": "Feature", "properties": { "geoid": "17031030800", "land_area": 0.567414, "total": 4610.0, "nh_white_alone": 3223.0, "nh_black_alone": 200.0, "nh_asian_alone": 221.0, "hispanic": 555.0, "other": 411.0 }, "geometry": { "type": "MultiPolygon", "coordinates": [ [ [ [ -87.668757, 41.98349 ], [ -87.663551, 41.98357 ], [ -87.660069, 41.983622 ], [ -87.660018, 41.981798 ], [ -87.659968, 41.979971 ], [ -87.659918, 41.978144 ], [ -87.659866, 41.976323 ], [ -87.664752, 41.976248 ], [ -87.668417, 41.976191 ], [ -87.66835, 41.978019 ], [ -87.668279, 41.979844 ], [ -87.668429, 41.98167 ], [ -87.668757, 41.98349 ] ] ] ] } },
{ "type": "Feature", "properties": { "geoid": "17031020601", "land_area": 0.591329, "total": 6275.0, "nh_white_alone": 2798.0, "nh_black_alone": 261.0, "nh_asian_alone": 1487.0, "hispanic": 896.0, "other": 833.0 }, "geometry": { "type": "MultiPolygon", "coordinates": [ [ [ [ -87.708237, 41.999232 ], [ -87.705799, 41.999277 ], [ -87.70584, 42.001098 ], [ -87.704604, 42.002933 ], [ -87.704603, 42.004754 ], [ -87.699829, 42.004851 ], [ -87.697384, 42.004893 ], [ -87.697298, 42.001238 ], [ -87.697205, 41.997602 ], [ -87.699642, 41.997561 ], [ -87.70086, 41.997539 ], [ -87.704514, 41.997476 ], [ -87.708162, 41.99741 ], [ -87.708237, 41.999232 ] ] ] ] } },
{ "type": "Feature", "properties": { "geoid": "17031191200", "land_area": 0.705577, "total": 3836.0, "nh_white_alone": 152.0, "nh_black_alone": 68.0, "nh_asian_alone": 1.0, "hispanic": 3600.0, "other": 15.0 }, "geometry": { "type": "MultiPolygon", "coordinates": [ [ [ [ -87.765991, 41.923981 ], [ -87.761068, 41.924045 ], [ -87.756146, 41.924107 ], [ -87.756042, 41.920458 ], [ -87.755991, 41.918652 ], [ -87.755895, 41.915709 ], [ -87.76079, 41.916261 ], [ -87.763609, 41.91655 ], [ -87.765745, 41.916624 ], [ -87.765747, 41.916682 ], [ -87.765806, 41.918763 ], [ -87.765922, 41.92216 ], [ -87.765991, 41.923981 ] ] ] ] } },
{ "type": "Feature", "properties": { "geoid": "17031161100", "land_area": 0.57683, "total": 2098.0, "nh_white_alone": 1346.0, "nh_black_alone": 161.0, "nh_asian_alone": 89.0, "hispanic": 395.0, "other": 107.0 }, "geometry": { "type": "MultiPolygon", "coordinates": [ [ [ [ -87.74275, 41.953474 ], [ -87.740966, 41.953491 ], [ -87.735436, 41.953559 ], [ -87.73397, 41.953578 ], [ -87.73386, 41.949953 ], [ -87.733748, 41.946293 ], [ -87.735627, 41.946267 ], [ -87.737204, 41.946248 ], [ -87.739014, 41.946224 ], [ -87.739319, 41.946221 ], [ -87.742361, 41.946185 ], [ -87.74243, 41.949838 ], [ -87.742525, 41.953007 ], [ -87.74275, 41.953474 ] ] ] ] } },
{ "type": "Feature", "properties": { "geoid": "17031151100", "land_area": 0.660846, "total": 5408.0, "nh_white_alone": 2204.0, "nh_black_alone": 325.0, "nh_asian_alone": 159.0, "hispanic": 2687.0, "other": 33.0 }, "geometry": { "type": "MultiPolygon", "coordinates": [ [ [ [ -87.766756, 41.945877 ], [ -87.766142, 41.945884 ], [ -87.76553, 41.945892 ], [ -87.764298, 41.945908 ], [ -87.761836, 41.945941 ], [ -87.756921, 41.946001 ], [ -87.756807, 41.942351 ], [ -87.75678, 41.941438 ], [ -87.75669, 41.9387 ], [ -87.761596, 41.938638 ], [ -87.7665, 41.938575 ], [ -87.766596, 41.941314 ], [ -87.766628, 41.942228 ], [ -87.766725, 41.944964 ], [ -87.766756, 41.945877 ] ] ] ] } },
{ "type": "Feature", "properties": { "geoid": "17031140701", "land_area": 0.228328, "total": 2870.0, "nh_white_alone": 668.0, "nh_black_alone": 87.0, "nh_asian_alone": 673.0, "hispanic": 1315.0, "other": 127.0 }, "geometry": { "type": "MultiPolygon", "coordinates": [ [ [ [ -87.718255, 41.968348 ], [ -87.714588, 41.968389 ], [ -87.713363, 41.968401 ], [ -87.708472, 41.968452 ], [ -87.708418, 41.96663 ], [ -87.708386, 41.965584 ], [ -87.708989, 41.96558 ], [ -87.710817, 41.96512 ], [ -87.713261, 41.965103 ], [ -87.713308, 41.966583 ], [ -87.718196, 41.966529 ], [ -87.718255, 41.968348 ] ] ] ] } },
{ "type": "Feature", "properties": { "geoid": "17031110300", "land_area": 1.210672, "total": 5183.0, "nh_white_alone": 3014.0, "nh_black_alone": 12.0, "nh_asian_alone": 468.0, "hispanic": 1584.0, "other": 105.0 }, "geometry": { "type": "MultiPolygon", "coordinates": [ [ [ [ -87.787982, 41.970225 ], [ -87.787906, 41.973842 ], [ -87.787874, 41.975653 ], [ -87.78786, 41.976286 ], [ -87.787805, 41.979272 ], [ -87.787752, 41.982061 ], [ -87.787735, 41.982899 ], [ -87.783527, 41.982912 ], [ -87.778085, 41.979829 ], [ -87.778151, 41.978614 ], [ -87.778143, 41.977481 ], [ -87.778216, 41.973929 ], [ -87.778232, 41.973172 ], [ -87.778288, 41.970305 ], [ -87.778234, 41.968533 ], [ -87.786772, 41.968427 ], [ -87.78801, 41.968867 ], [ -87.787982, 41.970225 ] ] ] ] } },
{ "type": "Feature", "properties": { "geoid": "17031090100", "land_area": 0.933427, "total": 3567.0, "nh_white_alone": 2905.0, "nh_black_alone": 10.0, "nh_asian_alone": 100.0, "hispanic": 498.0, "other": 54.0 }, "geometry": { "type": "MultiPolygon", "coordinates": [ [ [ [ -87.821213, 42.01864 ], [ -87.816327, 42.018749 ], [ -87.813881, 42.018802 ], [ -87.80757, 42.018946 ], [ -87.806547, 42.018965 ], [ -87.806564, 42.017822 ], [ -87.806593, 42.015337 ], [ -87.806638, 42.011713 ], [ -87.812233, 42.011567 ], [ -87.813941, 42.011521 ], [ -87.816416, 42.011456 ], [ -87.819731, 42.011384 ], [ -87.820017, 42.011935 ], [ -87.82007, 42.015015 ], [ -87.820651, 42.015536 ], [ -87.821213, 42.01864 ] ] ] ] } },
{ "type": "Feature", "properties": { "geoid": "17031080400", "land_area": 0.327241, "total": 5415.0, "nh_white_alone": 1576.0, "nh_black_alone": 3050.0, "nh_asian_alone": 344.0, "hispanic": 126.0, "other": 319.0 }, "geometry": { "type": "MultiPolygon", "coordinates": [ [ [ [ -87.643431, 41.911018 ], [ -87.643064, 41.911043 ], [ -87.641017, 41.911076 ], [ -87.638592, 41.911115 ], [ -87.63859, 41.911044 ], [ -87.638573, 41.910495 ], [ -87.638484, 41.907601 ], [ -87.638453, 41.906634 ], [ -87.63845, 41.90652 ], [ -87.63837, 41.903793 ], [ -87.64322, 41.903716 ], [ -87.643299, 41.906447 ], [ -87.643431, 41.911018 ] ] ] ] } },
{ "type": "Feature", "properties": { "geoid": "17031071300", "land_area": 0.309582, "total": 4123.0, "nh_white_alone": 3098.0, "nh_black_alone": 2.0, "nh_asian_alone": 375.0, "hispanic": 392.0, "other": 256.0 }, "geometry": { "type": "MultiPolygon", "coordinates": [ [ [ [ -87.643927, 41.925532 ], [ -87.641502, 41.925569 ], [ -87.640479, 41.925585 ], [ -87.639779, 41.924455 ], [ -87.638978, 41.922772 ], [ -87.638937, 41.921961 ], [ -87.638816, 41.918322 ], [ -87.641246, 41.918286 ], [ -87.643667, 41.918253 ], [ -87.643787, 41.921888 ], [ -87.643927, 41.925532 ] ] ] ] } },
{ "type": "Feature", "properties": { "geoid": "17031070400", "land_area": 0.324362, "total": 3433.0, "nh_white_alone": 2585.0, "nh_black_alone": 43.0, "nh_asian_alone": 357.0, "hispanic": 312.0, "other": 136.0 }, "geometry": { "type": "MultiPolygon", "coordinates": [ [ [ [ -87.65871, 41.932556 ], [ -87.653859, 41.932638 ], [ -87.653703, 41.928101 ], [ -87.653613, 41.925376 ], [ -87.658453, 41.925292 ], [ -87.658516, 41.927108 ], [ -87.658532, 41.927767 ], [ -87.65871, 41.932556 ] ] ] ] } },
{ "type": "Feature", "properties": { "geoid": "17031020100", "land_area": 0.411155, "total": 4159.0, "nh_white_alone": 870.0, "nh_black_alone": 1640.0, "nh_asian_alone": 460.0, "hispanic": 873.0, "other": 316.0 }, "geometry": { "type": "MultiPolygon", "coordinates": [ [ [ [ -87.690203, 42.016818 ], [ -87.690197, 42.017437 ], [ -87.690174, 42.019528 ], [ -87.684653, 42.019485 ], [ -87.684083, 42.015151 ], [ -87.683688, 42.014035 ], [ -87.683086, 42.012323 ], [ -87.690247, 42.01228 ], [ -87.690203, 42.016818 ] ] ] ] } },
{ "type": "Feature", "properties": { "geoid": "17031030701", "land_area": 0.069878, "total": 1516.0, "nh_white_alone": 719.0, "nh_black_alone": 440.0, "nh_asian_alone": 131.0, "hispanic": 184.0, "other": 42.0 }, "geometry": { "type": "MultiPolygon", "coordinates": [ [ [ [ -87.660069, 41.983622 ], [ -87.656609, 41.983683 ], [ -87.655915, 41.983692 ], [ -87.655864, 41.981867 ], [ -87.657266, 41.981843 ], [ -87.660018, 41.981798 ], [ -87.660069, 41.983622 ] ] ] ] } },
{ "type": "Feature", "properties": { "geoid": "17031062100", "land_area": 0.244805, "total": 3841.0, "nh_white_alone": 2983.0, "nh_black_alone": 20.0, "nh_asian_alone": 375.0, "hispanic": 417.0, "other": 46.0 }, "geometry": { "type": "MultiPolygon", "coordinates": [ [ [ [ -87.654272, 41.945396 ], [ -87.64943, 41.945461 ], [ -87.649404, 41.944529 ], [ -87.649375, 41.943616 ], [ -87.649358, 41.942709 ], [ -87.649327, 41.941796 ], [ -87.649267, 41.939981 ], [ -87.653364, 41.939919 ], [ -87.654106, 41.939912 ], [ -87.654163, 41.941742 ], [ -87.65422, 41.943571 ], [ -87.654245, 41.944466 ], [ -87.654272, 41.945396 ] ] ] ] } },
{ "type": "Feature", "properties": { "geoid": "17031071800", "land_area": 0.32337, "total": 2860.0, "nh_white_alone": 2079.0, "nh_black_alone": 285.0, "nh_asian_alone": 242.0, "hispanic": 212.0, "other": 42.0 }, "geometry": { "type": "MultiPolygon", "coordinates": [ [ [ [ -87.648509, 41.91818 ], [ -87.647312, 41.918194 ], [ -87.643667, 41.918253 ], [ -87.64355, 41.914625 ], [ -87.643525, 41.913898 ], [ -87.64349, 41.91281 ], [ -87.643431, 41.911018 ], [ -87.647076, 41.910937 ], [ -87.648272, 41.91092 ], [ -87.648361, 41.913827 ], [ -87.648509, 41.91818 ] ] ] ] } },
{ "type": "Feature", "properties": { "geoid": "17031030102", "land_area": 0.11333, "total": 3374.0, "nh_white_alone": 1627.0, "nh_black_alone": 418.0, "nh_asian_alone": 845.0, "hispanic": 416.0, "other": 68.0 }, "geometry": { "type": "MultiPolygon", "coordinates": [ [ [ [ -87.660406, 41.994553 ], [ -87.65765, 41.994586 ], [ -87.655512, 41.994164 ], [ -87.654910614792598, 41.994169626070601 ], [ -87.654774486786195, 41.993396774110501 ], [ -87.654671203449496, 41.992810394193 ], [ -87.654593827790904, 41.992371102301803 ], [ -87.655457, 41.992359 ], [ -87.656186, 41.992348 ], [ -87.657584, 41.992327 ], [ -87.657598, 41.992773 ], [ -87.658285, 41.992317 ], [ -87.660339, 41.992286 ], [ -87.660406, 41.994553 ] ] ] ] } },
{ "type": "Feature", "properties": { "geoid": "17031838200", "land_area": 1.15129, "total": 1606.0, "nh_white_alone": 427.0, "nh_black_alone": 436.0, "nh_asian_alone": 434.0, "hispanic": 258.0, "other": 51.0 }, "geometry": { "type": "MultiPolygon", "coordinates": [ [ [ [ -87.683781, 41.873927 ], [ -87.676456, 41.874043 ], [ -87.674859, 41.874067 ], [ -87.666686, 41.874251 ], [ -87.666616, 41.871626 ], [ -87.666549, 41.869261 ], [ -87.666414, 41.866855 ], [ -87.68359, 41.866647 ], [ -87.683654, 41.869012 ], [ -87.683781, 41.873927 ] ] ] ] } },
{ "type": "Feature", "properties": { "geoid": "17031351500", "land_area": 0.166221, "total": 973.0, "nh_white_alone": 113.0, "nh_black_alone": 651.0, "nh_asian_alone": 66.0, "hispanic": 130.0, "other": 13.0 }, "geometry": { "type": "MultiPolygon", "coordinates": [ [ [ [ -87.629094, 41.82733 ], [ -87.6289, 41.82767 ], [ -87.628996, 41.830975 ], [ -87.626644, 41.831014 ], [ -87.626475, 41.827361 ], [ -87.626422, 41.823714 ], [ -87.628618, 41.823685 ], [ -87.628968, 41.823681 ], [ -87.629094, 41.82733 ] ] ] ] } },
{ "type": "Feature", "properties": { "geoid": "17031430102", "land_area": 0.454086, "total": 3582.0, "nh_white_alone": 128.0, "nh_black_alone": 3217.0, "nh_asian_alone": 17.0, "hispanic": 49.0, "other": 171.0 }, "geometry": { "type": "MultiPolygon", "coordinates": [ [ [ [ -87.571509, 41.769854 ], [ -87.568243, 41.769887 ], [ -87.566548, 41.769906 ], [ -87.566811, 41.773559 ], [ -87.5661377446892, 41.773593685544398 ], [ -87.563409037728206, 41.7711622242903 ], [ -87.560399250744098, 41.768480301848797 ], [ -87.560363, 41.768448 ], [ -87.560442208329405, 41.7663424985898 ], [ -87.564705, 41.766313 ], [ -87.566484, 41.766318 ], [ -87.568151, 41.766296 ], [ -87.571397, 41.766262 ], [ -87.571456, 41.768029 ], [ -87.571509, 41.769854 ] ] ] ] } },
{ "type": "Feature", "properties": { "geoid": "17031251000", "land_area": 0.466955, "total": 1196.0, "nh_white_alone": 0.0, "nh_black_alone": 719.0, "nh_asian_alone": 0.0, "hispanic": 477.0, "other": 0.0 }, "geometry": { "type": "MultiPolygon", "coordinates": [ [ [ [ -87.74842, 41.902327 ], [ -87.745978, 41.902352 ], [ -87.741518, 41.902427 ], [ -87.74148, 41.898772 ], [ -87.741203, 41.895093 ], [ -87.745807, 41.895004 ], [ -87.748258, 41.894985 ], [ -87.748341, 41.898655 ], [ -87.74842, 41.902327 ] ] ] ] } },
{ "type": "Feature", "properties": { "geoid": "17031280100", "land_area": 0.581716, "total": 7742.0, "nh_white_alone": 5121.0, "nh_black_alone": 404.0, "nh_asian_alone": 1390.0, "hispanic": 343.0, "other": 484.0 }, "geometry": { "type": "MultiPolygon", "coordinates": [ [ [ [ -87.647622, 41.889049 ], [ -87.644334, 41.889034 ], [ -87.639973, 41.889048 ], [ -87.639356, 41.889081 ], [ -87.63871, 41.887241 ], [ -87.637685, 41.886456 ], [ -87.637778, 41.885722 ], [ -87.637864, 41.884874 ], [ -87.638161, 41.88319 ], [ -87.638248, 41.881898 ], [ -87.641193, 41.88186 ], [ -87.642661, 41.881838 ], [ -87.646001, 41.88179 ], [ -87.64736, 41.881778 ], [ -87.647622, 41.889049 ] ] ] ] } },
{ "type": "Feature", "properties": { "geoid": "17031461000", "land_area": 0.561859, "total": 1230.0, "nh_white_alone": 81.0, "nh_black_alone": 704.0, "nh_asian_alone": 0.0, "hispanic": 439.0, "other": 6.0 }, "geometry": { "type": "MultiPolygon", "coordinates": [ [ [ [ -87.555405, 41.730014 ], [ -87.541497, 41.730201 ], [ -87.541483, 41.729725 ], [ -87.540583, 41.730524 ], [ -87.5398, 41.730036 ], [ -87.539326, 41.728639 ], [ -87.542177, 41.726385 ], [ -87.542919, 41.72286 ], [ -87.545677, 41.722821 ], [ -87.552582, 41.727747 ], [ -87.555653, 41.729961 ], [ -87.555405, 41.730014 ] ] ] ] } },
{ "type": "Feature", "properties": { "geoid": "17031660301", "land_area": 0.163782, "total": 1818.0, "nh_white_alone": 47.0, "nh_black_alone": 552.0, "nh_asian_alone": 0.0, "hispanic": 1219.0, "other": 0.0 }, "geometry": { "type": "MultiPolygon", "coordinates": [ [ [ [ -87.703188, 41.780795 ], [ -87.700752, 41.780826 ], [ -87.693445, 41.780939 ], [ -87.693392, 41.779116 ], [ -87.694611, 41.779099 ], [ -87.698266, 41.779044 ], [ -87.703137, 41.778973 ], [ -87.703188, 41.780795 ] ] ] ] } },
{ "type": "Feature", "properties": { "geoid": "17031671900", "land_area": 0.322062, "total": 1541.0, "nh_white_alone": 0.0, "nh_black_alone": 1172.0, "nh_asian_alone": 28.0, "hispanic": 341.0, "other": 0.0 }, "geometry": { "type": "MultiPolygon", "coordinates": [ [ [ [ -87.663796, 41.764909 ], [ -87.658967, 41.764981 ], [ -87.658825, 41.759524 ], [ -87.658777, 41.757734 ], [ -87.663607, 41.757677 ], [ -87.66364, 41.759454 ], [ -87.663796, 41.764909 ] ] ] ] } },
{ "type": "Feature", "properties": { "geoid": "17031690500", "land_area": 0.323161, "total": 704.0, "nh_white_alone": 33.0, "nh_black_alone": 671.0, "nh_asian_alone": 0.0, "hispanic": 0.0, "other": 0.0 }, "geometry": { "type": "MultiPolygon", "coordinates": [ [ [ [ -87.61545, 41.77297 ], [ -87.612181, 41.770582 ], [ -87.610517, 41.769406 ], [ -87.605586, 41.765881 ], [ -87.609225, 41.765813 ], [ -87.612845, 41.765752 ], [ -87.615262, 41.765711 ], [ -87.615355, 41.76934 ], [ -87.6154, 41.77097 ], [ -87.61545, 41.77297 ] ] ] ] } },
{ "type": "Feature", "properties": { "geoid": "17031837800", "land_area": 1.005364, "total": 2467.0, "nh_white_alone": 530.0, "nh_black_alone": 1655.0, "nh_asian_alone": 80.0, "hispanic": 202.0, "other": 0.0 }, "geometry": { "type": "MultiPolygon", "coordinates": [ [ [ [ -87.692277, 41.884403 ], [ -87.691592, 41.88443 ], [ -87.690304, 41.887674 ], [ -87.687092, 41.888415 ], [ -87.686623, 41.888527 ], [ -87.685993, 41.888572 ], [ -87.68174, 41.888641 ], [ -87.676846, 41.88872 ], [ -87.67669, 41.883147 ], [ -87.676642, 41.881314 ], [ -87.681529, 41.881198 ], [ -87.68396, 41.881159 ], [ -87.686431, 41.881162 ], [ -87.691505, 41.881113 ], [ -87.692162, 41.881106 ], [ -87.692231, 41.882941 ], [ -87.692277, 41.884403 ] ] ] ] } },
{ "type": "Feature", "properties": { "geoid": "17031835500", "land_area": 0.914014, "total": 1545.0, "nh_white_alone": 45.0, "nh_black_alone": 1157.0, "nh_asian_alone": 12.0, "hispanic": 173.0, "other": 158.0 }, "geometry": { "type": "MultiPolygon", "coordinates": [ [ [ [ -87.636354, 41.823583 ], [ -87.631339, 41.823646 ], [ -87.630296, 41.823662 ], [ -87.629357, 41.823676 ], [ -87.629191, 41.819161 ], [ -87.629126, 41.816451 ], [ -87.628916, 41.809185 ], [ -87.635839, 41.809046 ], [ -87.635996, 41.81635 ], [ -87.635205, 41.816358 ], [ -87.636036, 41.818152 ], [ -87.636151, 41.821833 ], [ -87.636354, 41.823583 ] ] ] ] } },
{ "type": "Feature", "properties": { "geoid": "17043840802", "land_area": 2.584822, "total": 5859.0, "nh_white_alone": 2675.0, "nh_black_alone": 104.0, "nh_asian_alone": 120.0, "hispanic": 2843.0, "other": 117.0 }, "geometry": { "type": "MultiPolygon", "coordinates": [ [ [ [ -87.959313, 41.947652 ], [ -87.95931, 41.948298 ], [ -87.959299, 41.949807 ], [ -87.959296, 41.950264 ], [ -87.959291, 41.951546 ], [ -87.959291, 41.951855 ], [ -87.959476, 41.95399 ], [ -87.959244, 41.955136 ], [ -87.959242, 41.957087 ], [ -87.95924, 41.959451 ], [ -87.959238, 41.95967 ], [ -87.959214, 41.960866 ], [ -87.948938, 41.960945 ], [ -87.945773, 41.960944 ], [ -87.939229, 41.960889 ], [ -87.939139, 41.95888 ], [ -87.939001, 41.958485 ], [ -87.93962, 41.958485 ], [ -87.939608, 41.956685 ], [ -87.939588, 41.955054 ], [ -87.941057, 41.955458 ], [ -87.941066, 41.95011 ], [ -87.943934, 41.950062 ], [ -87.943941, 41.947986 ], [ -87.941074, 41.948044 ], [ -87.941084, 41.945885 ], [ -87.952953, 41.945637 ], [ -87.953103, 41.945634 ], [ -87.959657, 41.945546 ], [ -87.959313, 41.947652 ] ] ] ] } },
{ "type": "Feature", "properties": { "geoid": "17031805402", "land_area": 1.975529, "total": 4906.0, "nh_white_alone": 2723.0, "nh_black_alone": 4.0, "nh_asian_alone": 1670.0, "hispanic": 373.0, "other": 136.0 }, "geometry": { "type": "MultiPolygon", "coordinates": [ [ [ [ -87.816223, 42.029646 ], [ -87.816168, 42.033284 ], [ -87.816121, 42.036935 ], [ -87.816087, 42.040575 ], [ -87.806283, 42.040816 ], [ -87.806329, 42.037161 ], [ -87.806386, 42.033623 ], [ -87.806389, 42.033504 ], [ -87.806423, 42.029978 ], [ -87.806424, 42.029856 ], [ -87.806445, 42.026279 ], [ -87.806516, 42.021481 ], [ -87.806547, 42.018965 ], [ -87.80757, 42.018946 ], [ -87.813881, 42.018802 ], [ -87.816327, 42.018749 ], [ -87.816315, 42.020557 ], [ -87.816269, 42.025993 ], [ -87.816239, 42.028194 ], [ -87.816126, 42.028322 ], [ -87.817316, 42.029613 ], [ -87.816223, 42.029646 ] ] ] ] } },
{ "type": "Feature", "properties": { "geoid": "17031836500", "land_area": 0.468075, "total": 1680.0, "nh_white_alone": 166.0, "nh_black_alone": 1352.0, "nh_asian_alone": 0.0, "hispanic": 125.0, "other": 37.0 }, "geometry": { "type": "MultiPolygon", "coordinates": [ [ [ [ -87.609556, 41.831197 ], [ -87.602732637513597, 41.831346979356297 ], [ -87.602388173410901, 41.8306349088597 ], [ -87.600549, 41.826833 ], [ -87.599430635696507, 41.825464492891001 ], [ -87.600914, 41.825235 ], [ -87.603469, 41.824294 ], [ -87.604955, 41.823779 ], [ -87.606515, 41.82337 ], [ -87.606895, 41.824002 ], [ -87.608825, 41.827722 ], [ -87.607535, 41.828115 ], [ -87.609556, 41.831197 ] ] ] ] } },
{ "type": "Feature", "properties": { "geoid": "17031250700", "land_area": 0.662318, "total": 6676.0, "nh_white_alone": 124.0, "nh_black_alone": 4665.0, "nh_asian_alone": 0.0, "hispanic": 1492.0, "other": 395.0 }, "geometry": { "type": "MultiPolygon", "coordinates": [ [ [ [ -87.765848, 41.907566 ], [ -87.765724, 41.909379 ], [ -87.76342, 41.909404 ], [ -87.762995, 41.909409 ], [ -87.759684, 41.90945 ], [ -87.755796, 41.909501 ], [ -87.755926, 41.909 ], [ -87.75586, 41.905875 ], [ -87.755774, 41.902249 ], [ -87.758246, 41.902221 ], [ -87.760932, 41.902192 ], [ -87.763825, 41.902164 ], [ -87.765654, 41.902145 ], [ -87.765719, 41.903952 ], [ -87.765785, 41.905759 ], [ -87.765848, 41.907566 ] ] ] ] } },
{ "type": "Feature", "properties": { "geoid": "17031230900", "land_area": 0.451725, "total": 4792.0, "nh_white_alone": 1461.0, "nh_black_alone": 177.0, "nh_asian_alone": 118.0, "hispanic": 2979.0, "other": 57.0 }, "geometry": { "type": "MultiPolygon", "coordinates": [ [ [ [ -87.71436, 41.910026 ], [ -87.713305, 41.910037 ], [ -87.711901, 41.910059 ], [ -87.706877, 41.910147 ], [ -87.707, 41.909855 ], [ -87.706903, 41.906477 ], [ -87.70679, 41.90285 ], [ -87.711675, 41.902788 ], [ -87.711734, 41.904611 ], [ -87.714178, 41.904586 ], [ -87.71436, 41.910026 ] ] ] ] } },
{ "type": "Feature", "properties": { "geoid": "17031230600", "land_area": 1.010886, "total": 8582.0, "nh_white_alone": 1110.0, "nh_black_alone": 2265.0, "nh_asian_alone": 0.0, "hispanic": 5207.0, "other": 0.0 }, "geometry": { "type": "MultiPolygon", "coordinates": [ [ [ [ -87.741657, 41.907754 ], [ -87.741381, 41.909676 ], [ -87.73388, 41.909772 ], [ -87.731421, 41.909804 ], [ -87.731209, 41.909804 ], [ -87.728973, 41.909837 ], [ -87.72633, 41.909879 ], [ -87.726491, 41.909354 ], [ -87.726408, 41.906156 ], [ -87.726386, 41.905376 ], [ -87.726303, 41.902671 ], [ -87.731225, 41.902592 ], [ -87.733683, 41.902554 ], [ -87.736146, 41.902513 ], [ -87.741518, 41.902427 ], [ -87.741657, 41.907754 ] ] ] ] } },
{ "type": "Feature", "properties": { "geoid": "17031222600", "land_area": 0.160604, "total": 1465.0, "nh_white_alone": 643.0, "nh_black_alone": 42.0, "nh_asian_alone": 100.0, "hispanic": 596.0, "other": 84.0 }, "geometry": { "type": "MultiPolygon", "coordinates": [ [ [ [ -87.706976, 41.917402 ], [ -87.702089, 41.917445 ], [ -87.701979, 41.913885 ], [ -87.706864, 41.913828 ], [ -87.706976, 41.917402 ] ] ] ] } },
{ "type": "Feature", "properties": { "geoid": "17031222200", "land_area": 0.231074, "total": 2151.0, "nh_white_alone": 1785.0, "nh_black_alone": 16.0, "nh_asian_alone": 78.0, "hispanic": 170.0, "other": 102.0 }, "geometry": { "type": "MultiPolygon", "coordinates": [ [ [ [ -87.68741, 41.917568 ], [ -87.686919, 41.917574 ], [ -87.684959, 41.917615 ], [ -87.682519, 41.917659 ], [ -87.680096, 41.917707 ], [ -87.68005, 41.916188 ], [ -87.680014, 41.91467 ], [ -87.682447, 41.914619 ], [ -87.68242, 41.913582 ], [ -87.683155, 41.914059 ], [ -87.684682, 41.914035 ], [ -87.687316, 41.913995 ], [ -87.687362, 41.915701 ], [ -87.68741, 41.917568 ] ] ] ] } },
{ "type": "Feature", "properties": { "geoid": "17031220400", "land_area": 0.329548, "total": 2530.0, "nh_white_alone": 1498.0, "nh_black_alone": 85.0, "nh_asian_alone": 167.0, "hispanic": 683.0, "other": 97.0 }, "geometry": { "type": "MultiPolygon", "coordinates": [ [ [ [ -87.702522, 41.932059 ], [ -87.700073, 41.932079 ], [ -87.697618, 41.932096 ], [ -87.697515, 41.928466 ], [ -87.697413, 41.924807 ], [ -87.698636, 41.924796 ], [ -87.702318, 41.924763 ], [ -87.702347, 41.925968 ], [ -87.702522, 41.932059 ] ] ] ] } },
{ "type": "Feature", "properties": { "geoid": "17031210400", "land_area": 0.421549, "total": 3095.0, "nh_white_alone": 536.0, "nh_black_alone": 152.0, "nh_asian_alone": 84.0, "hispanic": 2172.0, "other": 151.0 }, "geometry": { "type": "MultiPolygon", "coordinates": [ [ [ [ -87.734567, 41.938995 ], [ -87.732994, 41.939016 ], [ -87.729644, 41.939062 ], [ -87.727185, 41.939095 ], [ -87.72708, 41.935431 ], [ -87.726979, 41.93179 ], [ -87.731461, 41.931734 ], [ -87.735212, 41.938986 ], [ -87.734567, 41.938995 ] ] ] ] } },
{ "type": "Feature", "properties": { "geoid": "17031240200", "land_area": 0.166088, "total": 1743.0, "nh_white_alone": 1103.0, "nh_black_alone": 42.0, "nh_asian_alone": 93.0, "hispanic": 467.0, "other": 38.0 }, "geometry": { "type": "MultiPolygon", "coordinates": [ [ [ [ -87.672667, 41.91425 ], [ -87.667802, 41.914329 ], [ -87.667692, 41.91063 ], [ -87.672576, 41.910561 ], [ -87.672667, 41.91425 ] ] ] ] } },
{ "type": "Feature", "properties": { "geoid": "17031062700", "land_area": 0.325098, "total": 3152.0, "nh_white_alone": 2281.0, "nh_black_alone": 58.0, "nh_asian_alone": 351.0, "hispanic": 258.0, "other": 204.0 }, "geometry": { "type": "MultiPolygon", "coordinates": [ [ [ [ -87.668662, 41.939697 ], [ -87.666242, 41.93973 ], [ -87.663821, 41.939765 ], [ -87.663655, 41.935208 ], [ -87.663624, 41.934297 ], [ -87.663568, 41.93248 ], [ -87.665985, 41.932441 ], [ -87.668394, 41.932404 ], [ -87.668461, 41.934227 ], [ -87.668531, 41.936049 ], [ -87.668662, 41.939697 ] ] ] ] } },
{ "type": "Feature", "properties": { "geoid": "17031061800", "land_area": 0.082769, "total": 1152.0, "nh_white_alone": 779.0, "nh_black_alone": 40.0, "nh_asian_alone": 172.0, "hispanic": 108.0, "other": 53.0 }, "geometry": { "type": "MultiPolygon", "coordinates": [ [ [ [ -87.649486, 41.947315 ], [ -87.64738, 41.947325 ], [ -87.645549, 41.947929 ], [ -87.644426, 41.946081 ], [ -87.646148, 41.945502 ], [ -87.649219, 41.94544 ], [ -87.64943, 41.945461 ], [ -87.649486, 41.947315 ] ] ] ] } },
{ "type": "Feature", "properties": { "geoid": "17031060500", "land_area": 0.228276, "total": 1329.0, "nh_white_alone": 905.0, "nh_black_alone": 99.0, "nh_asian_alone": 77.0, "hispanic": 211.0, "other": 37.0 }, "geometry": { "type": "MultiPolygon", "coordinates": [ [ [ [ -87.664215, 41.954355 ], [ -87.66225, 41.954378 ], [ -87.656792, 41.954452 ], [ -87.656848, 41.953972 ], [ -87.656806, 41.951087 ], [ -87.659269, 41.951048 ], [ -87.664125, 41.950976 ], [ -87.664215, 41.954355 ] ] ] ] } },
{ "type": "Feature", "properties": { "geoid": "17031060100", "land_area": 0.325545, "total": 2895.0, "nh_white_alone": 2199.0, "nh_black_alone": 30.0, "nh_asian_alone": 108.0, "hispanic": 383.0, "other": 175.0 }, "geometry": { "type": "MultiPolygon", "coordinates": [ [ [ [ -87.669258, 41.961592 ], [ -87.667726, 41.961612 ], [ -87.665954, 41.961635 ], [ -87.664258, 41.957621 ], [ -87.66225, 41.954378 ], [ -87.664215, 41.954355 ], [ -87.667519, 41.95431 ], [ -87.669049, 41.95429 ], [ -87.669099, 41.956128 ], [ -87.669152, 41.95795 ], [ -87.669258, 41.961592 ] ] ] ] } },
{ "type": "Feature", "properties": { "geoid": "17031051000", "land_area": 0.166636, "total": 1641.0, "nh_white_alone": 1217.0, "nh_black_alone": 94.0, "nh_asian_alone": 149.0, "hispanic": 75.0, "other": 106.0 }, "geometry": { "type": "MultiPolygon", "coordinates": [ [ [ [ -87.688243, 41.94274 ], [ -87.688153, 41.943098 ], [ -87.685727, 41.943125 ], [ -87.683301, 41.943157 ], [ -87.683225, 41.940425 ], [ -87.683201, 41.939513 ], [ -87.688052, 41.93946 ], [ -87.688173, 41.939461 ], [ -87.688243, 41.94274 ] ] ] ] } },
{ "type": "Feature", "properties": { "geoid": "17031050700", "land_area": 0.164326, "total": 1470.0, "nh_white_alone": 1183.0, "nh_black_alone": 15.0, "nh_asian_alone": 54.0, "hispanic": 172.0, "other": 46.0 }, "geometry": { "type": "MultiPolygon", "coordinates": [ [ [ [ -87.678553, 41.946864 ], [ -87.673625, 41.946928 ], [ -87.67356, 41.943277 ], [ -87.678453, 41.943216 ], [ -87.678553, 41.946864 ] ] ] ] } },
{ "type": "Feature", "properties": { "geoid": "17031830800", "land_area": 0.336529, "total": 2603.0, "nh_white_alone": 1849.0, "nh_black_alone": 137.0, "nh_asian_alone": 228.0, "hispanic": 338.0, "other": 51.0 }, "geometry": { "type": "MultiPolygon", "coordinates": [ [ [ [ -87.679186, 41.968756 ], [ -87.677697, 41.968776 ], [ -87.674174, 41.968822 ], [ -87.674078, 41.965169 ], [ -87.674026, 41.963349 ], [ -87.673977, 41.961525 ], [ -87.677488, 41.961473 ], [ -87.678959, 41.961458 ], [ -87.679029, 41.963274 ], [ -87.679083, 41.965096 ], [ -87.679186, 41.968756 ] ] ] ] } },
{ "type": "Feature", "properties": { "geoid": "17031040202", "land_area": 0.588657, "total": 7198.0, "nh_white_alone": 2492.0, "nh_black_alone": 361.0, "nh_asian_alone": 1295.0, "hispanic": 2217.0, "other": 833.0 }, "geometry": { "type": "MultiPolygon", "coordinates": [ [ [ [ -87.699157, 41.983121 ], [ -87.697946, 41.983127 ], [ -87.696732, 41.983132 ], [ -87.694303, 41.983146 ], [ -87.693087, 41.983152 ], [ -87.689448, 41.983168 ], [ -87.689221, 41.977708 ], [ -87.689169, 41.976346 ], [ -87.691613, 41.976334 ], [ -87.692347, 41.975867 ], [ -87.692396, 41.976704 ], [ -87.698952, 41.976733 ], [ -87.699011, 41.978559 ], [ -87.699038, 41.97947 ], [ -87.699068, 41.980384 ], [ -87.699098, 41.981295 ], [ -87.699157, 41.983121 ] ] ] ] } },
{ "type": "Feature", "properties": { "geoid": "17031031100", "land_area": 0.549965, "total": 5018.0, "nh_white_alone": 2810.0, "nh_black_alone": 457.0, "nh_asian_alone": 567.0, "hispanic": 821.0, "other": 363.0 }, "geometry": { "type": "MultiPolygon", "coordinates": [ [ [ [ -87.668417, 41.976191 ], [ -87.664752, 41.976248 ], [ -87.659866, 41.976323 ], [ -87.659838, 41.975208 ], [ -87.659784, 41.973245 ], [ -87.659736, 41.971458 ], [ -87.65967, 41.969025 ], [ -87.666199, 41.968923 ], [ -87.667497, 41.9689 ], [ -87.667835, 41.971875 ], [ -87.668208, 41.974366 ], [ -87.668417, 41.976191 ] ] ] ] } },
{ "type": "Feature", "properties": { "geoid": "17031030300", "land_area": 0.314151, "total": 2956.0, "nh_white_alone": 980.0, "nh_black_alone": 390.0, "nh_asian_alone": 647.0, "hispanic": 758.0, "other": 181.0 }, "geometry": { "type": "MultiPolygon", "coordinates": [ [ [ [ -87.675012, 41.997993 ], [ -87.670623, 41.998075 ], [ -87.670304, 41.996941 ], [ -87.670151, 41.99444 ], [ -87.670028, 41.990798 ], [ -87.674705, 41.990763 ], [ -87.674895, 41.994354 ], [ -87.675012, 41.997993 ] ] ] ] } },
{ "type": "Feature", "properties": { "geoid": "17031020901", "land_area": 0.485422, "total": 6256.0, "nh_white_alone": 1127.0, "nh_black_alone": 1470.0, "nh_asian_alone": 1512.0, "hispanic": 1914.0, "other": 233.0 }, "geometry": { "type": "MultiPolygon", "coordinates": [ [ [ [ -87.689883, 41.99773 ], [ -87.686229, 41.997794 ], [ -87.683795, 41.997832 ], [ -87.682573, 41.997854 ], [ -87.682389, 41.994219 ], [ -87.681705, 41.994231 ], [ -87.681699, 41.991855 ], [ -87.683529, 41.991834 ], [ -87.683524, 41.990609 ], [ -87.687206, 41.990542 ], [ -87.689673, 41.9905 ], [ -87.689764, 41.994093 ], [ -87.689824, 41.995911 ], [ -87.689883, 41.99773 ] ] ] ] } },
{ "type": "Feature", "properties": { "geoid": "17031020602", "land_area": 0.492027, "total": 4790.0, "nh_white_alone": 1877.0, "nh_black_alone": 495.0, "nh_asian_alone": 1321.0, "hispanic": 984.0, "other": 113.0 }, "geometry": { "type": "MultiPolygon", "coordinates": [ [ [ [ -87.697384, 42.004893 ], [ -87.694947, 42.004947 ], [ -87.693722, 42.004972 ], [ -87.690071, 42.005033 ], [ -87.690024, 42.003189 ], [ -87.689977, 42.001368 ], [ -87.689946, 42.000144 ], [ -87.689883, 41.99773 ], [ -87.693543, 41.997668 ], [ -87.694765, 41.997646 ], [ -87.697205, 41.997602 ], [ -87.697298, 42.001238 ], [ -87.697384, 42.004893 ] ] ] ] } },
{ "type": "Feature", "properties": { "geoid": "17031831200", "land_area": 0.574052, "total": 4597.0, "nh_white_alone": 357.0, "nh_black_alone": 55.0, "nh_asian_alone": 0.0, "hispanic": 4141.0, "other": 44.0 }, "geometry": { "type": "MultiPolygon", "coordinates": [ [ [ [ -87.741422, 41.916985 ], [ -87.736328, 41.917045 ], [ -87.733887, 41.91707 ], [ -87.731446, 41.917104 ], [ -87.726559, 41.917166 ], [ -87.724217, 41.917196 ], [ -87.724059, 41.915373 ], [ -87.723004, 41.915388 ], [ -87.722109, 41.913651 ], [ -87.724246, 41.9138 ], [ -87.726454, 41.91378 ], [ -87.72645, 41.913645 ], [ -87.731329, 41.913583 ], [ -87.737683, 41.91355 ], [ -87.741301, 41.913906 ], [ -87.741422, 41.916985 ] ] ] ] } },
{ "type": "Feature", "properties": { "geoid": "17031190800", "land_area": 0.661317, "total": 6018.0, "nh_white_alone": 537.0, "nh_black_alone": 375.0, "nh_asian_alone": 100.0, "hispanic": 4983.0, "other": 23.0 }, "geometry": { "type": "MultiPolygon", "coordinates": [ [ [ [ -87.75642, 41.931399 ], [ -87.751505, 41.931467 ], [ -87.746595, 41.931533 ], [ -87.746483, 41.928818 ], [ -87.746371, 41.926093 ], [ -87.746302, 41.924239 ], [ -87.748758, 41.924206 ], [ -87.751227, 41.924175 ], [ -87.756146, 41.924107 ], [ -87.756214, 41.925964 ], [ -87.756314, 41.928683 ], [ -87.75642, 41.931399 ] ] ] ] } },
{ "type": "Feature", "properties": { "geoid": "17031190401", "land_area": 0.655475, "total": 3855.0, "nh_white_alone": 744.0, "nh_black_alone": 142.0, "nh_asian_alone": 380.0, "hispanic": 2482.0, "other": 107.0 }, "geometry": { "type": "MultiPolygon", "coordinates": [ [ [ [ -87.786031, 41.938317 ], [ -87.783506, 41.938354 ], [ -87.776215, 41.938448 ], [ -87.776089, 41.934795 ], [ -87.775966, 41.931139 ], [ -87.778394, 41.931105 ], [ -87.785689, 41.931002 ], [ -87.78581, 41.934661 ], [ -87.785922, 41.937862 ], [ -87.786031, 41.938317 ] ] ] ] } },
{ "type": "Feature", "properties": { "geoid": "17031170600", "land_area": 0.566548, "total": 2500.0, "nh_white_alone": 1551.0, "nh_black_alone": 68.0, "nh_asian_alone": 232.0, "hispanic": 629.0, "other": 20.0 }, "geometry": { "type": "MultiPolygon", "coordinates": [ [ [ [ -87.835178, 41.944793 ], [ -87.830295, 41.944929 ], [ -87.827837, 41.944996 ], [ -87.826661, 41.945027 ], [ -87.826515, 41.944582 ], [ -87.826317, 41.937749 ], [ -87.830005, 41.93768 ], [ -87.83481, 41.937576 ], [ -87.835111, 41.944595 ], [ -87.835178, 41.944793 ] ] ] ] } },
{ "type": "Feature", "properties": { "geoid": "17031170100", "land_area": 1.014644, "total": 2085.0, "nh_white_alone": 1617.0, "nh_black_alone": 141.0, "nh_asian_alone": 132.0, "hispanic": 190.0, "other": 5.0 }, "geometry": { "type": "MultiPolygon", "coordinates": [ [ [ [ -87.807291, 41.953866 ], [ -87.801301, 41.956723 ], [ -87.797709, 41.958438 ], [ -87.794204, 41.960072 ], [ -87.786805, 41.960217 ], [ -87.786699, 41.956566 ], [ -87.786658, 41.955709 ], [ -87.786559, 41.952916 ], [ -87.790646, 41.952846 ], [ -87.796272, 41.952743 ], [ -87.798707, 41.952743 ], [ -87.801137, 41.952748 ], [ -87.803607, 41.952753 ], [ -87.807269, 41.952765 ], [ -87.807291, 41.953866 ] ] ] ] } },
{ "type": "Feature", "properties": { "geoid": "17031161000", "land_area": 0.426503, "total": 2060.0, "nh_white_alone": 1446.0, "nh_black_alone": 2.0, "nh_asian_alone": 99.0, "hispanic": 469.0, "other": 44.0 }, "geometry": { "type": "MultiPolygon", "coordinates": [ [ [ [ -87.73397, 41.953578 ], [ -87.727618, 41.953662 ], [ -87.727508, 41.950032 ], [ -87.727401, 41.946373 ], [ -87.73128, 41.946323 ], [ -87.733748, 41.946293 ], [ -87.73386, 41.949953 ], [ -87.73397, 41.953578 ] ] ] ] } },
{ "type": "Feature", "properties": { "geoid": "17031160300", "land_area": 0.426178, "total": 3567.0, "nh_white_alone": 1714.0, "nh_black_alone": 193.0, "nh_asian_alone": 563.0, "hispanic": 691.0, "other": 406.0 }, "geometry": { "type": "MultiPolygon", "coordinates": [ [ [ [ -87.734188, 41.960875 ], [ -87.732721, 41.960892 ], [ -87.731051, 41.96091 ], [ -87.730596, 41.960915 ], [ -87.729693, 41.960927 ], [ -87.727828, 41.960947 ], [ -87.727723, 41.957301 ], [ -87.727669, 41.955477 ], [ -87.727618, 41.953662 ], [ -87.73397, 41.953578 ], [ -87.734078, 41.957228 ], [ -87.734188, 41.960875 ] ] ] ] } },
{ "type": "Feature", "properties": { "geoid": "17031151001", "land_area": 0.330135, "total": 2616.0, "nh_white_alone": 820.0, "nh_black_alone": 0.0, "nh_asian_alone": 57.0, "hispanic": 1730.0, "other": 9.0 }, "geometry": { "type": "MultiPolygon", "coordinates": [ [ [ [ -87.756921, 41.946001 ], [ -87.752013, 41.946061 ], [ -87.751898, 41.942413 ], [ -87.751873, 41.9415 ], [ -87.75179, 41.938764 ], [ -87.75669, 41.9387 ], [ -87.75678, 41.941438 ], [ -87.756807, 41.942351 ], [ -87.756921, 41.946001 ] ] ] ] } },
{ "type": "Feature", "properties": { "geoid": "17031150401", "land_area": 0.738022, "total": 5310.0, "nh_white_alone": 2873.0, "nh_black_alone": 45.0, "nh_asian_alone": 679.0, "hispanic": 1532.0, "other": 181.0 }, "geometry": { "type": "MultiPolygon", "coordinates": [ [ [ [ -87.778234, 41.968533 ], [ -87.77283, 41.968617 ], [ -87.767505, 41.96869 ], [ -87.767477, 41.967783 ], [ -87.767392, 41.965045 ], [ -87.767333, 41.963275 ], [ -87.767302, 41.962354 ], [ -87.767243, 41.960484 ], [ -87.77213, 41.960418 ], [ -87.775798, 41.960368 ], [ -87.777036, 41.960806 ], [ -87.777082, 41.962224 ], [ -87.777142, 41.964003 ], [ -87.777161, 41.964779 ], [ -87.777268, 41.967649 ], [ -87.778234, 41.968533 ] ] ] ] } },
{ "type": "Feature", "properties": { "geoid": "17031140702", "land_area": 0.427095, "total": 5120.0, "nh_white_alone": 1289.0, "nh_black_alone": 132.0, "nh_asian_alone": 289.0, "hispanic": 3399.0, "other": 11.0 }, "geometry": { "type": "MultiPolygon", "coordinates": [ [ [ [ -87.718196, 41.966529 ], [ -87.713308, 41.966583 ], [ -87.713261, 41.965103 ], [ -87.710817, 41.96512 ], [ -87.708989, 41.96558 ], [ -87.708386, 41.965584 ], [ -87.708355, 41.964699 ], [ -87.708248, 41.961187 ], [ -87.711909, 41.961144 ], [ -87.713136, 41.961129 ], [ -87.714364, 41.961114 ], [ -87.716809, 41.961084 ], [ -87.71804, 41.961069 ], [ -87.718196, 41.966529 ] ] ] ] } },
{ "type": "Feature", "properties": { "geoid": "17031130300", "land_area": 0.721103, "total": 4944.0, "nh_white_alone": 1423.0, "nh_black_alone": 136.0, "nh_asian_alone": 1926.0, "hispanic": 1250.0, "other": 209.0 }, "geometry": { "type": "MultiPolygon", "coordinates": [ [ [ [ -87.718862, 41.990263 ], [ -87.716423, 41.990294 ], [ -87.711019, 41.990362 ], [ -87.709165, 41.990384 ], [ -87.706982, 41.98308 ], [ -87.711301, 41.983039 ], [ -87.712522, 41.983022 ], [ -87.716176, 41.982973 ], [ -87.718655, 41.98294 ], [ -87.718862, 41.990263 ] ] ] ] } },
{ "type": "Feature", "properties": { "geoid": "17031110501", "land_area": 0.791607, "total": 5017.0, "nh_white_alone": 2456.0, "nh_black_alone": 282.0, "nh_asian_alone": 398.0, "hispanic": 1746.0, "other": 135.0 }, "geometry": { "type": "MultiPolygon", "coordinates": [ [ [ [ -87.768459, 41.976598 ], [ -87.768377, 41.98112 ], [ -87.764716, 41.981141 ], [ -87.7635, 41.981149 ], [ -87.761213, 41.981065 ], [ -87.75533, 41.977453 ], [ -87.75533, 41.977076 ], [ -87.755226, 41.973426 ], [ -87.75521, 41.972965 ], [ -87.762049, 41.972897 ], [ -87.763911, 41.973331 ], [ -87.764174, 41.973327 ], [ -87.766311, 41.975707 ], [ -87.768481, 41.975683 ], [ -87.768459, 41.976598 ] ] ] ] } },
{ "type": "Feature", "properties": { "geoid": "17031100600", "land_area": 1.282466, "total": 4806.0, "nh_white_alone": 3035.0, "nh_black_alone": 87.0, "nh_asian_alone": 243.0, "hispanic": 1297.0, "other": 144.0 }, "geometry": { "type": "MultiPolygon", "coordinates": [ [ [ [ -87.806992, 41.978653 ], [ -87.806985, 41.979118 ], [ -87.806942, 41.982771 ], [ -87.806055, 41.982746 ], [ -87.792588, 41.982872 ], [ -87.787735, 41.982899 ], [ -87.787752, 41.982061 ], [ -87.787805, 41.979272 ], [ -87.78786, 41.976286 ], [ -87.787874, 41.975653 ], [ -87.791511, 41.975623 ], [ -87.793936, 41.975602 ], [ -87.795146, 41.975593 ], [ -87.798779, 41.975561 ], [ -87.802412, 41.975534 ], [ -87.80706, 41.975494 ], [ -87.806992, 41.978653 ] ] ] ] } },
{ "type": "Feature", "properties": { "geoid": "17031100300", "land_area": 2.330582, "total": 6495.0, "nh_white_alone": 5359.0, "nh_black_alone": 39.0, "nh_asian_alone": 294.0, "hispanic": 509.0, "other": 294.0 }, "geometry": { "type": "MultiPolygon", "coordinates": [ [ [ [ -87.816722, 41.993454 ], [ -87.816694, 41.996977 ], [ -87.810312, 41.997074 ], [ -87.810333, 41.99542 ], [ -87.806818, 41.995392 ], [ -87.806809, 41.996039 ], [ -87.799615, 41.99197 ], [ -87.796912, 41.990448 ], [ -87.787693, 41.985266 ], [ -87.787735, 41.982899 ], [ -87.792588, 41.982872 ], [ -87.806055, 41.982746 ], [ -87.806942, 41.982771 ], [ -87.811886, 41.982632 ], [ -87.812018, 41.988229 ], [ -87.816741, 41.990618 ], [ -87.816722, 41.993454 ] ] ] ] } },
{ "type": "Feature", "properties": { "geoid": "17031070600", "land_area": 0.343156, "total": 3477.0, "nh_white_alone": 2896.0, "nh_black_alone": 8.0, "nh_asian_alone": 296.0, "hispanic": 116.0, "other": 161.0 }, "geometry": { "type": "MultiPolygon", "coordinates": [ [ [ [ -87.668394, 41.932404 ], [ -87.665985, 41.932441 ], [ -87.663568, 41.93248 ], [ -87.663443, 41.928848 ], [ -87.66223, 41.928868 ], [ -87.662169, 41.927052 ], [ -87.663383, 41.927032 ], [ -87.663327, 41.925218 ], [ -87.665769, 41.925183 ], [ -87.668146, 41.925152 ], [ -87.668209, 41.926964 ], [ -87.668394, 41.932404 ] ] ] ] } },
{ "type": "Feature", "properties": { "geoid": "17043840000", "land_area": 12.611885, "total": 3247.0, "nh_white_alone": 818.0, "nh_black_alone": 94.0, "nh_asian_alone": 81.0, "hispanic": 2191.0, "other": 63.0 }, "geometry": { "type": "MultiPolygon", "coordinates": [ [ [ [ -87.959231, 41.99317 ], [ -87.952891, 41.99328 ], [ -87.947171, 41.993383 ], [ -87.939946, 41.993481 ], [ -87.938967, 41.993515 ], [ -87.920476, 41.993886 ], [ -87.920229, 41.97184 ], [ -87.920171, 41.958165 ], [ -87.920197, 41.953259 ], [ -87.925275, 41.954458 ], [ -87.93453, 41.955914 ], [ -87.937612, 41.956892 ], [ -87.939001, 41.958485 ], [ -87.939139, 41.95888 ], [ -87.939229, 41.960889 ], [ -87.945773, 41.960944 ], [ -87.948938, 41.960945 ], [ -87.959214, 41.960866 ], [ -87.959131, 41.971815 ], [ -87.95918, 41.984535 ], [ -87.959231, 41.99317 ] ] ] ] } },
{ "type": "Feature", "properties": { "geoid": "17031730300", "land_area": 0.297371, "total": 1079.0, "nh_white_alone": 33.0, "nh_black_alone": 1028.0, "nh_asian_alone": 0.0, "hispanic": 0.0, "other": 18.0 }, "geometry": { "type": "MultiPolygon", "coordinates": [ [ [ [ -87.668216, 41.730177 ], [ -87.665331, 41.730237 ], [ -87.665387, 41.732086 ], [ -87.662961, 41.732189 ], [ -87.662806, 41.726667 ], [ -87.662684, 41.721265 ], [ -87.663477, 41.721246 ], [ -87.664409, 41.722973 ], [ -87.665717, 41.725613 ], [ -87.667149, 41.72813 ], [ -87.667436, 41.728451 ], [ -87.668216, 41.730177 ] ] ] ] } },
{ "type": "Feature", "properties": { "geoid": "17031670300", "land_area": 0.32633, "total": 1204.0, "nh_white_alone": 14.0, "nh_black_alone": 915.0, "nh_asian_alone": 0.0, "hispanic": 273.0, "other": 2.0 }, "geometry": { "type": "MultiPolygon", "coordinates": [ [ [ [ -87.669443, 41.793969 ], [ -87.667016, 41.793996 ], [ -87.664582, 41.794024 ], [ -87.664539, 41.792207 ], [ -87.664394, 41.786747 ], [ -87.669245, 41.786688 ], [ -87.669295, 41.78851 ], [ -87.669443, 41.793969 ] ] ] ] } },
{ "type": "Feature", "properties": { "geoid": "17031660700", "land_area": 0.480681, "total": 1561.0, "nh_white_alone": 14.0, "nh_black_alone": 1303.0, "nh_asian_alone": 4.0, "hispanic": 240.0, "other": 0.0 }, "geometry": { "type": "MultiPolygon", "coordinates": [ [ [ [ -87.683639, 41.779216 ], [ -87.67849, 41.779247 ], [ -87.678817, 41.775935 ], [ -87.678715, 41.772015 ], [ -87.67862, 41.768385 ], [ -87.683343, 41.768332 ], [ -87.683444, 41.771978 ], [ -87.683494, 41.773783 ], [ -87.683548, 41.775599 ], [ -87.683639, 41.779216 ] ] ] ] } },
{ "type": "Feature", "properties": { "geoid": "17031660400", "land_area": 0.645646, "total": 4981.0, "nh_white_alone": 245.0, "nh_black_alone": 134.0, "nh_asian_alone": 0.0, "hispanic": 4554.0, "other": 48.0 }, "geometry": { "type": "MultiPolygon", "coordinates": [ [ [ [ -87.712897, 41.786097 ], [ -87.70823, 41.786172 ], [ -87.704568, 41.786228 ], [ -87.703349, 41.786248 ], [ -87.703246, 41.782607 ], [ -87.703188, 41.780795 ], [ -87.703137, 41.778973 ], [ -87.705559, 41.778935 ], [ -87.707988, 41.778893 ], [ -87.712726, 41.778832 ], [ -87.71285, 41.782461 ], [ -87.712897, 41.786097 ] ] ] ] } },
{ "type": "Feature", "properties": { "geoid": "17031640700", "land_area": 0.657092, "total": 3080.0, "nh_white_alone": 492.0, "nh_black_alone": 86.0, "nh_asian_alone": 12.0, "hispanic": 2490.0, "other": 0.0 }, "geometry": { "type": "MultiPolygon", "coordinates": [ [ [ [ -87.761715, 41.778053 ], [ -87.756864, 41.778148 ], [ -87.753219, 41.778218 ], [ -87.747149, 41.778335 ], [ -87.742293, 41.778429 ], [ -87.742165, 41.77478 ], [ -87.747038, 41.774668 ], [ -87.752258, 41.774575 ], [ -87.756733, 41.774493 ], [ -87.761583, 41.774388 ], [ -87.761715, 41.778053 ] ] ] ] } },
{ "type": "Feature", "properties": { "geoid": "17031640400", "land_area": 1.334945, "total": 3306.0, "nh_white_alone": 1568.0, "nh_black_alone": 0.0, "nh_asian_alone": 0.0, "hispanic": 1728.0, "other": 10.0 }, "geometry": { "type": "MultiPolygon", "coordinates": [ [ [ [ -87.801216, 41.784688 ], [ -87.797442, 41.78476 ], [ -87.793731, 41.784816 ], [ -87.791303, 41.784853 ], [ -87.787642, 41.784911 ], [ -87.78642, 41.784932 ], [ -87.785199, 41.784951 ], [ -87.781539, 41.785011 ], [ -87.781265, 41.777676 ], [ -87.786152, 41.777606 ], [ -87.791018, 41.77753 ], [ -87.800899, 41.777292 ], [ -87.801018, 41.780032 ], [ -87.801212, 41.7846 ], [ -87.801216, 41.784688 ] ] ] ] } },
{ "type": "Feature", "properties": { "geoid": "17031691100", "land_area": 0.675743, "total": 2627.0, "nh_white_alone": 2.0, "nh_black_alone": 2566.0, "nh_asian_alone": 0.0, "hispanic": 48.0, "other": 11.0 }, "geometry": { "type": "MultiPolygon", "coordinates": [ [ [ [ -87.635747, 41.75988 ], [ -87.63453, 41.7599 ], [ -87.634575, 41.761717 ], [ -87.634843, 41.763696 ], [ -87.634666, 41.765356 ], [ -87.628163, 41.765454 ], [ -87.624907, 41.765514 ], [ -87.624829, 41.761874 ], [ -87.624794, 41.759958 ], [ -87.624759, 41.758237 ], [ -87.628005, 41.758182 ], [ -87.631377, 41.758128 ], [ -87.632052, 41.758117 ], [ -87.635702, 41.758058 ], [ -87.635747, 41.75988 ] ] ] ] } },
{ "type": "Feature", "properties": { "geoid": "17031681300", "land_area": 0.718139, "total": 2014.0, "nh_white_alone": 7.0, "nh_black_alone": 1972.0, "nh_asian_alone": 35.0, "hispanic": 0.0, "other": 0.0 }, "geometry": { "type": "MultiPolygon", "coordinates": [ [ [ [ -87.644413, 41.765203 ], [ -87.634666, 41.765356 ], [ -87.634843, 41.763696 ], [ -87.634575, 41.761717 ], [ -87.63453, 41.7599 ], [ -87.635747, 41.75988 ], [ -87.635702, 41.758058 ], [ -87.639236, 41.757997 ], [ -87.6399, 41.756146 ], [ -87.64174, 41.756115 ], [ -87.644184, 41.756088 ], [ -87.644232, 41.757994 ], [ -87.644275, 41.759745 ], [ -87.644321, 41.761564 ], [ -87.644366, 41.763383 ], [ -87.644413, 41.765203 ] ] ] ] } },
{ "type": "Feature", "properties": { "geoid": "17031680500", "land_area": 0.326856, "total": 1636.0, "nh_white_alone": 40.0, "nh_black_alone": 1015.0, "nh_asian_alone": 0.0, "hispanic": 581.0, "other": 0.0 }, "geometry": { "type": "MultiPolygon", "coordinates": [ [ [ [ -87.654874, 41.794172 ], [ -87.650016, 41.79424 ], [ -87.649828, 41.786956 ], [ -87.654684, 41.786886 ], [ -87.654874, 41.794172 ] ] ] ] } },
{ "type": "Feature", "properties": { "geoid": "17031671300", "land_area": 0.484665, "total": 1714.0, "nh_white_alone": 0.0, "nh_black_alone": 1280.0, "nh_asian_alone": 0.0, "hispanic": 434.0, "other": 0.0 }, "geometry": { "type": "MultiPolygon", "coordinates": [ [ [ [ -87.673905, 41.779316 ], [ -87.669079, 41.779383 ], [ -87.668946, 41.773952 ], [ -87.668886, 41.772132 ], [ -87.668825, 41.770314 ], [ -87.668774, 41.768496 ], [ -87.669986, 41.768485 ], [ -87.671198, 41.768471 ], [ -87.673625, 41.768441 ], [ -87.673713, 41.772076 ], [ -87.673757, 41.773891 ], [ -87.673905, 41.779316 ] ] ] ] } },
{ "type": "Feature", "properties": { "geoid": "17031580800", "land_area": 0.183294, "total": 2018.0, "nh_white_alone": 31.0, "nh_black_alone": 0.0, "nh_asian_alone": 63.0, "hispanic": 1924.0, "other": 0.0 }, "geometry": { "type": "MultiPolygon", "coordinates": [ [ [ [ -87.689427, 41.811992 ], [ -87.685807, 41.812053 ], [ -87.685203, 41.812062 ], [ -87.683965, 41.812111 ], [ -87.683874, 41.808417 ], [ -87.684425, 41.808426 ], [ -87.685103, 41.808428 ], [ -87.689324, 41.80836 ], [ -87.689427, 41.811992 ] ] ] ] } },
{ "type": "Feature", "properties": { "geoid": "17031580300", "land_area": 0.47102, "total": 2311.0, "nh_white_alone": 121.0, "nh_black_alone": 35.0, "nh_asian_alone": 397.0, "hispanic": 1739.0, "other": 19.0 }, "geometry": { "type": "MultiPolygon", "coordinates": [ [ [ [ -87.71431, 41.826053 ], [ -87.714319, 41.826189 ], [ -87.704646, 41.829233 ], [ -87.704532, 41.827166 ], [ -87.70444, 41.82259 ], [ -87.714329, 41.822435 ], [ -87.71431, 41.826053 ] ] ] ] } },
{ "type": "Feature", "properties": { "geoid": "17031570300", "land_area": 0.980167, "total": 5801.0, "nh_white_alone": 607.0, "nh_black_alone": 1.0, "nh_asian_alone": 108.0, "hispanic": 5079.0, "other": 6.0 }, "geometry": { "type": "MultiPolygon", "coordinates": [ [ [ [ -87.738207, 41.807684 ], [ -87.730946, 41.807779 ], [ -87.728476, 41.807809 ], [ -87.723587, 41.807884 ], [ -87.723529, 41.806039 ], [ -87.72348, 41.804207 ], [ -87.723373, 41.800546 ], [ -87.728271, 41.800491 ], [ -87.728282, 41.800947 ], [ -87.730724, 41.800571 ], [ -87.731335, 41.800478 ], [ -87.734391, 41.800424 ], [ -87.738013, 41.800382 ], [ -87.738207, 41.807684 ] ] ] ] } },
{ "type": "Feature", "properties": { "geoid": "17031630400", "land_area": 0.658248, "total": 7455.0, "nh_white_alone": 194.0, "nh_black_alone": 120.0, "nh_asian_alone": 17.0, "hispanic": 7124.0, "other": 0.0 }, "geometry": { "type": "MultiPolygon", "coordinates": [ [ [ [ -87.703766, 41.800821 ], [ -87.698884, 41.800904 ], [ -87.694, 41.800989 ], [ -87.6939, 41.797339 ], [ -87.693798, 41.793691 ], [ -87.69868, 41.793605 ], [ -87.703554, 41.793514 ], [ -87.703659, 41.797167 ], [ -87.703766, 41.800821 ] ] ] ] } },
{ "type": "Feature", "properties": { "geoid": "17031620400", "land_area": 0.656282, "total": 4633.0, "nh_white_alone": 297.0, "nh_black_alone": 2.0, "nh_asian_alone": 116.0, "hispanic": 4217.0, "other": 1.0 }, "geometry": { "type": "MultiPolygon", "coordinates": [ [ [ [ -87.723159, 41.793204 ], [ -87.71826, 41.793276 ], [ -87.713399, 41.793362 ], [ -87.713315, 41.789746 ], [ -87.71312, 41.786092 ], [ -87.718057, 41.786014 ], [ -87.722961, 41.785937 ], [ -87.723061, 41.789577 ], [ -87.723159, 41.793204 ] ] ] ] } },
{ "type": "Feature", "properties": { "geoid": "17031611500", "land_area": 0.507432, "total": 3226.0, "nh_white_alone": 52.0, "nh_black_alone": 318.0, "nh_asian_alone": 0.0, "hispanic": 2827.0, "other": 29.0 }, "geometry": { "type": "MultiPolygon", "coordinates": [ [ [ [ -87.684425, 41.808426 ], [ -87.683874, 41.808417 ], [ -87.67712, 41.808503 ], [ -87.674687, 41.80851 ], [ -87.674591, 41.804666 ], [ -87.674553, 41.803055 ], [ -87.674507, 41.801233 ], [ -87.679641, 41.801168 ], [ -87.679726, 41.804631 ], [ -87.68437, 41.804632 ], [ -87.684425, 41.808426 ] ] ] ] } },
{ "type": "Feature", "properties": { "geoid": "17031610300", "land_area": 2.383657, "total": 5067.0, "nh_white_alone": 195.0, "nh_black_alone": 590.0, "nh_asian_alone": 309.0, "hispanic": 3945.0, "other": 28.0 }, "geometry": { "type": "MultiPolygon", "coordinates": [ [ [ [ -87.68424, 41.823 ], [ -87.676318, 41.823091 ], [ -87.675088, 41.823113 ], [ -87.670213, 41.82317 ], [ -87.667777, 41.823183 ], [ -87.665462, 41.82315 ], [ -87.665148, 41.815871 ], [ -87.665109, 41.81406 ], [ -87.665064, 41.812222 ], [ -87.669926, 41.812197 ], [ -87.669889, 41.810782 ], [ -87.669828, 41.808557 ], [ -87.672255, 41.80853 ], [ -87.673472, 41.808521 ], [ -87.674687, 41.80851 ], [ -87.67712, 41.808503 ], [ -87.683874, 41.808417 ], [ -87.683965, 41.812111 ], [ -87.684072, 41.815703 ], [ -87.68424, 41.823 ] ] ] ] } },
{ "type": "Feature", "properties": { "geoid": "17031600400", "land_area": 0.327229, "total": 4135.0, "nh_white_alone": 1121.0, "nh_black_alone": 245.0, "nh_asian_alone": 2340.0, "hispanic": 363.0, "other": 66.0 }, "geometry": { "type": "MultiPolygon", "coordinates": [ [ [ [ -87.646449, 41.845327 ], [ -87.644023, 41.845359 ], [ -87.64158, 41.845393 ], [ -87.641497, 41.84175 ], [ -87.641458, 41.83993 ], [ -87.641416, 41.838107 ], [ -87.643848, 41.838076 ], [ -87.646278, 41.838046 ], [ -87.646369, 41.841657 ], [ -87.646431, 41.844513 ], [ -87.646449, 41.845327 ] ] ] ] } },
{ "type": "Feature", "properties": { "geoid": "17031440800", "land_area": 0.279123, "total": 1977.0, "nh_white_alone": 0.0, "nh_black_alone": 1881.0, "nh_asian_alone": 38.0, "hispanic": 30.0, "other": 28.0 }, "geometry": { "type": "MultiPolygon", "coordinates": [ [ [ [ -87.604823, 41.736649 ], [ -87.601188, 41.736698 ], [ -87.600545, 41.736708 ], [ -87.601404, 41.733078 ], [ -87.602224, 41.732127 ], [ -87.60285, 41.729384 ], [ -87.603606, 41.723396 ], [ -87.604507, 41.723596 ], [ -87.604625, 41.728445 ], [ -87.604712, 41.732089 ], [ -87.604734, 41.733001 ], [ -87.604823, 41.736649 ] ] ] ] } },
{ "type": "Feature", "properties": { "geoid": "17031440300", "land_area": 1.295106, "total": 4400.0, "nh_white_alone": 30.0, "nh_black_alone": 3967.0, "nh_asian_alone": 0.0, "hispanic": 244.0, "other": 159.0 }, "geometry": { "type": "MultiPolygon", "coordinates": [ [ [ [ -87.624546, 41.75096 ], [ -87.621386, 41.751007 ], [ -87.618154, 41.751063 ], [ -87.614958, 41.751114 ], [ -87.614819, 41.745638 ], [ -87.614675, 41.741984 ], [ -87.614528, 41.736503 ], [ -87.617759, 41.736455 ], [ -87.619375, 41.736431 ], [ -87.620993, 41.736406 ], [ -87.624165, 41.736299 ], [ -87.624284, 41.74183 ], [ -87.624332, 41.743655 ], [ -87.624546, 41.75096 ] ] ] ] } },
{ "type": "Feature", "properties": { "geoid": "17031431301", "land_area": 0.404025, "total": 3702.0, "nh_white_alone": 91.0, "nh_black_alone": 3329.0, "nh_asian_alone": 0.0, "hispanic": 282.0, "other": 0.0 }, "geometry": { "type": "MultiPolygon", "coordinates": [ [ [ [ -87.566303, 41.755361 ], [ -87.558517, 41.755458 ], [ -87.556128, 41.755489 ], [ -87.552288, 41.751919 ], [ -87.554072, 41.751895 ], [ -87.555321, 41.751879 ], [ -87.555932, 41.751871 ], [ -87.558445, 41.751836 ], [ -87.561386, 41.751795 ], [ -87.562597, 41.751779 ], [ -87.565019, 41.751746 ], [ -87.566233, 41.751728 ], [ -87.566238, 41.752183 ], [ -87.566269, 41.753546 ], [ -87.566303, 41.755361 ] ] ] ] } },
{ "type": "Feature", "properties": { "geoid": "17031490700", "land_area": 0.639811, "total": 2494.0, "nh_white_alone": 9.0, "nh_black_alone": 2203.0, "nh_asian_alone": 0.0, "hispanic": 72.0, "other": 210.0 }, "geometry": { "type": "MultiPolygon", "coordinates": [ [ [ [ -87.633307, 41.714277 ], [ -87.629245, 41.714355 ], [ -87.628498, 41.714149 ], [ -87.627574, 41.714393 ], [ -87.623553, 41.714332 ], [ -87.623655, 41.713539 ], [ -87.623595, 41.710806 ], [ -87.623523, 41.707165 ], [ -87.625919, 41.707133 ], [ -87.628295, 41.707101 ], [ -87.632478, 41.707051 ], [ -87.633035, 41.707044 ], [ -87.633307, 41.714277 ] ] ] ] } },
{ "type": "Feature", "properties": { "geoid": "17031480300", "land_area": 0.415735, "total": 1296.0, "nh_white_alone": 14.0, "nh_black_alone": 1127.0, "nh_asian_alone": 0.0, "hispanic": 142.0, "other": 13.0 }, "geometry": { "type": "MultiPolygon", "coordinates": [ [ [ [ -87.589269, 41.733219 ], [ -87.585677, 41.733266 ], [ -87.585567, 41.733281 ], [ -87.58553, 41.731448 ], [ -87.585492, 41.72961 ], [ -87.585443, 41.727814 ], [ -87.585414, 41.725985 ], [ -87.585144, 41.723296 ], [ -87.587452, 41.723266 ], [ -87.588713, 41.72622 ], [ -87.592797, 41.733159 ], [ -87.589269, 41.733219 ] ] ] ] } },
{ "type": "Feature", "properties": { "geoid": "17031301701", "land_area": 0.330773, "total": 4496.0, "nh_white_alone": 401.0, "nh_black_alone": 1.0, "nh_asian_alone": 91.0, "hispanic": 4003.0, "other": 0.0 }, "geometry": { "type": "MultiPolygon", "coordinates": [ [ [ [ -87.724553, 41.844255 ], [ -87.720892, 41.844299 ], [ -87.719674, 41.844317 ], [ -87.714787, 41.844385 ], [ -87.714741, 41.842551 ], [ -87.714693, 41.840722 ], [ -87.718355, 41.840664 ], [ -87.720787, 41.840624 ], [ -87.72445, 41.840566 ], [ -87.724499, 41.84241 ], [ -87.724553, 41.844255 ] ] ] ] } },
{ "type": "Feature", "properties": { "geoid": "17031301600", "land_area": 0.329517, "total": 4228.0, "nh_white_alone": 227.0, "nh_black_alone": 5.0, "nh_asian_alone": 1.0, "hispanic": 3963.0, "other": 32.0 }, "geometry": { "type": "MultiPolygon", "coordinates": [ [ [ [ -87.714787, 41.844385 ], [ -87.70991, 41.84445 ], [ -87.709811, 41.840798 ], [ -87.709714, 41.837145 ], [ -87.714594, 41.837056 ], [ -87.714693, 41.840722 ], [ -87.714741, 41.842551 ], [ -87.714787, 41.844385 ] ] ] ] } },
{ "type": "Feature", "properties": { "geoid": "17031430800", "land_area": 0.328071, "total": 1935.0, "nh_white_alone": 0.0, "nh_black_alone": 1772.0, "nh_asian_alone": 0.0, "hispanic": 23.0, "other": 140.0 }, "geometry": { "type": "MultiPolygon", "coordinates": [ [ [ [ -87.576221, 41.762515 ], [ -87.571302, 41.762567 ], [ -87.567665, 41.762606 ], [ -87.56645, 41.762619 ], [ -87.566412, 41.760803 ], [ -87.566373, 41.758988 ], [ -87.567591, 41.758974 ], [ -87.571246, 41.758934 ], [ -87.576142, 41.758876 ], [ -87.576182, 41.760697 ], [ -87.576221, 41.762515 ] ] ] ] } },
{ "type": "Feature", "properties": { "geoid": "17031420700", "land_area": 0.65053, "total": 2424.0, "nh_white_alone": 22.0, "nh_black_alone": 2241.0, "nh_asian_alone": 0.0, "hispanic": 62.0, "other": 99.0 }, "geometry": { "type": "MultiPolygon", "coordinates": [ [ [ [ -87.615622, 41.780239 ], [ -87.613206, 41.780282 ], [ -87.610802, 41.780325 ], [ -87.60958, 41.780347 ], [ -87.60593, 41.78041 ], [ -87.605849, 41.776778 ], [ -87.605769, 41.773141 ], [ -87.60941, 41.773078 ], [ -87.613045, 41.773012 ], [ -87.61545, 41.77297 ], [ -87.615622, 41.780239 ] ] ] ] } },
{ "type": "Feature", "properties": { "geoid": "17031410800", "land_area": 0.24952, "total": 2770.0, "nh_white_alone": 1068.0, "nh_black_alone": 543.0, "nh_asian_alone": 647.0, "hispanic": 210.0, "other": 302.0 }, "geometry": { "type": "MultiPolygon", "coordinates": [ [ [ [ -87.592085, 41.795448 ], [ -87.591748, 41.798046 ], [ -87.591786, 41.799512 ], [ -87.591821, 41.800976 ], [ -87.587497, 41.801029 ], [ -87.58731, 41.799564 ], [ -87.587242, 41.798096 ], [ -87.587507, 41.795185 ], [ -87.589202, 41.795077 ], [ -87.591676, 41.794784 ], [ -87.593349, 41.795111 ], [ -87.592085, 41.795448 ] ] ] ] } },
{ "type": "Feature", "properties": { "geoid": "17031390400", "land_area": 0.326306, "total": 2499.0, "nh_white_alone": 173.0, "nh_black_alone": 1958.0, "nh_asian_alone": 23.0, "hispanic": 149.0, "other": 196.0 }, "geometry": { "type": "MultiPolygon", "coordinates": [ [ [ [ -87.606565, 41.809533 ], [ -87.603897, 41.809565 ], [ -87.6017, 41.809588 ], [ -87.601629, 41.805948 ], [ -87.601558, 41.802313 ], [ -87.603784, 41.802286 ], [ -87.606407, 41.802251 ], [ -87.606565, 41.809533 ] ] ] ] } },
{ "type": "Feature", "properties": { "geoid": "17031381800", "land_area": 0.319368, "total": 1448.0, "nh_white_alone": 21.0, "nh_black_alone": 1376.0, "nh_asian_alone": 1.0, "hispanic": 46.0, "other": 4.0 }, "geometry": { "type": "MultiPolygon", "coordinates": [ [ [ [ -87.625984, 41.805633 ], [ -87.624685, 41.805617 ], [ -87.61676, 41.805738 ], [ -87.616496, 41.805742 ], [ -87.616451, 41.803922 ], [ -87.616526, 41.802098 ], [ -87.617747, 41.802079 ], [ -87.624273, 41.801973 ], [ -87.62589, 41.801946 ], [ -87.625984, 41.805633 ] ] ] ] } },
{ "type": "Feature", "properties": { "geoid": "17031271500", "land_area": 0.162821, "total": 1469.0, "nh_white_alone": 0.0, "nh_black_alone": 1205.0, "nh_asian_alone": 9.0, "hispanic": 241.0, "other": 14.0 }, "geometry": { "type": "MultiPolygon", "coordinates": [ [ [ [ -87.715658, 41.873568 ], [ -87.710782, 41.873628 ], [ -87.710689, 41.870901 ], [ -87.71066, 41.870004 ], [ -87.715535, 41.869943 ], [ -87.715559, 41.870839 ], [ -87.715658, 41.873568 ] ] ] ] } },
{ "type": "Feature", "properties": { "geoid": "17031260800", "land_area": 0.328945, "total": 1719.0, "nh_white_alone": 0.0, "nh_black_alone": 1683.0, "nh_asian_alone": 0.0, "hispanic": 6.0, "other": 30.0 }, "geometry": { "type": "MultiPolygon", "coordinates": [ [ [ [ -87.72567, 41.880727 ], [ -87.720829, 41.880788 ], [ -87.720706, 41.877149 ], [ -87.720655, 41.875799 ], [ -87.720365, 41.873515 ], [ -87.722978, 41.873462 ], [ -87.725413, 41.873443 ], [ -87.725546, 41.877087 ], [ -87.725579, 41.87798 ], [ -87.72567, 41.880727 ] ] ] ] } },
{ "type": "Feature", "properties": { "geoid": "17031260100", "land_area": 0.325451, "total": 1106.0, "nh_white_alone": 6.0, "nh_black_alone": 1030.0, "nh_asian_alone": 13.0, "hispanic": 57.0, "other": 0.0 }, "geometry": { "type": "MultiPolygon", "coordinates": [ [ [ [ -87.725873, 41.887957 ], [ -87.720982, 41.888018 ], [ -87.72082, 41.881897 ], [ -87.720829, 41.880788 ], [ -87.72567, 41.880727 ], [ -87.725873, 41.887957 ] ] ] ] } },
{ "type": "Feature", "properties": { "geoid": "17031251400", "land_area": 0.688028, "total": 3170.0, "nh_white_alone": 130.0, "nh_black_alone": 2827.0, "nh_asian_alone": 0.0, "hispanic": 190.0, "other": 23.0 }, "geometry": { "type": "MultiPolygon", "coordinates": [ [ [ [ -87.775128, 41.894712 ], [ -87.772292, 41.894755 ], [ -87.770142, 41.894785 ], [ -87.769045, 41.894799 ], [ -87.765395, 41.894854 ], [ -87.76532, 41.892926 ], [ -87.765181, 41.88929 ], [ -87.765106, 41.887201 ], [ -87.770002, 41.887136 ], [ -87.774881, 41.887072 ], [ -87.774893, 41.887411 ], [ -87.77501, 41.891 ], [ -87.775039, 41.891897 ], [ -87.775128, 41.894712 ] ] ] ] } },
{ "type": "Feature", "properties": { "geoid": "17031840700", "land_area": 0.541526, "total": 4001.0, "nh_white_alone": 877.0, "nh_black_alone": 196.0, "nh_asian_alone": 91.0, "hispanic": 2837.0, "other": 0.0 }, "geometry": { "type": "MultiPolygon", "coordinates": [ [ [ [ -87.699213, 41.855505 ], [ -87.695569, 41.855552 ], [ -87.695558, 41.85524 ], [ -87.693129, 41.855782 ], [ -87.688171, 41.856915 ], [ -87.687952, 41.852009 ], [ -87.695446, 41.851902 ], [ -87.695398, 41.85008 ], [ -87.695333, 41.847883 ], [ -87.698561, 41.847841 ], [ -87.69898, 41.848157 ], [ -87.699089, 41.851853 ], [ -87.699176, 41.854456 ], [ -87.699213, 41.855505 ] ] ] ] } },
{ "type": "Feature", "properties": { "geoid": "17031300700", "land_area": 0.329127, "total": 4329.0, "nh_white_alone": 44.0, "nh_black_alone": 76.0, "nh_asian_alone": 324.0, "hispanic": 3885.0, "other": 0.0 }, "geometry": { "type": "MultiPolygon", "coordinates": [ [ [ [ -87.714999, 41.851663 ], [ -87.713778, 41.851677 ], [ -87.713627, 41.851679 ], [ -87.712422, 41.851707 ], [ -87.711143, 41.851991 ], [ -87.710128, 41.851706 ], [ -87.710019, 41.848077 ], [ -87.709959, 41.846261 ], [ -87.70991, 41.84445 ], [ -87.714787, 41.844385 ], [ -87.714841, 41.846221 ], [ -87.714894, 41.848033 ], [ -87.714978, 41.850912 ], [ -87.714999, 41.851663 ] ] ] ] } },
{ "type": "Feature", "properties": { "geoid": "17031843300", "land_area": 0.584251, "total": 1718.0, "nh_white_alone": 84.0, "nh_black_alone": 1039.0, "nh_asian_alone": 27.0, "hispanic": 483.0, "other": 85.0 }, "geometry": { "type": "MultiPolygon", "coordinates": [ [ [ [ -87.695979, 41.869233 ], [ -87.691193, 41.869295 ], [ -87.691081, 41.867839 ], [ -87.690445, 41.866568 ], [ -87.688185, 41.862686 ], [ -87.688217, 41.859337 ], [ -87.695692, 41.859221 ], [ -87.695907, 41.866511 ], [ -87.695979, 41.869233 ] ] ] ] } },
{ "type": "Feature", "properties": { "geoid": "17031838600", "land_area": 0.246251, "total": 1642.0, "nh_white_alone": 60.0, "nh_black_alone": 1100.0, "nh_asian_alone": 3.0, "hispanic": 386.0, "other": 93.0 }, "geometry": { "type": "MultiPolygon", "coordinates": [ [ [ [ -87.705756, 41.869133 ], [ -87.700869, 41.869189 ], [ -87.695979, 41.869233 ], [ -87.695907, 41.866511 ], [ -87.700788, 41.866456 ], [ -87.705669, 41.866405 ], [ -87.705756, 41.869133 ] ] ] ] } },
{ "type": "Feature", "properties": { "geoid": "17031283800", "land_area": 0.376238, "total": 3515.0, "nh_white_alone": 870.0, "nh_black_alone": 1671.0, "nh_asian_alone": 484.0, "hispanic": 374.0, "other": 116.0 }, "geometry": { "type": "MultiPolygon", "coordinates": [ [ [ [ -87.656681, 41.866997 ], [ -87.651046, 41.867087 ], [ -87.650937, 41.863499 ], [ -87.650822, 41.859853 ], [ -87.650941, 41.859851 ], [ -87.653434, 41.859812 ], [ -87.656479, 41.859765 ], [ -87.656574, 41.863238 ], [ -87.656681, 41.866997 ] ] ] ] } },
{ "type": "Feature", "properties": { "geoid": "17031808200", "land_area": 2.630428, "total": 5582.0, "nh_white_alone": 3554.0, "nh_black_alone": 149.0, "nh_asian_alone": 1046.0, "hispanic": 764.0, "other": 69.0 }, "geometry": { "type": "MultiPolygon", "coordinates": [ [ [ [ -87.806516, 42.021481 ], [ -87.806445, 42.026279 ], [ -87.806424, 42.029856 ], [ -87.806423, 42.029978 ], [ -87.806389, 42.033504 ], [ -87.806386, 42.033623 ], [ -87.806329, 42.037161 ], [ -87.806283, 42.040816 ], [ -87.800703, 42.040833 ], [ -87.800797, 42.033602 ], [ -87.80068, 42.033574 ], [ -87.795986, 42.033644 ], [ -87.795973, 42.030024 ], [ -87.796128, 42.027272 ], [ -87.795904, 42.026409 ], [ -87.791736, 42.026445 ], [ -87.792843, 42.025852 ], [ -87.790413, 42.025456 ], [ -87.789548, 42.023715 ], [ -87.787816, 42.023735 ], [ -87.782852, 42.02343 ], [ -87.779387, 42.023585 ], [ -87.777132, 42.019208 ], [ -87.806547, 42.018965 ], [ -87.806516, 42.021481 ] ] ] ] } },
{ "type": "Feature", "properties": { "geoid": "17031740400", "land_area": 2.838804, "total": 4598.0, "nh_white_alone": 3341.0, "nh_black_alone": 614.0, "nh_asian_alone": 44.0, "hispanic": 400.0, "other": 199.0 }, "geometry": { "type": "MultiPolygon", "coordinates": [ [ [ [ -87.73973, 41.690891 ], [ -87.737318, 41.690982 ], [ -87.730073, 41.691141 ], [ -87.720317, 41.691271 ], [ -87.71309, 41.691375 ], [ -87.710579, 41.691415 ], [ -87.708156, 41.691443 ], [ -87.706942, 41.69147 ], [ -87.700828, 41.691568 ], [ -87.700722, 41.688799 ], [ -87.700624, 41.686134 ], [ -87.700553, 41.684263 ], [ -87.705417, 41.684187 ], [ -87.705285, 41.680579 ], [ -87.71013, 41.680479 ], [ -87.71136, 41.680438 ], [ -87.711516, 41.684093 ], [ -87.715154, 41.684042 ], [ -87.718911, 41.683983 ], [ -87.720065, 41.683967 ], [ -87.728308, 41.683827 ], [ -87.729747, 41.683804 ], [ -87.737364, 41.683668 ], [ -87.739449, 41.683632 ], [ -87.73973, 41.690891 ] ] ] ] } },
{ "type": "Feature", "properties": { "geoid": "17031750500", "land_area": 2.63617, "total": 5487.0, "nh_white_alone": 1285.0, "nh_black_alone": 3876.0, "nh_asian_alone": 10.0, "hispanic": 137.0, "other": 179.0 }, "geometry": { "type": "MultiPolygon", "coordinates": [ [ [ [ -87.681155, 41.691779 ], [ -87.671895, 41.691932 ], [ -87.66976, 41.691711 ], [ -87.668893, 41.693207 ], [ -87.663943, 41.691245 ], [ -87.663311, 41.692156 ], [ -87.661844, 41.692117 ], [ -87.663371, 41.689665 ], [ -87.660786, 41.689293 ], [ -87.661599, 41.68482 ], [ -87.661365, 41.677544 ], [ -87.66657, 41.677442 ], [ -87.667148, 41.675834 ], [ -87.668549, 41.676127 ], [ -87.66785, 41.677419 ], [ -87.671049, 41.67736 ], [ -87.675162, 41.677288 ], [ -87.680696, 41.677257 ], [ -87.680834, 41.681512 ], [ -87.680875, 41.68273 ], [ -87.680928, 41.684504 ], [ -87.681155, 41.691779 ] ] ] ] } },
{ "type": "Feature", "properties": { "geoid": "17031750300", "land_area": 0.661763, "total": 2493.0, "nh_white_alone": 1837.0, "nh_black_alone": 349.0, "nh_asian_alone": 17.0, "hispanic": 159.0, "other": 131.0 }, "geometry": { "type": "MultiPolygon", "coordinates": [ [ [ [ -87.6912, 41.698986 ], [ -87.688074, 41.69902 ], [ -87.687542, 41.699026 ], [ -87.681388, 41.699079 ], [ -87.681271, 41.695422 ], [ -87.681155, 41.691779 ], [ -87.687301, 41.691727 ], [ -87.690943, 41.691688 ], [ -87.690967, 41.692284 ], [ -87.6912, 41.698986 ] ] ] ] } },
{ "type": "Feature", "properties": { "geoid": "17031820400", "land_area": 2.526266, "total": 4538.0, "nh_white_alone": 508.0, "nh_black_alone": 363.0, "nh_asian_alone": 128.0, "hispanic": 3502.0, "other": 37.0 }, "geometry": { "type": "MultiPolygon", "coordinates": [ [ [ [ -87.826289, 41.783222 ], [ -87.816806, 41.793095 ], [ -87.817036, 41.792193 ], [ -87.814862, 41.79141 ], [ -87.81027, 41.791363 ], [ -87.809761, 41.789835 ], [ -87.810643, 41.787108 ], [ -87.811528, 41.784381 ], [ -87.801212, 41.7846 ], [ -87.801018, 41.780032 ], [ -87.800899, 41.777292 ], [ -87.801016, 41.776265 ], [ -87.804362, 41.772386 ], [ -87.805692, 41.774432 ], [ -87.80805, 41.774382 ], [ -87.812039, 41.774378 ], [ -87.81225, 41.774584 ], [ -87.814861, 41.775002 ], [ -87.815347, 41.77508 ], [ -87.814716, 41.775946 ], [ -87.815826, 41.776456 ], [ -87.816406, 41.776931 ], [ -87.820299, 41.776866 ], [ -87.820407, 41.779077 ], [ -87.820285, 41.779542 ], [ -87.824499, 41.782159 ], [ -87.825867, 41.782957 ], [ -87.826289, 41.783222 ] ] ] ] } },
{ "type": "Feature", "properties": { "geoid": "17031530300", "land_area": 1.308194, "total": 3482.0, "nh_white_alone": 11.0, "nh_black_alone": 3354.0, "nh_asian_alone": 13.0, "hispanic": 88.0, "other": 16.0 }, "geometry": { "type": "MultiPolygon", "coordinates": [ [ [ [ -87.661599, 41.68482 ], [ -87.656742, 41.684886 ], [ -87.651875, 41.684952 ], [ -87.649446, 41.684986 ], [ -87.647016, 41.685017 ], [ -87.642152, 41.685082 ], [ -87.641968, 41.679649 ], [ -87.641907, 41.677815 ], [ -87.646778, 41.677746 ], [ -87.651744, 41.677677 ], [ -87.652208, 41.67767 ], [ -87.656519, 41.677611 ], [ -87.661365, 41.677544 ], [ -87.661599, 41.68482 ] ] ] ] } },
{ "type": "Feature", "properties": { "geoid": "17031720400", "land_area": 0.663284, "total": 1927.0, "nh_white_alone": 1587.0, "nh_black_alone": 91.0, "nh_asian_alone": 18.0, "hispanic": 194.0, "other": 37.0 }, "geometry": { "type": "MultiPolygon", "coordinates": [ [ [ [ -87.691732, 41.713566 ], [ -87.686804, 41.713619 ], [ -87.681843, 41.713672 ], [ -87.68162, 41.706376 ], [ -87.686571, 41.706368 ], [ -87.691475, 41.706315 ], [ -87.691535, 41.707218 ], [ -87.691646, 41.710837 ], [ -87.691732, 41.713566 ] ] ] ] } },
{ "type": "Feature", "properties": { "geoid": "17031720600", "land_area": 0.582372, "total": 1944.0, "nh_white_alone": 1310.0, "nh_black_alone": 583.0, "nh_asian_alone": 0.0, "hispanic": 19.0, "other": 32.0 }, "geometry": { "type": "MultiPolygon", "coordinates": [ [ [ [ -87.68162, 41.706376 ], [ -87.673033, 41.706521 ], [ -87.672915, 41.702856 ], [ -87.672797, 41.699187 ], [ -87.67436, 41.699154 ], [ -87.681388, 41.699079 ], [ -87.681503, 41.702733 ], [ -87.68162, 41.706376 ] ] ] ] } },
{ "type": "Feature", "properties": { "geoid": "17031720100", "land_area": 1.965312, "total": 3434.0, "nh_white_alone": 1744.0, "nh_black_alone": 927.0, "nh_asian_alone": 46.0, "hispanic": 550.0, "other": 167.0 }, "geometry": { "type": "MultiPolygon", "coordinates": [ [ [ [ -87.682514, 41.735525 ], [ -87.67309, 41.73565 ], [ -87.668216, 41.730177 ], [ -87.667436, 41.728451 ], [ -87.667149, 41.72813 ], [ -87.665717, 41.725613 ], [ -87.664409, 41.722973 ], [ -87.663477, 41.721246 ], [ -87.66742, 41.721188 ], [ -87.668339, 41.721181 ], [ -87.669151, 41.721164 ], [ -87.672353, 41.721124 ], [ -87.672788, 41.721112 ], [ -87.674793, 41.72107 ], [ -87.682067, 41.72094 ], [ -87.682206, 41.725278 ], [ -87.682291, 41.728236 ], [ -87.682514, 41.735525 ] ] ] ] } },
{ "type": "Feature", "properties": { "geoid": "17031711000", "land_area": 0.654358, "total": 3419.0, "nh_white_alone": 0.0, "nh_black_alone": 2919.0, "nh_asian_alone": 37.0, "hispanic": 401.0, "other": 62.0 }, "geometry": { "type": "MultiPolygon", "coordinates": [ [ [ [ -87.653539, 41.743216 ], [ -87.649899, 41.743271 ], [ -87.648686, 41.743288 ], [ -87.643831, 41.743358 ], [ -87.643777, 41.741529 ], [ -87.643611, 41.73607 ], [ -87.648492, 41.736003 ], [ -87.652128, 41.735953 ], [ -87.65334, 41.735935 ], [ -87.653392, 41.737754 ], [ -87.653441, 41.739577 ], [ -87.653539, 41.743216 ] ] ] ] } },
{ "type": "Feature", "properties": { "geoid": "17031700401", "land_area": 1.482529, "total": 6367.0, "nh_white_alone": 159.0, "nh_black_alone": 3101.0, "nh_asian_alone": 24.0, "hispanic": 3046.0, "other": 37.0 }, "geometry": { "type": "MultiPolygon", "coordinates": [ [ [ [ -87.721912, 41.749502 ], [ -87.720293, 41.749526 ], [ -87.714112, 41.749621 ], [ -87.712549, 41.749645 ], [ -87.712075, 41.749653 ], [ -87.704825, 41.749761 ], [ -87.702394, 41.749774 ], [ -87.702343, 41.747978 ], [ -87.702292, 41.746152 ], [ -87.702185, 41.742039 ], [ -87.702173, 41.741583 ], [ -87.707041, 41.741501 ], [ -87.711845, 41.741424 ], [ -87.714345, 41.741384 ], [ -87.721649, 41.741267 ], [ -87.721679, 41.742179 ], [ -87.721763, 41.744925 ], [ -87.721791, 41.745786 ], [ -87.721815, 41.746579 ], [ -87.721912, 41.749502 ] ] ] ] } },
{ "type": "Feature", "properties": { "geoid": "17031251900", "land_area": 0.632452, "total": 5519.0, "nh_white_alone": 64.0, "nh_black_alone": 4646.0, "nh_asian_alone": 0.0, "hispanic": 714.0, "other": 95.0 }, "geometry": { "type": "MultiPolygon", "coordinates": [ [ [ [ -87.765106, 41.887201 ], [ -87.760354, 41.887358 ], [ -87.758998, 41.887377 ], [ -87.757988, 41.887391 ], [ -87.755319, 41.887202 ], [ -87.755161, 41.883002 ], [ -87.755067, 41.880372 ], [ -87.758729, 41.880325 ], [ -87.760119, 41.880308 ], [ -87.764864, 41.880246 ], [ -87.765002, 41.884235 ], [ -87.765106, 41.887201 ] ] ] ] } },
{ "type": "Feature", "properties": { "geoid": "17031020902", "land_area": 0.501886, "total": 4107.0, "nh_white_alone": 1424.0, "nh_black_alone": 703.0, "nh_asian_alone": 1405.0, "hispanic": 474.0, "other": 101.0 }, "geometry": { "type": "MultiPolygon", "coordinates": [ [ [ [ -87.683529, 41.991834 ], [ -87.681699, 41.991855 ], [ -87.681705, 41.994231 ], [ -87.682389, 41.994219 ], [ -87.682573, 41.997854 ], [ -87.676837, 41.997959 ], [ -87.675207, 41.997989 ], [ -87.675012, 41.997993 ], [ -87.674895, 41.994354 ], [ -87.674705, 41.990763 ], [ -87.675044, 41.990758 ], [ -87.678422, 41.990697 ], [ -87.683524, 41.990609 ], [ -87.683529, 41.991834 ] ] ] ] } },
{ "type": "Feature", "properties": { "geoid": "17031980100", "land_area": 2.981781, "total": 0.0, "nh_white_alone": 0.0, "nh_black_alone": 0.0, "nh_asian_alone": 0.0, "hispanic": 0.0, "other": 0.0 }, "geometry": { "type": "MultiPolygon", "coordinates": [ [ [ [ -87.762302, 41.792736 ], [ -87.752507, 41.792888 ], [ -87.737984, 41.793071 ], [ -87.73773, 41.787628 ], [ -87.737756, 41.785782 ], [ -87.741422, 41.785742 ], [ -87.741399, 41.784596 ], [ -87.742222, 41.78334 ], [ -87.742293, 41.778429 ], [ -87.747149, 41.778335 ], [ -87.753219, 41.778218 ], [ -87.756864, 41.778148 ], [ -87.761715, 41.778053 ], [ -87.761948, 41.783556 ], [ -87.762007, 41.785019 ], [ -87.762302, 41.792736 ] ] ] ] } },
{ "type": "Feature", "properties": { "geoid": "17031839200", "land_area": 0.650846, "total": 2295.0, "nh_white_alone": 260.0, "nh_black_alone": 1426.0, "nh_asian_alone": 235.0, "hispanic": 176.0, "other": 198.0 }, "geometry": { "type": "MultiPolygon", "coordinates": [ [ [ [ -87.626961, 41.845585 ], [ -87.626265, 41.845598 ], [ -87.623392, 41.845642 ], [ -87.622138, 41.84566 ], [ -87.618864, 41.84571 ], [ -87.617671, 41.845723 ], [ -87.617299, 41.845668 ], [ -87.617179, 41.841184 ], [ -87.617123, 41.838423 ], [ -87.617467, 41.838419 ], [ -87.618269, 41.838409 ], [ -87.621925, 41.838365 ], [ -87.623313, 41.838346 ], [ -87.623443, 41.838345 ], [ -87.626583, 41.838303 ], [ -87.626773, 41.838301 ], [ -87.626961, 41.845585 ] ] ] ] } },
{ "type": "Feature", "properties": { "geoid": "17031220601", "land_area": 0.189121, "total": 1680.0, "nh_white_alone": 946.0, "nh_black_alone": 78.0, "nh_asian_alone": 72.0, "hispanic": 511.0, "other": 73.0 }, "geometry": { "type": "MultiPolygon", "coordinates": [ [ [ [ -87.717074, 41.927804 ], [ -87.714632, 41.927834 ], [ -87.714596, 41.926444 ], [ -87.712157, 41.926481 ], [ -87.707618, 41.926513 ], [ -87.707568, 41.924714 ], [ -87.712105, 41.924661 ], [ -87.713738, 41.924644 ], [ -87.716994, 41.924603 ], [ -87.717074, 41.927804 ] ] ] ] } },
{ "type": "Feature", "properties": { "geoid": "17031070103", "land_area": 0.069094, "total": 1489.0, "nh_white_alone": 1034.0, "nh_black_alone": 158.0, "nh_asian_alone": 57.0, "hispanic": 89.0, "other": 151.0 }, "geometry": { "type": "MultiPolygon", "coordinates": [ [ [ [ -87.644217, 41.92805 ], [ -87.642232, 41.928533 ], [ -87.641807, 41.927813 ], [ -87.641336, 41.92701 ], [ -87.640479, 41.925585 ], [ -87.641502, 41.925569 ], [ -87.643927, 41.925532 ], [ -87.643992, 41.926727 ], [ -87.644026, 41.927326 ], [ -87.644217, 41.92805 ] ] ] ] } },
{ "type": "Feature", "properties": { "geoid": "17031070102", "land_area": 0.124699, "total": 2960.0, "nh_white_alone": 2264.0, "nh_black_alone": 32.0, "nh_asian_alone": 283.0, "hispanic": 199.0, "other": 182.0 }, "geometry": { "type": "MultiPolygon", "coordinates": [ [ [ [ -87.644886, 41.932801 ], [ -87.641343, 41.93287 ], [ -87.641786, 41.93236 ], [ -87.640869, 41.930856 ], [ -87.641467, 41.930661 ], [ -87.640634, 41.929242 ], [ -87.639265, 41.929696 ], [ -87.639228, 41.928665 ], [ -87.641807, 41.927813 ], [ -87.642232, 41.928533 ], [ -87.642924, 41.929662 ], [ -87.643446, 41.930014 ], [ -87.644274, 41.931338 ], [ -87.644886, 41.932801 ] ] ] ] } },
{ "type": "Feature", "properties": { "geoid": "17031240600", "land_area": 0.16538, "total": 1739.0, "nh_white_alone": 1026.0, "nh_black_alone": 46.0, "nh_asian_alone": 193.0, "hispanic": 419.0, "other": 55.0 }, "geometry": { "type": "MultiPolygon", "coordinates": [ [ [ [ -87.692203, 41.91395 ], [ -87.687316, 41.913995 ], [ -87.687221, 41.910321 ], [ -87.689667, 41.910297 ], [ -87.69211, 41.910277 ], [ -87.692203, 41.91395 ] ] ] ] } },
{ "type": "Feature", "properties": { "geoid": "17031251700", "land_area": 0.486655, "total": 1368.0, "nh_white_alone": 18.0, "nh_black_alone": 925.0, "nh_asian_alone": 0.0, "hispanic": 425.0, "other": 0.0 }, "geometry": { "type": "MultiPolygon", "coordinates": [ [ [ [ -87.748258, 41.894985 ], [ -87.745807, 41.895004 ], [ -87.741203, 41.895093 ], [ -87.740613, 41.887808 ], [ -87.745547, 41.887781 ], [ -87.74796, 41.887757 ], [ -87.748002, 41.887885 ], [ -87.748134, 41.891359 ], [ -87.748258, 41.894985 ] ] ] ] } },
{ "type": "Feature", "properties": { "geoid": "17031260400", "land_area": 0.328225, "total": 1511.0, "nh_white_alone": 0.0, "nh_black_alone": 1252.0, "nh_asian_alone": 0.0, "hispanic": 240.0, "other": 19.0 }, "geometry": { "type": "MultiPolygon", "coordinates": [ [ [ [ -87.740613, 41.887808 ], [ -87.735714, 41.887878 ], [ -87.735476, 41.880611 ], [ -87.74037, 41.880555 ], [ -87.740613, 41.887808 ] ] ] ] } },
{ "type": "Feature", "properties": { "geoid": "17031271800", "land_area": 0.205986, "total": 1006.0, "nh_white_alone": 70.0, "nh_black_alone": 936.0, "nh_asian_alone": 0.0, "hispanic": 0.0, "other": 0.0 }, "geometry": { "type": "MultiPolygon", "coordinates": [ [ [ [ -87.701013, 41.873747 ], [ -87.696101, 41.873794 ], [ -87.695979, 41.869233 ], [ -87.700869, 41.869189 ], [ -87.701013, 41.873747 ] ] ] ] } },
{ "type": "Feature", "properties": { "geoid": "17031310300", "land_area": 0.318572, "total": 1560.0, "nh_white_alone": 228.0, "nh_black_alone": 33.0, "nh_asian_alone": 61.0, "hispanic": 1151.0, "other": 87.0 }, "geometry": { "type": "MultiPolygon", "coordinates": [ [ [ [ -87.651568, 41.858022 ], [ -87.650941, 41.859851 ], [ -87.650822, 41.859853 ], [ -87.646706, 41.859911 ], [ -87.646495, 41.852647 ], [ -87.651411, 41.852575 ], [ -87.651568, 41.858022 ] ] ] ] } },
{ "type": "Feature", "properties": { "geoid": "17031351400", "land_area": 0.323957, "total": 1387.0, "nh_white_alone": 113.0, "nh_black_alone": 931.0, "nh_asian_alone": 19.0, "hispanic": 118.0, "other": 206.0 }, "geometry": { "type": "MultiPolygon", "coordinates": [ [ [ [ -87.626479, 41.831019 ], [ -87.622506, 41.831052 ], [ -87.621764, 41.831059 ], [ -87.621602, 41.823775 ], [ -87.626422, 41.823714 ], [ -87.626475, 41.827361 ], [ -87.626644, 41.831014 ], [ -87.626479, 41.831019 ] ] ] ] } },
{ "type": "Feature", "properties": { "geoid": "17031381400", "land_area": 0.316691, "total": 1579.0, "nh_white_alone": 29.0, "nh_black_alone": 1221.0, "nh_asian_alone": 0.0, "hispanic": 282.0, "other": 47.0 }, "geometry": { "type": "MultiPolygon", "coordinates": [ [ [ [ -87.626085, 41.809236 ], [ -87.619593, 41.809336 ], [ -87.619642, 41.811151 ], [ -87.618204, 41.811173 ], [ -87.618153, 41.809359 ], [ -87.618107, 41.807538 ], [ -87.616802, 41.807559 ], [ -87.61676, 41.805738 ], [ -87.624685, 41.805617 ], [ -87.625984, 41.805633 ], [ -87.626085, 41.809236 ] ] ] ] } },
{ "type": "Feature", "properties": { "geoid": "17031490600", "land_area": 0.683115, "total": 1344.0, "nh_white_alone": 63.0, "nh_black_alone": 1127.0, "nh_asian_alone": 43.0, "hispanic": 92.0, "other": 19.0 }, "geometry": { "type": "MultiPolygon", "coordinates": [ [ [ [ -87.633446, 41.721637 ], [ -87.628665, 41.721698 ], [ -87.62373, 41.721703 ], [ -87.623562, 41.71915 ], [ -87.622761, 41.716921 ], [ -87.622884, 41.715738 ], [ -87.623553, 41.714332 ], [ -87.627574, 41.714393 ], [ -87.628498, 41.714149 ], [ -87.629245, 41.714355 ], [ -87.633307, 41.714277 ], [ -87.633329, 41.714924 ], [ -87.633446, 41.721637 ] ] ] ] } },
{ "type": "Feature", "properties": { "geoid": "17031530100", "land_area": 0.649937, "total": 1678.0, "nh_white_alone": 13.0, "nh_black_alone": 537.0, "nh_asian_alone": 33.0, "hispanic": 1095.0, "other": 0.0 }, "geometry": { "type": "MultiPolygon", "coordinates": [ [ [ [ -87.62289, 41.685322 ], [ -87.61805, 41.685375 ], [ -87.6168, 41.685385 ], [ -87.612513, 41.685432 ], [ -87.612322, 41.685433 ], [ -87.613776, 41.678934 ], [ -87.613911, 41.678158 ], [ -87.616592, 41.678117 ], [ -87.617821, 41.678099 ], [ -87.622658, 41.678026 ], [ -87.622716, 41.67985 ], [ -87.622803, 41.682544 ], [ -87.622853, 41.684169 ], [ -87.62289, 41.685322 ] ] ] ] } },
{ "type": "Feature", "properties": { "geoid": "17031831700", "land_area": 0.5325, "total": 2270.0, "nh_white_alone": 923.0, "nh_black_alone": 135.0, "nh_asian_alone": 56.0, "hispanic": 1039.0, "other": 117.0 }, "geometry": { "type": "MultiPolygon", "coordinates": [ [ [ [ -87.747588, 41.962235 ], [ -87.747373, 41.962433 ], [ -87.747276, 41.962379 ], [ -87.744541, 41.960756 ], [ -87.746458, 41.960736 ], [ -87.74275, 41.953474 ], [ -87.742525, 41.953007 ], [ -87.74243, 41.949838 ], [ -87.742361, 41.946185 ], [ -87.747065, 41.946124 ], [ -87.747141, 41.947942 ], [ -87.747239, 41.950669 ], [ -87.747305, 41.953418 ], [ -87.747354, 41.955242 ], [ -87.747446, 41.957982 ], [ -87.7475, 41.959811 ], [ -87.747588, 41.962235 ] ] ] ] } },
{ "type": "Feature", "properties": { "geoid": "17031838100", "land_area": 0.820068, "total": 1873.0, "nh_white_alone": 565.0, "nh_black_alone": 797.0, "nh_asian_alone": 186.0, "hispanic": 250.0, "other": 75.0 }, "geometry": { "type": "MultiPolygon", "coordinates": [ [ [ [ -87.67669, 41.883147 ], [ -87.666945, 41.883298 ], [ -87.666852, 41.881455 ], [ -87.666739, 41.876351 ], [ -87.666686, 41.874251 ], [ -87.674859, 41.874067 ], [ -87.676456, 41.874043 ], [ -87.676515, 41.875844 ], [ -87.676528, 41.876207 ], [ -87.676546, 41.877479 ], [ -87.67658, 41.878746 ], [ -87.676642, 41.881314 ], [ -87.67669, 41.883147 ] ] ] ] } },
{ "type": "Feature", "properties": { "geoid": "17031835600", "land_area": 0.917505, "total": 725.0, "nh_white_alone": 0.0, "nh_black_alone": 639.0, "nh_asian_alone": 1.0, "hispanic": 5.0, "other": 80.0 }, "geometry": { "type": "MultiPolygon", "coordinates": [ [ [ [ -87.635839, 41.809046 ], [ -87.628916, 41.809185 ], [ -87.628831, 41.801892 ], [ -87.628562, 41.794599 ], [ -87.634212, 41.794499 ], [ -87.635362, 41.794478 ], [ -87.635622, 41.801767 ], [ -87.635839, 41.809046 ] ] ] ] } },
{ "type": "Feature", "properties": { "geoid": "17031835200", "land_area": 0.988538, "total": 2057.0, "nh_white_alone": 314.0, "nh_black_alone": 90.0, "nh_asian_alone": 11.0, "hispanic": 1625.0, "other": 17.0 }, "geometry": { "type": "MultiPolygon", "coordinates": [ [ [ [ -87.752736, 41.800187 ], [ -87.743034, 41.800326 ], [ -87.738013, 41.800382 ], [ -87.738033, 41.799455 ], [ -87.737857, 41.795292 ], [ -87.737984, 41.793071 ], [ -87.752507, 41.792888 ], [ -87.752585, 41.795783 ], [ -87.752639, 41.797215 ], [ -87.752736, 41.800187 ] ] ] ] } },
{ "type": "Feature", "properties": { "geoid": "17031020500", "land_area": 0.771659, "total": 6625.0, "nh_white_alone": 1573.0, "nh_black_alone": 1021.0, "nh_asian_alone": 1463.0, "hispanic": 1066.0, "other": 1502.0 }, "geometry": { "type": "MultiPolygon", "coordinates": [ [ [ [ -87.690071, 42.005033 ], [ -87.683816, 42.005143 ], [ -87.680171, 42.005206 ], [ -87.677938, 42.000357 ], [ -87.676837, 41.997959 ], [ -87.682573, 41.997854 ], [ -87.683795, 41.997832 ], [ -87.686229, 41.997794 ], [ -87.689883, 41.99773 ], [ -87.689946, 42.000144 ], [ -87.689977, 42.001368 ], [ -87.690024, 42.003189 ], [ -87.690071, 42.005033 ] ] ] ] } },
{ "type": "Feature", "properties": { "geoid": "17031081401", "land_area": 0.28179, "total": 2503.0, "nh_white_alone": 1451.0, "nh_black_alone": 63.0, "nh_asian_alone": 747.0, "hispanic": 207.0, "other": 35.0 }, "geometry": { "type": "MultiPolygon", "coordinates": [ [ [ [ -87.624243, 41.896734 ], [ -87.621831, 41.896769 ], [ -87.62037, 41.896785 ], [ -87.616537093401803, 41.896784660305499 ], [ -87.615881530952095, 41.895873503744397 ], [ -87.614276, 41.893642 ], [ -87.6142108711378, 41.893644068970602 ], [ -87.61463, 41.893519 ], [ -87.617738, 41.893447 ], [ -87.620275, 41.893406 ], [ -87.624213, 41.893335 ], [ -87.624252, 41.894942 ], [ -87.624243, 41.896734 ] ] ] ] } },
{ "type": "Feature", "properties": { "geoid": "17031320101", "land_area": 0.465726, "total": 8972.0, "nh_white_alone": 4923.0, "nh_black_alone": 1061.0, "nh_asian_alone": 1917.0, "hispanic": 541.0, "other": 530.0 }, "geometry": { "type": "MultiPolygon", "coordinates": [ [ [ [ -87.620857, 41.881835 ], [ -87.620718, 41.884515 ], [ -87.620557, 41.884514 ], [ -87.62061, 41.887659 ], [ -87.620464, 41.888585 ], [ -87.617589, 41.888456 ], [ -87.613786955432403, 41.888322541150799 ], [ -87.613804, 41.887936 ], [ -87.612781, 41.887852 ], [ -87.612983667417694, 41.885679323602901 ], [ -87.613104030645701, 41.884388981289597 ], [ -87.613178, 41.883596 ], [ -87.616537, 41.882396 ], [ -87.616505507392901, 41.880913535073901 ], [ -87.620791, 41.880873 ], [ -87.620857, 41.881835 ] ] ] ] } },
{ "type": "Feature", "properties": { "geoid": "17031844600", "land_area": 0.434671, "total": 2081.0, "nh_white_alone": 118.0, "nh_black_alone": 1559.0, "nh_asian_alone": 7.0, "hispanic": 303.0, "other": 94.0 }, "geometry": { "type": "MultiPolygon", "coordinates": [ [ [ [ -87.629126, 41.816451 ], [ -87.626271, 41.81649 ], [ -87.621407, 41.816564 ], [ -87.62126, 41.811125 ], [ -87.62613, 41.811054 ], [ -87.626085, 41.809236 ], [ -87.628916, 41.809185 ], [ -87.629126, 41.816451 ] ] ] ] } },
{ "type": "Feature", "properties": { "geoid": "17031822801", "land_area": 1.150858, "total": 3228.0, "nh_white_alone": 2271.0, "nh_black_alone": 420.0, "nh_asian_alone": 0.0, "hispanic": 446.0, "other": 91.0 }, "geometry": { "type": "MultiPolygon", "coordinates": [ [ [ [ -87.745013, 41.701819 ], [ -87.740133, 41.701903 ], [ -87.740001, 41.698244 ], [ -87.735157, 41.698322 ], [ -87.730313, 41.698407 ], [ -87.730275, 41.697459 ], [ -87.730175, 41.694748 ], [ -87.730073, 41.691141 ], [ -87.737318, 41.690982 ], [ -87.73973, 41.690891 ], [ -87.744584, 41.690765 ], [ -87.744851, 41.693665 ], [ -87.744879, 41.698154 ], [ -87.745013, 41.701819 ] ] ] ] } },
{ "type": "Feature", "properties": { "geoid": "17031700402", "land_area": 1.148944, "total": 3297.0, "nh_white_alone": 181.0, "nh_black_alone": 1887.0, "nh_asian_alone": 12.0, "hispanic": 993.0, "other": 224.0 }, "geometry": { "type": "MultiPolygon", "coordinates": [ [ [ [ -87.721649, 41.741267 ], [ -87.714345, 41.741384 ], [ -87.711845, 41.741424 ], [ -87.707041, 41.741501 ], [ -87.702173, 41.741583 ], [ -87.702032, 41.735546 ], [ -87.702124, 41.735203 ], [ -87.711706, 41.735034 ], [ -87.711978, 41.735029 ], [ -87.721436, 41.734862 ], [ -87.721453, 41.735609 ], [ -87.721619, 41.740348 ], [ -87.721649, 41.741267 ] ] ] ] } },
{ "type": "Feature", "properties": { "geoid": "17031813400", "land_area": 1.110013, "total": 8309.0, "nh_white_alone": 1120.0, "nh_black_alone": 741.0, "nh_asian_alone": 136.0, "hispanic": 6287.0, "other": 25.0 }, "geometry": { "type": "MultiPolygon", "coordinates": [ [ [ [ -87.772896, 41.865479 ], [ -87.767986, 41.865546 ], [ -87.759409, 41.865678 ], [ -87.759206, 41.858502 ], [ -87.763548, 41.858433 ], [ -87.764105, 41.858355 ], [ -87.764055, 41.856473 ], [ -87.768967, 41.856404 ], [ -87.768915, 41.85458 ], [ -87.770142, 41.854562 ], [ -87.772597, 41.854526 ], [ -87.7727, 41.858174 ], [ -87.772749, 41.860001 ], [ -87.772801, 41.861826 ], [ -87.772896, 41.865479 ] ] ] ] } },
{ "type": "Feature", "properties": { "geoid": "17031650100", "land_area": 0.673422, "total": 4283.0, "nh_white_alone": 384.0, "nh_black_alone": 21.0, "nh_asian_alone": 0.0, "hispanic": 3867.0, "other": 11.0 }, "geometry": { "type": "MultiPolygon", "coordinates": [ [ [ [ -87.722961, 41.785937 ], [ -87.718057, 41.786014 ], [ -87.71312, 41.786092 ], [ -87.712897, 41.786097 ], [ -87.71285, 41.782461 ], [ -87.712726, 41.778832 ], [ -87.712897, 41.778831 ], [ -87.717854, 41.778735 ], [ -87.72276, 41.778658 ], [ -87.722863, 41.782296 ], [ -87.722961, 41.785937 ] ] ] ] } },
{ "type": "Feature", "properties": { "geoid": "17031630800", "land_area": 0.655815, "total": 5928.0, "nh_white_alone": 135.0, "nh_black_alone": 195.0, "nh_asian_alone": 89.0, "hispanic": 5434.0, "other": 75.0 }, "geometry": { "type": "MultiPolygon", "coordinates": [ [ [ [ -87.703554, 41.793514 ], [ -87.69868, 41.793605 ], [ -87.693798, 41.793691 ], [ -87.693747, 41.791871 ], [ -87.693697, 41.790048 ], [ -87.693647, 41.788229 ], [ -87.693595, 41.786407 ], [ -87.697254, 41.786347 ], [ -87.700911, 41.786286 ], [ -87.703349, 41.786248 ], [ -87.703401, 41.788064 ], [ -87.703454, 41.789884 ], [ -87.703505, 41.791698 ], [ -87.703554, 41.793514 ] ] ] ] } },
{ "type": "Feature", "properties": { "geoid": "17031671400", "land_area": 0.495626, "total": 1516.0, "nh_white_alone": 0.0, "nh_black_alone": 658.0, "nh_asian_alone": 0.0, "hispanic": 590.0, "other": 268.0 }, "geometry": { "type": "MultiPolygon", "coordinates": [ [ [ [ -87.678817, 41.775935 ], [ -87.67849, 41.779247 ], [ -87.673905, 41.779316 ], [ -87.673757, 41.773891 ], [ -87.673713, 41.772076 ], [ -87.673625, 41.768441 ], [ -87.67862, 41.768385 ], [ -87.678715, 41.772015 ], [ -87.678817, 41.775935 ] ] ] ] } },
{ "type": "Feature", "properties": { "geoid": "17031611200", "land_area": 0.327038, "total": 2586.0, "nh_white_alone": 143.0, "nh_black_alone": 635.0, "nh_asian_alone": 0.0, "hispanic": 1808.0, "other": 0.0 }, "geometry": { "type": "MultiPolygon", "coordinates": [ [ [ [ -87.664973, 41.808604 ], [ -87.662534, 41.808637 ], [ -87.660106, 41.808669 ], [ -87.660012, 41.805029 ], [ -87.660005, 41.804753 ], [ -87.659985, 41.804098 ], [ -87.659964, 41.803206 ], [ -87.659918, 41.801382 ], [ -87.664776, 41.801318 ], [ -87.664825, 41.80314 ], [ -87.664973, 41.808604 ] ] ] ] } },
{ "type": "Feature", "properties": { "geoid": "17031440600", "land_area": 0.666619, "total": 1957.0, "nh_white_alone": 16.0, "nh_black_alone": 1820.0, "nh_asian_alone": 0.0, "hispanic": 62.0, "other": 59.0 }, "geometry": { "type": "MultiPolygon", "coordinates": [ [ [ [ -87.624165, 41.736299 ], [ -87.620993, 41.736406 ], [ -87.619375, 41.736431 ], [ -87.617759, 41.736455 ], [ -87.614528, 41.736503 ], [ -87.614431, 41.732849 ], [ -87.614364, 41.730111 ], [ -87.614301, 41.72787 ], [ -87.616229, 41.728665 ], [ -87.619177, 41.729119 ], [ -87.623938, 41.729042 ], [ -87.624165, 41.736299 ] ] ] ] } },
{ "type": "Feature", "properties": { "geoid": "17031310400", "land_area": 0.124462, "total": 1447.0, "nh_white_alone": 351.0, "nh_black_alone": 24.0, "nh_asian_alone": 63.0, "hispanic": 915.0, "other": 94.0 }, "geometry": { "type": "MultiPolygon", "coordinates": [ [ [ [ -87.653434, 41.859812 ], [ -87.650941, 41.859851 ], [ -87.651568, 41.858022 ], [ -87.651411, 41.852575 ], [ -87.653051, 41.852545 ], [ -87.653388, 41.857997 ], [ -87.653434, 41.859812 ] ] ] ] } },
{ "type": "Feature", "properties": { "geoid": "17031430500", "land_area": 0.342833, "total": 3531.0, "nh_white_alone": 1.0, "nh_black_alone": 3464.0, "nh_asian_alone": 0.0, "hispanic": 0.0, "other": 66.0 }, "geometry": { "type": "MultiPolygon", "coordinates": [ [ [ [ -87.586329, 41.766121 ], [ -87.582445, 41.766153 ], [ -87.579988, 41.766185 ], [ -87.579375, 41.766182 ], [ -87.576302, 41.766214 ], [ -87.576261, 41.764331 ], [ -87.576221, 41.762515 ], [ -87.579286, 41.762481 ], [ -87.582344, 41.76245 ], [ -87.586232, 41.76241 ], [ -87.586281, 41.764233 ], [ -87.586329, 41.766121 ] ] ] ] } },
{ "type": "Feature", "properties": { "geoid": "17031390200", "land_area": 0.303791, "total": 2012.0, "nh_white_alone": 319.0, "nh_black_alone": 1415.0, "nh_asian_alone": 137.0, "hispanic": 71.0, "other": 70.0 }, "geometry": { "type": "MultiPolygon", "coordinates": [ [ [ [ -87.601852, 41.81687 ], [ -87.60063, 41.816884 ], [ -87.599417, 41.816895 ], [ -87.598882, 41.816905 ], [ -87.596854, 41.814147 ], [ -87.596832, 41.809642 ], [ -87.599265, 41.809614 ], [ -87.6017, 41.809588 ], [ -87.601722, 41.810655 ], [ -87.601852, 41.81687 ] ] ] ] } },
{ "type": "Feature", "properties": { "geoid": "17031810701", "land_area": 0.629767, "total": 4627.0, "nh_white_alone": 2507.0, "nh_black_alone": 0.0, "nh_asian_alone": 0.0, "hispanic": 2120.0, "other": 0.0 }, "geometry": { "type": "MultiPolygon", "coordinates": [ [ [ [ -87.81639, 41.934313 ], [ -87.806624, 41.934511 ], [ -87.806556, 41.932563 ], [ -87.806495, 41.930815 ], [ -87.806443, 41.929338 ], [ -87.806387, 41.927752 ], [ -87.811268, 41.927676 ], [ -87.813689, 41.927109 ], [ -87.816137, 41.927055 ], [ -87.8162, 41.928868 ], [ -87.816263, 41.930676 ], [ -87.816326, 41.932493 ], [ -87.81639, 41.934313 ] ] ] ] } },
{ "type": "Feature", "properties": { "geoid": "17031770700", "land_area": 4.677383, "total": 2359.0, "nh_white_alone": 1574.0, "nh_black_alone": 66.0, "nh_asian_alone": 167.0, "hispanic": 526.0, "other": 26.0 }, "geometry": { "type": "MultiPolygon", "coordinates": [ [ [ [ -87.884493, 41.997971 ], [ -87.884531, 41.998223 ], [ -87.874691, 41.995695 ], [ -87.874264, 41.99558 ], [ -87.873352, 41.995342 ], [ -87.865855, 41.99568 ], [ -87.861774, 41.995789 ], [ -87.859437, 41.995847 ], [ -87.858436, 41.994491 ], [ -87.859705, 41.992122 ], [ -87.859021, 41.991139 ], [ -87.855851, 41.989057 ], [ -87.85573, 41.98882 ], [ -87.855617, 41.9884 ], [ -87.855506, 41.988128 ], [ -87.855514, 41.987964 ], [ -87.855675, 41.987516 ], [ -87.856028, 41.986792 ], [ -87.856727, 41.984781 ], [ -87.856369, 41.983628 ], [ -87.855833, 41.981194 ], [ -87.861932, 41.975161 ], [ -87.861996, 41.973862 ], [ -87.861854, 41.973359 ], [ -87.862278, 41.973311 ], [ -87.869617, 41.973133 ], [ -87.877652, 41.973057 ], [ -87.877874, 41.973039 ], [ -87.878972, 41.97715 ], [ -87.879041, 41.981044 ], [ -87.879185, 41.988105 ], [ -87.884329, 41.993205 ], [ -87.884532, 41.995132 ], [ -87.884493, 41.997971 ] ] ] ] } },
{ "type": "Feature", "properties": { "geoid": "17031230200", "land_area": 0.214283, "total": 1936.0, "nh_white_alone": 598.0, "nh_black_alone": 153.0, "nh_asian_alone": 77.0, "hispanic": 1087.0, "other": 21.0 }, "geometry": { "type": "MultiPolygon", "coordinates": [ [ [ [ -87.713417, 41.913589 ], [ -87.71018, 41.91363 ], [ -87.706948, 41.913714 ], [ -87.70686, 41.913716 ], [ -87.706805, 41.911942 ], [ -87.706877, 41.910147 ], [ -87.711901, 41.910059 ], [ -87.713305, 41.910037 ], [ -87.713417, 41.913589 ] ] ] ] } },
{ "type": "Feature", "properties": { "geoid": "17031831000", "land_area": 0.281248, "total": 2431.0, "nh_white_alone": 1975.0, "nh_black_alone": 24.0, "nh_asian_alone": 98.0, "hispanic": 179.0, "other": 155.0 }, "geometry": { "type": "MultiPolygon", "coordinates": [ [ [ [ -87.682447, 41.914619 ], [ -87.680014, 41.91467 ], [ -87.677555, 41.914716 ], [ -87.677581, 41.915942 ], [ -87.677586, 41.916238 ], [ -87.677622, 41.917758 ], [ -87.672762, 41.91785 ], [ -87.672714, 41.91603 ], [ -87.672667, 41.91425 ], [ -87.676326, 41.914179 ], [ -87.677547, 41.914249 ], [ -87.677463, 41.91047 ], [ -87.68242, 41.913582 ], [ -87.682447, 41.914619 ] ] ] ] } },
{ "type": "Feature", "properties": { "geoid": "17031242500", "land_area": 0.309814, "total": 3394.0, "nh_white_alone": 2296.0, "nh_black_alone": 286.0, "nh_asian_alone": 167.0, "hispanic": 636.0, "other": 9.0 }, "geometry": { "type": "MultiPolygon", "coordinates": [ [ [ [ -87.691952, 41.902968 ], [ -87.689488, 41.902993 ], [ -87.687027, 41.903016 ], [ -87.686936, 41.899379 ], [ -87.686843, 41.895743 ], [ -87.691773, 41.895702 ], [ -87.691818, 41.897513 ], [ -87.689351, 41.897535 ], [ -87.691839, 41.898422 ], [ -87.691863, 41.89933 ], [ -87.691885, 41.900241 ], [ -87.691952, 41.902968 ] ] ] ] } },
{ "type": "Feature", "properties": { "geoid": "17031241400", "land_area": 0.518625, "total": 5693.0, "nh_white_alone": 4088.0, "nh_black_alone": 154.0, "nh_asian_alone": 478.0, "hispanic": 430.0, "other": 543.0 }, "geometry": { "type": "MultiPolygon", "coordinates": [ [ [ [ -87.679907, 41.91044 ], [ -87.677463, 41.91047 ], [ -87.673679, 41.907956 ], [ -87.671362, 41.906477 ], [ -87.667513, 41.904017 ], [ -87.667495, 41.903346 ], [ -87.669944, 41.903306 ], [ -87.672381, 41.903267 ], [ -87.673594, 41.903247 ], [ -87.67382, 41.903245 ], [ -87.674822, 41.90323 ], [ -87.677258, 41.903191 ], [ -87.6797, 41.903147 ], [ -87.679815, 41.907097 ], [ -87.679907, 41.91044 ] ] ] ] } },
{ "type": "Feature", "properties": { "geoid": "17031050900", "land_area": 0.162724, "total": 1456.0, "nh_white_alone": 1079.0, "nh_black_alone": 15.0, "nh_asian_alone": 42.0, "hispanic": 110.0, "other": 210.0 }, "geometry": { "type": "MultiPolygon", "coordinates": [ [ [ [ -87.688258, 41.946731 ], [ -87.684619, 41.946784 ], [ -87.683406, 41.9468 ], [ -87.683301, 41.943157 ], [ -87.685727, 41.943125 ], [ -87.688153, 41.943098 ], [ -87.688258, 41.946731 ] ] ] ] } },
{ "type": "Feature", "properties": { "geoid": "17031031900", "land_area": 0.25767, "total": 2489.0, "nh_white_alone": 1784.0, "nh_black_alone": 143.0, "nh_asian_alone": 106.0, "hispanic": 363.0, "other": 93.0 }, "geometry": { "type": "MultiPolygon", "coordinates": [ [ [ [ -87.674078, 41.965169 ], [ -87.666734, 41.965271 ], [ -87.666348, 41.96345 ], [ -87.665954, 41.961635 ], [ -87.667726, 41.961612 ], [ -87.669258, 41.961592 ], [ -87.673977, 41.961525 ], [ -87.674026, 41.963349 ], [ -87.674078, 41.965169 ] ] ] ] } },
{ "type": "Feature", "properties": { "geoid": "17031200402", "land_area": 0.386205, "total": 4378.0, "nh_white_alone": 577.0, "nh_black_alone": 80.0, "nh_asian_alone": 0.0, "hispanic": 3701.0, "other": 20.0 }, "geometry": { "type": "MultiPolygon", "coordinates": [ [ [ [ -87.73395, 41.918905 ], [ -87.733339, 41.918905 ], [ -87.733392, 41.920744 ], [ -87.733448, 41.922572 ], [ -87.732834, 41.92258 ], [ -87.727075, 41.922645 ], [ -87.726667, 41.920825 ], [ -87.726615, 41.918994 ], [ -87.724876, 41.919016 ], [ -87.723906, 41.917198 ], [ -87.724217, 41.917196 ], [ -87.726559, 41.917166 ], [ -87.731446, 41.917104 ], [ -87.733887, 41.91707 ], [ -87.73395, 41.918905 ] ] ] ] } },
{ "type": "Feature", "properties": { "geoid": "17031170200", "land_area": 0.653046, "total": 3553.0, "nh_white_alone": 1551.0, "nh_black_alone": 27.0, "nh_asian_alone": 131.0, "hispanic": 1764.0, "other": 80.0 }, "geometry": { "type": "MultiPolygon", "coordinates": [ [ [ [ -87.786559, 41.952916 ], [ -87.781659, 41.952981 ], [ -87.779221, 41.953014 ], [ -87.776775, 41.953056 ], [ -87.776642, 41.949414 ], [ -87.776608, 41.948501 ], [ -87.776592, 41.948047 ], [ -87.776503, 41.945771 ], [ -87.783812, 41.945697 ], [ -87.786307, 41.945663 ], [ -87.786363, 41.94839 ], [ -87.786559, 41.952916 ] ] ] ] } },
{ "type": "Feature", "properties": { "geoid": "17031130200", "land_area": 2.075998, "total": 1394.0, "nh_white_alone": 658.0, "nh_black_alone": 0.0, "nh_asian_alone": 115.0, "hispanic": 569.0, "other": 52.0 }, "geometry": { "type": "MultiPolygon", "coordinates": [ [ [ [ -87.748257, 41.983567 ], [ -87.738306, 41.982713 ], [ -87.738274, 41.986378 ], [ -87.734218, 41.988268 ], [ -87.733066, 41.989767 ], [ -87.731862, 41.990094 ], [ -87.72923, 41.993694 ], [ -87.728888, 41.994117 ], [ -87.728885, 41.993692 ], [ -87.728433, 41.982832 ], [ -87.728233, 41.975532 ], [ -87.728132, 41.971884 ], [ -87.731831, 41.971845 ], [ -87.731908, 41.973636 ], [ -87.733117, 41.973651 ], [ -87.733171, 41.97548 ], [ -87.735634, 41.975454 ], [ -87.738103, 41.975428 ], [ -87.740687, 41.975401 ], [ -87.747993, 41.975341 ], [ -87.74808, 41.977943 ], [ -87.748257, 41.983567 ] ] ] ] } },
{ "type": "Feature", "properties": { "geoid": "17031081700", "land_area": 0.359199, "total": 5161.0, "nh_white_alone": 3409.0, "nh_black_alone": 158.0, "nh_asian_alone": 453.0, "hispanic": 778.0, "other": 363.0 }, "geometry": { "type": "MultiPolygon", "coordinates": [ [ [ [ -87.634203, 41.896596 ], [ -87.631245, 41.896636 ], [ -87.629775, 41.896656 ], [ -87.629724, 41.894854 ], [ -87.629717, 41.894052 ], [ -87.629537, 41.887508 ], [ -87.633971, 41.887513 ], [ -87.634049, 41.890785 ], [ -87.634153, 41.894793 ], [ -87.634203, 41.896596 ] ] ] ] } },
{ "type": "Feature", "properties": { "geoid": "17031071200", "land_area": 0.3252, "total": 2775.0, "nh_white_alone": 1940.0, "nh_black_alone": 0.0, "nh_asian_alone": 364.0, "hispanic": 245.0, "other": 226.0 }, "geometry": { "type": "MultiPolygon", "coordinates": [ [ [ [ -87.648761, 41.925454 ], [ -87.646336, 41.925493 ], [ -87.643927, 41.925532 ], [ -87.643787, 41.921888 ], [ -87.643667, 41.918253 ], [ -87.647312, 41.918194 ], [ -87.648509, 41.91818 ], [ -87.648697, 41.92363 ], [ -87.648761, 41.925454 ] ] ] ] } },
{ "type": "Feature", "properties": { "geoid": "17031030603", "land_area": 0.116, "total": 1996.0, "nh_white_alone": 765.0, "nh_black_alone": 604.0, "nh_asian_alone": 292.0, "hispanic": 259.0, "other": 76.0 }, "geometry": { "type": "MultiPolygon", "coordinates": [ [ [ [ -87.660181, 41.98727 ], [ -87.657428, 41.987319 ], [ -87.65673, 41.987331 ], [ -87.656672, 41.985507 ], [ -87.656609, 41.983683 ], [ -87.660069, 41.983622 ], [ -87.660126, 41.985462 ], [ -87.66017, 41.986951 ], [ -87.660181, 41.98727 ] ] ] ] } },
{ "type": "Feature", "properties": { "geoid": "17031030604", "land_area": 0.19859, "total": 3109.0, "nh_white_alone": 1625.0, "nh_black_alone": 448.0, "nh_asian_alone": 552.0, "hispanic": 238.0, "other": 246.0 }, "geometry": { "type": "MultiPolygon", "coordinates": [ [ [ [ -87.65673, 41.987331 ], [ -87.656031, 41.987344 ], [ -87.655303, 41.987357 ], [ -87.655325, 41.988093 ], [ -87.653645579757907, 41.988080681752898 ], [ -87.652742963399007, 41.985771935238702 ], [ -87.652141630556301, 41.984233823181398 ], [ -87.655192, 41.983802 ], [ -87.655915, 41.983692 ], [ -87.656609, 41.983683 ], [ -87.656672, 41.985507 ], [ -87.65673, 41.987331 ] ] ] ] } },
{ "type": "Feature", "properties": { "geoid": "17031430101", "land_area": 0.327083, "total": 3776.0, "nh_white_alone": 0.0, "nh_black_alone": 3695.0, "nh_asian_alone": 28.0, "hispanic": 53.0, "other": 0.0 }, "geometry": { "type": "MultiPolygon", "coordinates": [ [ [ [ -87.576487, 41.773456 ], [ -87.571617, 41.773502 ], [ -87.57156, 41.771679 ], [ -87.571509, 41.769854 ], [ -87.571456, 41.768029 ], [ -87.571397, 41.766262 ], [ -87.576302, 41.766214 ], [ -87.576348, 41.767981 ], [ -87.576398, 41.769801 ], [ -87.576448, 41.771629 ], [ -87.576487, 41.773456 ] ] ] ] } },
{ "type": "Feature", "properties": { "geoid": "17031280400", "land_area": 0.502194, "total": 1508.0, "nh_white_alone": 99.0, "nh_black_alone": 1303.0, "nh_asian_alone": 59.0, "hispanic": 47.0, "other": 0.0 }, "geometry": { "type": "MultiPolygon", "coordinates": [ [ [ [ -87.676846, 41.88872 ], [ -87.671961, 41.8888 ], [ -87.667069, 41.888852 ], [ -87.666945, 41.883298 ], [ -87.67669, 41.883147 ], [ -87.676846, 41.88872 ] ] ] ] } },
{ "type": "Feature", "properties": { "geoid": "17031431200", "land_area": 0.655295, "total": 2892.0, "nh_white_alone": 69.0, "nh_black_alone": 2642.0, "nh_asian_alone": 0.0, "hispanic": 9.0, "other": 172.0 }, "geometry": { "type": "MultiPolygon", "coordinates": [ [ [ [ -87.576142, 41.758876 ], [ -87.571246, 41.758934 ], [ -87.567591, 41.758974 ], [ -87.566373, 41.758988 ], [ -87.566335, 41.757158 ], [ -87.566303, 41.755361 ], [ -87.566269, 41.753546 ], [ -87.566238, 41.752183 ], [ -87.566233, 41.751728 ], [ -87.571106, 41.751668 ], [ -87.575982, 41.751606 ], [ -87.576066, 41.755242 ], [ -87.576142, 41.758876 ] ] ] ] } },
{ "type": "Feature", "properties": { "geoid": "17031670400", "land_area": 0.326418, "total": 1746.0, "nh_white_alone": 45.0, "nh_black_alone": 1176.0, "nh_asian_alone": 23.0, "hispanic": 485.0, "other": 17.0 }, "geometry": { "type": "MultiPolygon", "coordinates": [ [ [ [ -87.674301, 41.793916 ], [ -87.671874, 41.793943 ], [ -87.669443, 41.793969 ], [ -87.669295, 41.78851 ], [ -87.669245, 41.786688 ], [ -87.6741, 41.786628 ], [ -87.674301, 41.793916 ] ] ] ] } },
{ "type": "Feature", "properties": { "geoid": "17031832500", "land_area": 0.742894, "total": 3439.0, "nh_white_alone": 2582.0, "nh_black_alone": 63.0, "nh_asian_alone": 284.0, "hispanic": 316.0, "other": 194.0 }, "geometry": { "type": "MultiPolygon", "coordinates": [ [ [ [ -87.674403, 41.925069 ], [ -87.671666, 41.925106 ], [ -87.668146, 41.925152 ], [ -87.665769, 41.925183 ], [ -87.663327, 41.925218 ], [ -87.658453, 41.925292 ], [ -87.658335, 41.921661 ], [ -87.658219, 41.918034 ], [ -87.658203, 41.917343 ], [ -87.664214, 41.916968 ], [ -87.664421, 41.917581 ], [ -87.66785, 41.921576 ], [ -87.668406, 41.922062 ], [ -87.670386, 41.922315 ], [ -87.673933, 41.923993 ], [ -87.674403, 41.925069 ] ] ] ] } },
{ "type": "Feature", "properties": { "geoid": "17031833900", "land_area": 0.677853, "total": 2716.0, "nh_white_alone": 35.0, "nh_black_alone": 1305.0, "nh_asian_alone": 16.0, "hispanic": 1343.0, "other": 17.0 }, "geometry": { "type": "MultiPolygon", "coordinates": [ [ [ [ -87.560186, 41.73323 ], [ -87.559636, 41.733626 ], [ -87.555494, 41.73368 ], [ -87.54859, 41.733763 ], [ -87.542983, 41.733834 ], [ -87.539445, 41.734035 ], [ -87.536545, 41.729635 ], [ -87.539326, 41.728639 ], [ -87.5398, 41.730036 ], [ -87.540583, 41.730524 ], [ -87.541483, 41.729725 ], [ -87.541497, 41.730201 ], [ -87.555405, 41.730014 ], [ -87.555653, 41.729961 ], [ -87.559861, 41.732995 ], [ -87.560186, 41.73323 ] ] ] ] } },
{ "type": "Feature", "properties": { "geoid": "17031560300", "land_area": 0.653932, "total": 3343.0, "nh_white_alone": 663.0, "nh_black_alone": 75.0, "nh_asian_alone": 87.0, "hispanic": 2455.0, "other": 63.0 }, "geometry": { "type": "MultiPolygon", "coordinates": [ [ [ [ -87.752912, 41.807494 ], [ -87.743222, 41.807617 ], [ -87.743127, 41.80397 ], [ -87.743034, 41.800326 ], [ -87.752736, 41.800187 ], [ -87.752836, 41.803843 ], [ -87.752912, 41.807494 ] ] ] ] } },
{ "type": "Feature", "properties": { "geoid": "17031833000", "land_area": 1.312134, "total": 6109.0, "nh_white_alone": 4647.0, "nh_black_alone": 331.0, "nh_asian_alone": 608.0, "hispanic": 310.0, "other": 213.0 }, "geometry": { "type": "MultiPolygon", "coordinates": [ [ [ [ -87.667069, 41.888852 ], [ -87.66281, 41.888718 ], [ -87.662211, 41.889005 ], [ -87.658926, 41.888924 ], [ -87.657347, 41.888944 ], [ -87.654567, 41.888978 ], [ -87.648265, 41.889042 ], [ -87.647622, 41.889049 ], [ -87.64736, 41.881778 ], [ -87.652031, 41.8817 ], [ -87.65436, 41.8817 ], [ -87.657143, 41.881652 ], [ -87.666852, 41.881455 ], [ -87.666945, 41.883298 ], [ -87.667069, 41.888852 ] ] ] ] } },
{ "type": "Feature", "properties": { "geoid": "17031711300", "land_area": 0.350019, "total": 1506.0, "nh_white_alone": 0.0, "nh_black_alone": 1497.0, "nh_asian_alone": 0.0, "hispanic": 0.0, "other": 9.0 }, "geometry": { "type": "MultiPolygon", "coordinates": [ [ [ [ -87.672785, 41.735654 ], [ -87.670358, 41.735694 ], [ -87.66671, 41.735741 ], [ -87.663065, 41.73579 ], [ -87.663015, 41.733972 ], [ -87.662961, 41.732189 ], [ -87.665387, 41.732086 ], [ -87.665331, 41.730237 ], [ -87.668216, 41.730177 ], [ -87.67309, 41.73565 ], [ -87.672785, 41.735654 ] ] ] ] } },
{ "type": "Feature", "properties": { "geoid": "17031812600", "land_area": 0.629191, "total": 3553.0, "nh_white_alone": 2046.0, "nh_black_alone": 1035.0, "nh_asian_alone": 186.0, "hispanic": 150.0, "other": 136.0 }, "geometry": { "type": "MultiPolygon", "coordinates": [ [ [ [ -87.784655, 41.88695 ], [ -87.779768, 41.887039 ], [ -87.774881, 41.887072 ], [ -87.774782, 41.884132 ], [ -87.774658, 41.880151 ], [ -87.779553, 41.880056 ], [ -87.784457, 41.87997 ], [ -87.784556, 41.883444 ], [ -87.784655, 41.88695 ] ] ] ] } },
{ "type": "Feature", "properties": { "geoid": "17031330103", "land_area": 0.509666, "total": 8408.0, "nh_white_alone": 3811.0, "nh_black_alone": 2373.0, "nh_asian_alone": 1529.0, "hispanic": 452.0, "other": 243.0 }, "geometry": { "type": "MultiPolygon", "coordinates": [ [ [ [ -87.627202, 41.860744 ], [ -87.625663, 41.860209 ], [ -87.623989, 41.860269 ], [ -87.622473, 41.86025 ], [ -87.620858, 41.860237 ], [ -87.620767, 41.857921 ], [ -87.61968, 41.857889 ], [ -87.619165, 41.856913 ], [ -87.619101, 41.855558 ], [ -87.619041, 41.853002 ], [ -87.622279, 41.852962 ], [ -87.626363, 41.852915 ], [ -87.62709, 41.852943 ], [ -87.627146, 41.855447 ], [ -87.627102, 41.856764 ], [ -87.627202, 41.860744 ] ] ] ] } },
{ "type": "Feature", "properties": { "geoid": "17031740200", "land_area": 1.962882, "total": 6192.0, "nh_white_alone": 5234.0, "nh_black_alone": 26.0, "nh_asian_alone": 49.0, "hispanic": 411.0, "other": 472.0 }, "geometry": { "type": "MultiPolygon", "coordinates": [ [ [ [ -87.721125, 41.71317 ], [ -87.719907, 41.713188 ], [ -87.715011, 41.71326 ], [ -87.712578, 41.713296 ], [ -87.711299, 41.711491 ], [ -87.711123, 41.706079 ], [ -87.705038, 41.706141 ], [ -87.701325, 41.706186 ], [ -87.701217, 41.702525 ], [ -87.701083, 41.698871 ], [ -87.707235, 41.698775 ], [ -87.710851, 41.698721 ], [ -87.713294, 41.698683 ], [ -87.720639, 41.698566 ], [ -87.720759, 41.702225 ], [ -87.721036, 41.709523 ], [ -87.721125, 41.71317 ] ] ] ] } },
{ "type": "Feature", "properties": { "geoid": "17031222900", "land_area": 0.218387, "total": 1171.0, "nh_white_alone": 353.0, "nh_black_alone": 46.0, "nh_asian_alone": 0.0, "hispanic": 759.0, "other": 13.0 }, "geometry": { "type": "MultiPolygon", "coordinates": [ [ [ [ -87.724217, 41.917196 ], [ -87.723906, 41.917198 ], [ -87.721666, 41.917223 ], [ -87.719219, 41.917253 ], [ -87.716772, 41.917283 ], [ -87.71666, 41.913687 ], [ -87.722109, 41.913651 ], [ -87.723004, 41.915388 ], [ -87.724059, 41.915373 ], [ -87.724217, 41.917196 ] ] ] ] } },
{ "type": "Feature", "properties": { "geoid": "17031220602", "land_area": 0.45364, "total": 4358.0, "nh_white_alone": 2405.0, "nh_black_alone": 304.0, "nh_asian_alone": 150.0, "hispanic": 1345.0, "other": 154.0 }, "geometry": { "type": "MultiPolygon", "coordinates": [ [ [ [ -87.717195, 41.931911 ], [ -87.715971, 41.931924 ], [ -87.71231, 41.931984 ], [ -87.709866, 41.932003 ], [ -87.707427, 41.932029 ], [ -87.70745, 41.929225 ], [ -87.707646, 41.928729 ], [ -87.707895, 41.928365 ], [ -87.707618, 41.926513 ], [ -87.712157, 41.926481 ], [ -87.714596, 41.926444 ], [ -87.714632, 41.927834 ], [ -87.717074, 41.927804 ], [ -87.717088, 41.928255 ], [ -87.717145, 41.930091 ], [ -87.717195, 41.931911 ] ] ] ] } },
{ "type": "Feature", "properties": { "geoid": "17031062400", "land_area": 0.162936, "total": 1803.0, "nh_white_alone": 1402.0, "nh_black_alone": 56.0, "nh_asian_alone": 66.0, "hispanic": 190.0, "other": 89.0 }, "geometry": { "type": "MultiPolygon", "coordinates": [ [ [ [ -87.668763, 41.943343 ], [ -87.663917, 41.943418 ], [ -87.663821, 41.939765 ], [ -87.666242, 41.93973 ], [ -87.668662, 41.939697 ], [ -87.668763, 41.943343 ] ] ] ] } },
{ "type": "Feature", "properties": { "geoid": "17031191100", "land_area": 0.822433, "total": 6279.0, "nh_white_alone": 538.0, "nh_black_alone": 175.0, "nh_asian_alone": 114.0, "hispanic": 5310.0, "other": 142.0 }, "geometry": { "type": "MultiPolygon", "coordinates": [ [ [ [ -87.756146, 41.924107 ], [ -87.751227, 41.924175 ], [ -87.748758, 41.924206 ], [ -87.746302, 41.924239 ], [ -87.74621, 41.920584 ], [ -87.746169, 41.918757 ], [ -87.74601, 41.914493 ], [ -87.748574, 41.914801 ], [ -87.74936, 41.914908 ], [ -87.752858, 41.915326 ], [ -87.755895, 41.915709 ], [ -87.755991, 41.918652 ], [ -87.756042, 41.920458 ], [ -87.756146, 41.924107 ] ] ] ] } },
{ "type": "Feature", "properties": { "geoid": "17031170300", "land_area": 1.398898, "total": 4794.0, "nh_white_alone": 2540.0, "nh_black_alone": 0.0, "nh_asian_alone": 266.0, "hispanic": 1826.0, "other": 162.0 }, "geometry": { "type": "MultiPolygon", "coordinates": [ [ [ [ -87.807269, 41.952765 ], [ -87.803607, 41.952753 ], [ -87.801137, 41.952748 ], [ -87.798707, 41.952743 ], [ -87.796272, 41.952743 ], [ -87.790646, 41.952846 ], [ -87.786559, 41.952916 ], [ -87.786363, 41.94839 ], [ -87.786307, 41.945663 ], [ -87.792327, 41.945549 ], [ -87.795987, 41.945479 ], [ -87.798413, 41.94543 ], [ -87.800841, 41.945386 ], [ -87.803308, 41.945336 ], [ -87.807005, 41.945265 ], [ -87.807134, 41.948899 ], [ -87.807269, 41.952765 ] ] ] ] } },
{ "type": "Feature", "properties": { "geoid": "17031063000", "land_area": 0.324351, "total": 3062.0, "nh_white_alone": 2399.0, "nh_black_alone": 62.0, "nh_asian_alone": 309.0, "hispanic": 156.0, "other": 136.0 }, "geometry": { "type": "MultiPolygon", "coordinates": [ [ [ [ -87.654106, 41.939912 ], [ -87.653364, 41.939919 ], [ -87.649267, 41.939981 ], [ -87.649216, 41.938485 ], [ -87.649204, 41.938136 ], [ -87.649141, 41.936379 ], [ -87.649117, 41.935563 ], [ -87.649108, 41.935458 ], [ -87.649012, 41.93272 ], [ -87.653859, 41.932638 ], [ -87.653951, 41.935358 ], [ -87.653983, 41.936271 ], [ -87.654106, 41.939912 ] ] ] ] } },
{ "type": "Feature", "properties": { "geoid": "17031671600", "land_area": 0.407164, "total": 1829.0, "nh_white_alone": 6.0, "nh_black_alone": 1693.0, "nh_asian_alone": 28.0, "hispanic": 41.0, "other": 61.0 }, "geometry": { "type": "MultiPolygon", "coordinates": [ [ [ [ -87.66407, 41.774013 ], [ -87.661633, 41.774044 ], [ -87.659216, 41.774078 ], [ -87.659166, 41.772263 ], [ -87.659066, 41.768622 ], [ -87.658967, 41.764981 ], [ -87.663796, 41.764909 ], [ -87.663898, 41.768552 ], [ -87.663968, 41.770372 ], [ -87.664021, 41.772192 ], [ -87.66407, 41.774013 ] ] ] ] } },
{ "type": "Feature", "properties": { "geoid": "17031590500", "land_area": 0.572106, "total": 1630.0, "nh_white_alone": 371.0, "nh_black_alone": 94.0, "nh_asian_alone": 334.0, "hispanic": 755.0, "other": 76.0 }, "geometry": { "type": "MultiPolygon", "coordinates": [ [ [ [ -87.684459, 41.830289 ], [ -87.677721, 41.830364 ], [ -87.67528, 41.83039 ], [ -87.675237, 41.828568 ], [ -87.676454, 41.828553 ], [ -87.676403, 41.82673 ], [ -87.675181, 41.826741 ], [ -87.675088, 41.823113 ], [ -87.676318, 41.823091 ], [ -87.68424, 41.823 ], [ -87.684459, 41.830289 ] ] ] ] } },
{ "type": "Feature", "properties": { "geoid": "17031560400", "land_area": 0.339633, "total": 1438.0, "nh_white_alone": 269.0, "nh_black_alone": 0.0, "nh_asian_alone": 101.0, "hispanic": 1068.0, "other": 0.0 }, "geometry": { "type": "MultiPolygon", "coordinates": [ [ [ [ -87.743222, 41.807617 ], [ -87.742913, 41.807642 ], [ -87.738207, 41.807684 ], [ -87.738013, 41.800382 ], [ -87.743034, 41.800326 ], [ -87.743127, 41.80397 ], [ -87.743222, 41.807617 ] ] ] ] } },
{ "type": "Feature", "properties": { "geoid": "17031430600", "land_area": 0.333359, "total": 1722.0, "nh_white_alone": 5.0, "nh_black_alone": 1515.0, "nh_asian_alone": 0.0, "hispanic": 92.0, "other": 110.0 }, "geometry": { "type": "MultiPolygon", "coordinates": [ [ [ [ -87.576302, 41.766214 ], [ -87.571397, 41.766262 ], [ -87.568151, 41.766296 ], [ -87.566484, 41.766318 ], [ -87.566506, 41.76599 ], [ -87.566487, 41.764435 ], [ -87.56645, 41.762619 ], [ -87.567665, 41.762606 ], [ -87.571302, 41.762567 ], [ -87.576221, 41.762515 ], [ -87.576261, 41.764331 ], [ -87.576302, 41.766214 ] ] ] ] } },
{ "type": "Feature", "properties": { "geoid": "17031836300", "land_area": 0.137523, "total": 1849.0, "nh_white_alone": 366.0, "nh_black_alone": 1188.0, "nh_asian_alone": 66.0, "hispanic": 72.0, "other": 157.0 }, "geometry": { "type": "MultiPolygon", "coordinates": [ [ [ [ -87.606407, 41.802251 ], [ -87.603784, 41.802286 ], [ -87.601558, 41.802313 ], [ -87.601367, 41.802315 ], [ -87.596707, 41.802366 ], [ -87.596677, 41.800923 ], [ -87.601337, 41.800871 ], [ -87.60394, 41.80047 ], [ -87.606353, 41.800434 ], [ -87.606407, 41.802251 ] ] ] ] } },
{ "type": "Feature", "properties": { "geoid": "17031381700", "land_area": 0.196802, "total": 0.0, "nh_white_alone": 0.0, "nh_black_alone": 0.0, "nh_asian_alone": 0.0, "hispanic": 0.0, "other": 0.0 }, "geometry": { "type": "MultiPolygon", "coordinates": [ [ [ [ -87.628916, 41.809185 ], [ -87.626085, 41.809236 ], [ -87.625984, 41.805633 ], [ -87.62589, 41.801946 ], [ -87.628831, 41.801892 ], [ -87.628916, 41.809185 ] ] ] ] } },
{ "type": "Feature", "properties": { "geoid": "17031030702", "land_area": 0.022158, "total": 2039.0, "nh_white_alone": 933.0, "nh_black_alone": 124.0, "nh_asian_alone": 622.0, "hispanic": 360.0, "other": 0.0 }, "geometry": { "type": "MultiPolygon", "coordinates": [ [ [ [ -87.65514, 41.981879 ], [ -87.653942, 41.98075 ], [ -87.653779, 41.979834 ], [ -87.655079, 41.979801 ], [ -87.655088, 41.980051 ], [ -87.655106, 41.980725 ], [ -87.65514, 41.981879 ] ] ] ] } },
{ "type": "Feature", "properties": { "geoid": "17031190701", "land_area": 0.277868, "total": 2684.0, "nh_white_alone": 670.0, "nh_black_alone": 33.0, "nh_asian_alone": 10.0, "hispanic": 1842.0, "other": 129.0 }, "geometry": { "type": "MultiPolygon", "coordinates": [ [ [ [ -87.766246, 41.931277 ], [ -87.765018, 41.931294 ], [ -87.761335, 41.931337 ], [ -87.75642, 41.931399 ], [ -87.756314, 41.928683 ], [ -87.758776, 41.928652 ], [ -87.761217, 41.928158 ], [ -87.766131, 41.928085 ], [ -87.766246, 41.931277 ] ] ] ] } },
{ "type": "Feature", "properties": { "geoid": "17031283200", "land_area": 0.236547, "total": 1687.0, "nh_white_alone": 499.0, "nh_black_alone": 636.0, "nh_asian_alone": 269.0, "hispanic": 223.0, "other": 60.0 }, "geometry": { "type": "MultiPolygon", "coordinates": [ [ [ [ -87.661724, 41.87211 ], [ -87.661026, 41.872169 ], [ -87.656853, 41.872254 ], [ -87.656681, 41.866997 ], [ -87.661571, 41.866916 ], [ -87.661641, 41.869339 ], [ -87.661714, 41.871752 ], [ -87.661724, 41.87211 ] ] ] ] } },
{ "type": "Feature", "properties": { "geoid": "17031671800", "land_area": 0.324235, "total": 1329.0, "nh_white_alone": 2.0, "nh_black_alone": 1001.0, "nh_asian_alone": 0.0, "hispanic": 254.0, "other": 72.0 }, "geometry": { "type": "MultiPolygon", "coordinates": [ [ [ [ -87.658967, 41.764981 ], [ -87.654116, 41.765057 ], [ -87.653973, 41.759596 ], [ -87.653929, 41.757846 ], [ -87.658777, 41.757734 ], [ -87.658825, 41.759524 ], [ -87.658967, 41.764981 ] ] ] ] } },
{ "type": "Feature", "properties": { "geoid": "17031838000", "land_area": 0.538297, "total": 3069.0, "nh_white_alone": 418.0, "nh_black_alone": 1923.0, "nh_asian_alone": 145.0, "hispanic": 421.0, "other": 162.0 }, "geometry": { "type": "MultiPolygon", "coordinates": [ [ [ [ -87.686269, 41.876084 ], [ -87.683828, 41.87612 ], [ -87.683901, 41.878624 ], [ -87.68396, 41.881159 ], [ -87.681529, 41.881198 ], [ -87.676642, 41.881314 ], [ -87.67658, 41.878746 ], [ -87.676546, 41.877479 ], [ -87.676528, 41.876207 ], [ -87.676515, 41.875844 ], [ -87.676456, 41.874043 ], [ -87.683781, 41.873927 ], [ -87.686235, 41.873891 ], [ -87.686256, 41.875778 ], [ -87.686269, 41.876084 ] ] ] ] } },
{ "type": "Feature", "properties": { "geoid": "17031010300", "land_area": 0.472522, "total": 6477.0, "nh_white_alone": 3091.0, "nh_black_alone": 1107.0, "nh_asian_alone": 488.0, "hispanic": 1588.0, "other": 203.0 }, "geometry": { "type": "MultiPolygon", "coordinates": [ [ [ [ -87.67133, 42.019374 ], [ -87.669498, 42.019364 ], [ -87.668243, 42.019214 ], [ -87.664343218545895, 42.019278275545702 ], [ -87.663364421698205, 42.017197 ], [ -87.662357066928607, 42.015055 ], [ -87.661325472618103, 42.012861457982801 ], [ -87.663453, 42.01283 ], [ -87.665924, 42.012787 ], [ -87.666294, 42.01278 ], [ -87.670198, 42.012714 ], [ -87.670312, 42.015994 ], [ -87.670329, 42.017056 ], [ -87.671054, 42.018026 ], [ -87.67133, 42.019374 ] ] ] ] } },
{ "type": "Feature", "properties": { "geoid": "17031835000", "land_area": 1.004079, "total": 5468.0, "nh_white_alone": 489.0, "nh_black_alone": 1899.0, "nh_asian_alone": 138.0, "hispanic": 2942.0, "other": 0.0 }, "geometry": { "type": "MultiPolygon", "coordinates": [ [ [ [ -87.693595, 41.786407 ], [ -87.692376, 41.786427 ], [ -87.691156, 41.786447 ], [ -87.687498, 41.786504 ], [ -87.683831, 41.786529 ], [ -87.683686, 41.78651 ], [ -87.678716, 41.786569 ], [ -87.67849, 41.779247 ], [ -87.683639, 41.779216 ], [ -87.687305, 41.779205 ], [ -87.690959, 41.779153 ], [ -87.693392, 41.779116 ], [ -87.693445, 41.780939 ], [ -87.693497, 41.78276 ], [ -87.693595, 41.786407 ] ] ] ] } },
{ "type": "Feature", "properties": { "geoid": "17031630300", "land_area": 0.985487, "total": 5193.0, "nh_white_alone": 46.0, "nh_black_alone": 35.0, "nh_asian_alone": 54.0, "hispanic": 5058.0, "other": 0.0 }, "geometry": { "type": "MultiPolygon", "coordinates": [ [ [ [ -87.713635, 41.804189 ], [ -87.711222, 41.804329 ], [ -87.703865, 41.804309 ], [ -87.703766, 41.800821 ], [ -87.703659, 41.797167 ], [ -87.703554, 41.793514 ], [ -87.707231, 41.793461 ], [ -87.713399, 41.793362 ], [ -87.713467, 41.795205 ], [ -87.713499, 41.797024 ], [ -87.713635, 41.804189 ] ] ] ] } },
{ "type": "Feature", "properties": { "geoid": "17031330200", "land_area": 0.75602, "total": 3981.0, "nh_white_alone": 1511.0, "nh_black_alone": 1076.0, "nh_asian_alone": 776.0, "hispanic": 373.0, "other": 245.0 }, "geometry": { "type": "MultiPolygon", "coordinates": [ [ [ [ -87.634485, 41.859073 ], [ -87.634502, 41.859934 ], [ -87.63479, 41.867364 ], [ -87.627338, 41.867477 ], [ -87.62728, 41.864054 ], [ -87.627202, 41.860744 ], [ -87.627102, 41.856764 ], [ -87.627146, 41.855447 ], [ -87.62709, 41.852943 ], [ -87.629352, 41.852952 ], [ -87.630068, 41.852941 ], [ -87.630158, 41.855122 ], [ -87.630226, 41.857779 ], [ -87.635131, 41.857759 ], [ -87.634485, 41.859073 ] ] ] ] } },
{ "type": "Feature", "properties": { "geoid": "17031421200", "land_area": 0.325749, "total": 2049.0, "nh_white_alone": 0.0, "nh_black_alone": 1912.0, "nh_asian_alone": 0.0, "hispanic": 15.0, "other": 122.0 }, "geometry": { "type": "MultiPolygon", "coordinates": [ [ [ [ -87.613045, 41.773012 ], [ -87.60941, 41.773078 ], [ -87.605769, 41.773141 ], [ -87.605727, 41.771322 ], [ -87.605662, 41.768501 ], [ -87.605586, 41.765881 ], [ -87.610517, 41.769406 ], [ -87.612181, 41.770582 ], [ -87.61545, 41.77297 ], [ -87.613045, 41.773012 ] ] ] ] } },
{ "type": "Feature", "properties": { "geoid": "17031291600", "land_area": 0.22034, "total": 1506.0, "nh_white_alone": 224.0, "nh_black_alone": 162.0, "nh_asian_alone": 37.0, "hispanic": 1083.0, "other": 0.0 }, "geometry": { "type": "MultiPolygon", "coordinates": [ [ [ [ -87.695692, 41.859221 ], [ -87.688217, 41.859337 ], [ -87.688171, 41.856915 ], [ -87.693129, 41.855782 ], [ -87.695558, 41.85524 ], [ -87.695569, 41.855552 ], [ -87.695692, 41.859221 ] ] ] ] } },
{ "type": "Feature", "properties": { "geoid": "17031832200", "land_area": 0.399536, "total": 3206.0, "nh_white_alone": 2217.0, "nh_black_alone": 151.0, "nh_asian_alone": 301.0, "hispanic": 330.0, "other": 207.0 }, "geometry": { "type": "MultiPolygon", "coordinates": [ [ [ [ -87.683641, 41.924955 ], [ -87.682457, 41.924973 ], [ -87.677899, 41.925026 ], [ -87.67779, 41.922318 ], [ -87.677752, 41.921398 ], [ -87.677622, 41.917758 ], [ -87.677586, 41.916238 ], [ -87.677581, 41.915942 ], [ -87.677555, 41.914716 ], [ -87.680014, 41.91467 ], [ -87.68005, 41.916188 ], [ -87.680096, 41.917707 ], [ -87.682519, 41.917659 ], [ -87.68264, 41.921313 ], [ -87.682732, 41.924465 ], [ -87.683641, 41.924955 ] ] ] ] } },
{ "type": "Feature", "properties": { "geoid": "17031242000", "land_area": 0.326757, "total": 4575.0, "nh_white_alone": 2604.0, "nh_black_alone": 744.0, "nh_asian_alone": 334.0, "hispanic": 634.0, "other": 259.0 }, "geometry": { "type": "MultiPolygon", "coordinates": [ [ [ [ -87.667495, 41.903346 ], [ -87.66383, 41.903388 ], [ -87.662628, 41.903409 ], [ -87.662583, 41.901526 ], [ -87.662479, 41.89888 ], [ -87.662405, 41.89615 ], [ -87.667292, 41.896074 ], [ -87.667367, 41.898798 ], [ -87.667392, 41.899708 ], [ -87.667444, 41.901524 ], [ -87.667495, 41.903346 ] ] ] ] } },
{ "type": "Feature", "properties": { "geoid": "17031031502", "land_area": 0.161705, "total": 4463.0, "nh_white_alone": 1827.0, "nh_black_alone": 1675.0, "nh_asian_alone": 341.0, "hispanic": 443.0, "other": 177.0 }, "geometry": { "type": "MultiPolygon", "coordinates": [ [ [ [ -87.654787, 41.96543 ], [ -87.653742, 41.965444 ], [ -87.650019, 41.965488 ], [ -87.649988, 41.964513 ], [ -87.649966, 41.963668 ], [ -87.649912, 41.961843 ], [ -87.654748, 41.961779 ], [ -87.654769, 41.963607 ], [ -87.654777, 41.964446 ], [ -87.654787, 41.96543 ] ] ] ] } },
{ "type": "Feature", "properties": { "geoid": "17031190100", "land_area": 0.316148, "total": 2423.0, "nh_white_alone": 200.0, "nh_black_alone": 51.0, "nh_asian_alone": 98.0, "hispanic": 2032.0, "other": 42.0 }, "geometry": { "type": "MultiPolygon", "coordinates": [ [ [ [ -87.746873, 41.938826 ], [ -87.742154, 41.938891 ], [ -87.741893, 41.931595 ], [ -87.746595, 41.931533 ], [ -87.746667, 41.933355 ], [ -87.746741, 41.935181 ], [ -87.746815, 41.937003 ], [ -87.746873, 41.938826 ] ] ] ] } },
{ "type": "Feature", "properties": { "geoid": "17031140500", "land_area": 0.452821, "total": 3315.0, "nh_white_alone": 1042.0, "nh_black_alone": 39.0, "nh_asian_alone": 432.0, "hispanic": 1412.0, "other": 390.0 }, "geometry": { "type": "MultiPolygon", "coordinates": [ [ [ [ -87.737902, 41.968134 ], [ -87.735433, 41.968158 ], [ -87.732968, 41.968186 ], [ -87.730478, 41.968215 ], [ -87.728028, 41.968242 ], [ -87.727956, 41.965648 ], [ -87.727878, 41.962816 ], [ -87.727828, 41.960947 ], [ -87.729693, 41.960927 ], [ -87.731967, 41.962493 ], [ -87.733632, 41.963639 ], [ -87.735781, 41.965115 ], [ -87.73752, 41.966311 ], [ -87.737851, 41.96654 ], [ -87.737902, 41.968134 ] ] ] ] } },
{ "type": "Feature", "properties": { "geoid": "17031081900", "land_area": 0.137297, "total": 1326.0, "nh_white_alone": 830.0, "nh_black_alone": 75.0, "nh_asian_alone": 186.0, "hispanic": 152.0, "other": 83.0 }, "geometry": { "type": "MultiPolygon", "coordinates": [ [ [ [ -87.643092, 41.900413 ], [ -87.640044, 41.900468 ], [ -87.639984, 41.898905 ], [ -87.640028, 41.895517 ], [ -87.642949, 41.895505 ], [ -87.642929, 41.896476 ], [ -87.643092, 41.900413 ] ] ] ] } },
{ "type": "Feature", "properties": { "geoid": "17031490200", "land_area": 0.870444, "total": 2879.0, "nh_white_alone": 0.0, "nh_black_alone": 2655.0, "nh_asian_alone": 52.0, "hispanic": 15.0, "other": 157.0 }, "geometry": { "type": "MultiPolygon", "coordinates": [ [ [ [ -87.623938, 41.729042 ], [ -87.619177, 41.729119 ], [ -87.616229, 41.728665 ], [ -87.614301, 41.72787 ], [ -87.614273, 41.726934 ], [ -87.611584, 41.725588 ], [ -87.60978, 41.725181 ], [ -87.609372, 41.724485 ], [ -87.604492, 41.722548 ], [ -87.604482, 41.722044 ], [ -87.614143, 41.721892 ], [ -87.616561, 41.721851 ], [ -87.618986, 41.721809 ], [ -87.62373, 41.721703 ], [ -87.623938, 41.729042 ] ] ] ] } },
{ "type": "Feature", "properties": { "geoid": "17031010701", "land_area": 0.42969, "total": 3478.0, "nh_white_alone": 1126.0, "nh_black_alone": 779.0, "nh_asian_alone": 230.0, "hispanic": 1199.0, "other": 144.0 }, "geometry": { "type": "MultiPolygon", "coordinates": [ [ [ [ -87.682683, 42.012497 ], [ -87.68027, 42.012536 ], [ -87.675678, 42.012617 ], [ -87.675406, 42.011394 ], [ -87.675328, 42.008962 ], [ -87.675294, 42.007139 ], [ -87.675276, 42.006533 ], [ -87.675227, 42.005302 ], [ -87.680171, 42.005206 ], [ -87.681161, 42.00735 ], [ -87.681842, 42.008845 ], [ -87.682288, 42.010059 ], [ -87.682323, 42.010157 ], [ -87.683086, 42.012323 ], [ -87.682683, 42.012497 ] ] ] ] } },
{ "type": "Feature", "properties": { "geoid": "17031010503", "land_area": 0.194213, "total": 2757.0, "nh_white_alone": 1624.0, "nh_black_alone": 530.0, "nh_asian_alone": 290.0, "hispanic": 102.0, "other": 211.0 }, "geometry": { "type": "MultiPolygon", "coordinates": [ [ [ [ -87.665644, 42.002421 ], [ -87.660783, 42.002551 ], [ -87.660712, 42.000439 ], [ -87.660553, 41.998189 ], [ -87.665436, 41.998136 ], [ -87.665596, 42.00083 ], [ -87.665644, 42.002421 ] ] ] ] } },
{ "type": "Feature", "properties": { "geoid": "17031351100", "land_area": 0.347265, "total": 2000.0, "nh_white_alone": 29.0, "nh_black_alone": 1688.0, "nh_asian_alone": 26.0, "hispanic": 229.0, "other": 28.0 }, "geometry": { "type": "MultiPolygon", "coordinates": [ [ [ [ -87.616967, 41.8311 ], [ -87.614484, 41.83112 ], [ -87.610613, 41.831186 ], [ -87.611627, 41.827536 ], [ -87.612624, 41.823891 ], [ -87.616732, 41.823838 ], [ -87.616873, 41.83039 ], [ -87.616967, 41.8311 ] ] ] ] } },
{ "type": "Feature", "properties": { "geoid": "17031260500", "land_area": 0.337553, "total": 1985.0, "nh_white_alone": 0.0, "nh_black_alone": 1920.0, "nh_asian_alone": 0.0, "hispanic": 65.0, "other": 0.0 }, "geometry": { "type": "MultiPolygon", "coordinates": [ [ [ [ -87.74037, 41.880555 ], [ -87.735476, 41.880611 ], [ -87.73538, 41.877861 ], [ -87.735222, 41.87352 ], [ -87.737802, 41.872406 ], [ -87.740078, 41.871899 ], [ -87.740123, 41.873251 ], [ -87.73939, 41.873266 ], [ -87.739515, 41.876909 ], [ -87.740262, 41.876907 ], [ -87.74037, 41.880555 ] ] ] ] } },
{ "type": "Feature", "properties": { "geoid": "17031691300", "land_area": 0.647447, "total": 2106.0, "nh_white_alone": 0.0, "nh_black_alone": 1985.0, "nh_asian_alone": 91.0, "hispanic": 0.0, "other": 30.0 }, "geometry": { "type": "MultiPolygon", "coordinates": [ [ [ [ -87.624759, 41.758237 ], [ -87.619926, 41.758321 ], [ -87.616704, 41.758379 ], [ -87.61512, 41.758408 ], [ -87.615041, 41.754766 ], [ -87.614958, 41.751114 ], [ -87.618154, 41.751063 ], [ -87.621386, 41.751007 ], [ -87.624546, 41.75096 ], [ -87.624644, 41.754594 ], [ -87.624759, 41.758237 ] ] ] ] } },
{ "type": "Feature", "properties": { "geoid": "17031834800", "land_area": 0.599866, "total": 1780.0, "nh_white_alone": 19.0, "nh_black_alone": 1624.0, "nh_asian_alone": 1.0, "hispanic": 73.0, "other": 63.0 }, "geometry": { "type": "MultiPolygon", "coordinates": [ [ [ [ -87.649828, 41.786956 ], [ -87.647403, 41.786989 ], [ -87.644969, 41.787025 ], [ -87.640171, 41.787107 ], [ -87.640081, 41.783466 ], [ -87.640028, 41.780745 ], [ -87.643678, 41.780664 ], [ -87.644839, 41.781557 ], [ -87.644786, 41.779751 ], [ -87.646174, 41.779729 ], [ -87.649643, 41.779674 ], [ -87.649737, 41.783315 ], [ -87.649828, 41.786956 ] ] ] ] } },
{ "type": "Feature", "properties": { "geoid": "17031330102", "land_area": 0.402828, "total": 11992.0, "nh_white_alone": 4867.0, "nh_black_alone": 3580.0, "nh_asian_alone": 1629.0, "hispanic": 1308.0, "other": 608.0 }, "geometry": { "type": "MultiPolygon", "coordinates": [ [ [ [ -87.627338, 41.867477 ], [ -87.624995, 41.867506 ], [ -87.622673, 41.867562 ], [ -87.622557, 41.864135 ], [ -87.619793, 41.864159 ], [ -87.619266, 41.860952 ], [ -87.620832, 41.86051 ], [ -87.620858, 41.860237 ], [ -87.622473, 41.86025 ], [ -87.623989, 41.860269 ], [ -87.625663, 41.860209 ], [ -87.627202, 41.860744 ], [ -87.62728, 41.864054 ], [ -87.627338, 41.867477 ] ] ] ] } },
{ "type": "Feature", "properties": { "geoid": "17031530200", "land_area": 1.297343, "total": 3779.0, "nh_white_alone": 136.0, "nh_black_alone": 3085.0, "nh_asian_alone": 0.0, "hispanic": 508.0, "other": 50.0 }, "geometry": { "type": "MultiPolygon", "coordinates": [ [ [ [ -87.642152, 41.685082 ], [ -87.636108, 41.685155 ], [ -87.632481, 41.685204 ], [ -87.62769, 41.685263 ], [ -87.62289, 41.685322 ], [ -87.622853, 41.684169 ], [ -87.622803, 41.682544 ], [ -87.622716, 41.67985 ], [ -87.622658, 41.678026 ], [ -87.627461, 41.677972 ], [ -87.632273, 41.67792 ], [ -87.641907, 41.677815 ], [ -87.641968, 41.679649 ], [ -87.642152, 41.685082 ] ] ] ] } },
{ "type": "Feature", "properties": { "geoid": "17031491300", "land_area": 0.646033, "total": 2025.0, "nh_white_alone": 3.0, "nh_black_alone": 1819.0, "nh_asian_alone": 23.0, "hispanic": 158.0, "other": 22.0 }, "geometry": { "type": "MultiPolygon", "coordinates": [ [ [ [ -87.632645, 41.692472 ], [ -87.627907, 41.692527 ], [ -87.623104, 41.692585 ], [ -87.623077, 41.691678 ], [ -87.622997, 41.688956 ], [ -87.62289, 41.685322 ], [ -87.62769, 41.685263 ], [ -87.632481, 41.685204 ], [ -87.632545, 41.687022 ], [ -87.632612, 41.688839 ], [ -87.632745, 41.691636 ], [ -87.632645, 41.692472 ] ] ] ] } },
{ "type": "Feature", "properties": { "geoid": "17031839600", "land_area": 0.327053, "total": 1687.0, "nh_white_alone": 124.0, "nh_black_alone": 1467.0, "nh_asian_alone": 14.0, "hispanic": 23.0, "other": 59.0 }, "geometry": { "type": "MultiPolygon", "coordinates": [ [ [ [ -87.621764, 41.831059 ], [ -87.618406, 41.831091 ], [ -87.617312, 41.831131 ], [ -87.616967, 41.8311 ], [ -87.616873, 41.83039 ], [ -87.616732, 41.823838 ], [ -87.617259, 41.82383 ], [ -87.618214, 41.823817 ], [ -87.621602, 41.823775 ], [ -87.621764, 41.831059 ] ] ] ] } },
{ "type": "Feature", "properties": { "geoid": "17031230300", "land_area": 0.106483, "total": 967.0, "nh_white_alone": 97.0, "nh_black_alone": 105.0, "nh_asian_alone": 0.0, "hispanic": 750.0, "other": 15.0 }, "geometry": { "type": "MultiPolygon", "coordinates": [ [ [ [ -87.71657, 41.910762 ], [ -87.716656, 41.913549 ], [ -87.713417, 41.913589 ], [ -87.713305, 41.910037 ], [ -87.71436, 41.910026 ], [ -87.7167, 41.909997 ], [ -87.71657, 41.910762 ] ] ] ] } },
{ "type": "Feature", "properties": { "geoid": "17031062200", "land_area": 0.242322, "total": 3119.0, "nh_white_alone": 2568.0, "nh_black_alone": 10.0, "nh_asian_alone": 178.0, "hispanic": 267.0, "other": 96.0 }, "geometry": { "type": "MultiPolygon", "coordinates": [ [ [ [ -87.659122, 41.945316 ], [ -87.656699, 41.945351 ], [ -87.65523, 41.945605 ], [ -87.654245, 41.944466 ], [ -87.65422, 41.943571 ], [ -87.654163, 41.941742 ], [ -87.654106, 41.939912 ], [ -87.656537, 41.939874 ], [ -87.658969, 41.939838 ], [ -87.659073, 41.943493 ], [ -87.659122, 41.945316 ] ] ] ] } },
{ "type": "Feature", "properties": { "geoid": "17031051400", "land_area": 0.346283, "total": 2606.0, "nh_white_alone": 1853.0, "nh_black_alone": 119.0, "nh_asian_alone": 280.0, "hispanic": 262.0, "other": 92.0 }, "geometry": { "type": "MultiPolygon", "coordinates": [ [ [ [ -87.685521, 41.934932 ], [ -87.683109, 41.935872 ], [ -87.683201, 41.939513 ], [ -87.678355, 41.939573 ], [ -87.678237, 41.93593 ], [ -87.678135, 41.932285 ], [ -87.682661, 41.932231 ], [ -87.683285, 41.93327 ], [ -87.68563, 41.933871 ], [ -87.685521, 41.934932 ] ] ] ] } },
{ "type": "Feature", "properties": { "geoid": "17031050100", "land_area": 0.334634, "total": 2163.0, "nh_white_alone": 1733.0, "nh_black_alone": 42.0, "nh_asian_alone": 57.0, "hispanic": 207.0, "other": 124.0 }, "geometry": { "type": "MultiPolygon", "coordinates": [ [ [ [ -87.678959, 41.961458 ], [ -87.677488, 41.961473 ], [ -87.673977, 41.961525 ], [ -87.673886, 41.957878 ], [ -87.673843, 41.956067 ], [ -87.673794, 41.954225 ], [ -87.678754, 41.954162 ], [ -87.678866, 41.957806 ], [ -87.678959, 41.961458 ] ] ] ] } },
{ "type": "Feature", "properties": { "geoid": "17031030900", "land_area": 0.408716, "total": 2818.0, "nh_white_alone": 1926.0, "nh_black_alone": 69.0, "nh_asian_alone": 95.0, "hispanic": 558.0, "other": 170.0 }, "geometry": { "type": "MultiPolygon", "coordinates": [ [ [ [ -87.674609, 41.983357 ], [ -87.673016, 41.983424 ], [ -87.668757, 41.98349 ], [ -87.668429, 41.98167 ], [ -87.668279, 41.979844 ], [ -87.66835, 41.978019 ], [ -87.668417, 41.976191 ], [ -87.674408, 41.976103 ], [ -87.674433, 41.977923 ], [ -87.674463, 41.979748 ], [ -87.67456, 41.981573 ], [ -87.674609, 41.983357 ] ] ] ] } },
{ "type": "Feature", "properties": { "geoid": "17031160400", "land_area": 0.657332, "total": 5419.0, "nh_white_alone": 2628.0, "nh_black_alone": 251.0, "nh_asian_alone": 472.0, "hispanic": 1938.0, "other": 130.0 }, "geometry": { "type": "MultiPolygon", "coordinates": [ [ [ [ -87.727828, 41.960947 ], [ -87.726605, 41.960963 ], [ -87.724158, 41.960992 ], [ -87.722929, 41.961009 ], [ -87.72049, 41.961039 ], [ -87.71804, 41.961069 ], [ -87.717924, 41.95743 ], [ -87.717813, 41.953791 ], [ -87.719038, 41.953775 ], [ -87.721487, 41.953742 ], [ -87.722711, 41.953726 ], [ -87.727618, 41.953662 ], [ -87.727669, 41.955477 ], [ -87.727723, 41.957301 ], [ -87.727828, 41.960947 ] ] ] ] } },
{ "type": "Feature", "properties": { "geoid": "17031110502", "land_area": 0.649329, "total": 3519.0, "nh_white_alone": 2372.0, "nh_black_alone": 47.0, "nh_asian_alone": 388.0, "hispanic": 643.0, "other": 69.0 }, "geometry": { "type": "MultiPolygon", "coordinates": [ [ [ [ -87.76756, 41.970329 ], [ -87.765058, 41.971616 ], [ -87.764132, 41.971655 ], [ -87.765353, 41.973009 ], [ -87.764174, 41.973327 ], [ -87.763911, 41.973331 ], [ -87.762049, 41.972897 ], [ -87.75521, 41.972965 ], [ -87.752802, 41.972439 ], [ -87.752652, 41.968881 ], [ -87.752635, 41.967967 ], [ -87.757443, 41.967905 ], [ -87.757701, 41.967902 ], [ -87.761355, 41.967595 ], [ -87.762619, 41.967666 ], [ -87.765246, 41.967811 ], [ -87.767477, 41.967783 ], [ -87.767505, 41.96869 ], [ -87.76756, 41.970329 ] ] ] ] } },
{ "type": "Feature", "properties": { "geoid": "17031730400", "land_area": 1.285204, "total": 3547.0, "nh_white_alone": 35.0, "nh_black_alone": 3410.0, "nh_asian_alone": 70.0, "hispanic": 32.0, "other": 0.0 }, "geometry": { "type": "MultiPolygon", "coordinates": [ [ [ [ -87.663477, 41.721246 ], [ -87.662684, 41.721265 ], [ -87.659032, 41.721298 ], [ -87.657813, 41.721327 ], [ -87.6577, 41.72133 ], [ -87.655384, 41.721342 ], [ -87.652948, 41.721372 ], [ -87.651716, 41.721396 ], [ -87.65062, 41.721416 ], [ -87.643211, 41.721503 ], [ -87.643108, 41.71762 ], [ -87.643196, 41.714805 ], [ -87.643003, 41.714214 ], [ -87.647883, 41.714145 ], [ -87.652887, 41.714093 ], [ -87.65332, 41.714084 ], [ -87.657496, 41.714032 ], [ -87.659764, 41.714004 ], [ -87.663029, 41.718387 ], [ -87.663477, 41.721246 ] ] ] ] } },
{ "type": "Feature", "properties": { "geoid": "17031650200", "land_area": 0.991073, "total": 6782.0, "nh_white_alone": 737.0, "nh_black_alone": 0.0, "nh_asian_alone": 188.0, "hispanic": 5831.0, "other": 26.0 }, "geometry": { "type": "MultiPolygon", "coordinates": [ [ [ [ -87.737756, 41.785782 ], [ -87.733968, 41.785821 ], [ -87.7303, 41.785862 ], [ -87.729075, 41.785873 ], [ -87.727851, 41.785886 ], [ -87.722961, 41.785937 ], [ -87.722863, 41.782296 ], [ -87.72276, 41.778658 ], [ -87.728863, 41.778584 ], [ -87.733745, 41.778529 ], [ -87.737397, 41.778487 ], [ -87.73757, 41.782138 ], [ -87.737756, 41.785782 ] ] ] ] } },
{ "type": "Feature", "properties": { "geoid": "17031580600", "land_area": 0.49279, "total": 5948.0, "nh_white_alone": 326.0, "nh_black_alone": 63.0, "nh_asian_alone": 613.0, "hispanic": 4826.0, "other": 120.0 }, "geometry": { "type": "MultiPolygon", "coordinates": [ [ [ [ -87.694627, 41.822786 ], [ -87.689727, 41.822882 ], [ -87.689644, 41.819623 ], [ -87.689615, 41.818571 ], [ -87.68958, 41.817436 ], [ -87.689527, 41.815621 ], [ -87.689475, 41.813805 ], [ -87.689427, 41.811992 ], [ -87.691871, 41.811951 ], [ -87.694315, 41.811913 ], [ -87.694371, 41.813736 ], [ -87.694482, 41.81736 ], [ -87.694566, 41.820023 ], [ -87.69457, 41.820129 ], [ -87.694627, 41.822786 ] ] ] ] } },
{ "type": "Feature", "properties": { "geoid": "17031612000", "land_area": 0.325911, "total": 1214.0, "nh_white_alone": 0.0, "nh_black_alone": 656.0, "nh_asian_alone": 0.0, "hispanic": 558.0, "other": 0.0 }, "geometry": { "type": "MultiPolygon", "coordinates": [ [ [ [ -87.655059, 41.801452 ], [ -87.651415, 41.801501 ], [ -87.650204, 41.801517 ], [ -87.650016, 41.79424 ], [ -87.654874, 41.794172 ], [ -87.654958, 41.79781 ], [ -87.655059, 41.801452 ] ] ] ] } },
{ "type": "Feature", "properties": { "geoid": "17031611400", "land_area": 0.326619, "total": 3536.0, "nh_white_alone": 48.0, "nh_black_alone": 1.0, "nh_asian_alone": 0.0, "hispanic": 3487.0, "other": 0.0 }, "geometry": { "type": "MultiPolygon", "coordinates": [ [ [ [ -87.674687, 41.80851 ], [ -87.673472, 41.808521 ], [ -87.672255, 41.80853 ], [ -87.669828, 41.808557 ], [ -87.669735, 41.804918 ], [ -87.669692, 41.803098 ], [ -87.669645, 41.801276 ], [ -87.67086, 41.801266 ], [ -87.673294, 41.801245 ], [ -87.674507, 41.801233 ], [ -87.674553, 41.803055 ], [ -87.674591, 41.804666 ], [ -87.674687, 41.80851 ] ] ] ] } },
{ "type": "Feature", "properties": { "geoid": "17031490902", "land_area": 1.196066, "total": 4725.0, "nh_white_alone": 0.0, "nh_black_alone": 4587.0, "nh_asian_alone": 0.0, "hispanic": 94.0, "other": 44.0 }, "geometry": { "type": "MultiPolygon", "coordinates": [ [ [ [ -87.623523, 41.707165 ], [ -87.618643, 41.707239 ], [ -87.613767, 41.707315 ], [ -87.610113, 41.70737 ], [ -87.606518, 41.707433 ], [ -87.607354, 41.703757 ], [ -87.607553, 41.702838 ], [ -87.609012, 41.696444 ], [ -87.610033, 41.696422 ], [ -87.609234, 41.699611 ], [ -87.613559, 41.699559 ], [ -87.618437, 41.699487 ], [ -87.620237, 41.698091 ], [ -87.622074, 41.698069 ], [ -87.623314, 41.699871 ], [ -87.623417, 41.703519 ], [ -87.623523, 41.707165 ] ] ] ] } },
{ "type": "Feature", "properties": { "geoid": "17031410500", "land_area": 0.263011, "total": 2887.0, "nh_white_alone": 621.0, "nh_black_alone": 1353.0, "nh_asian_alone": 453.0, "hispanic": 213.0, "other": 247.0 }, "geometry": { "type": "MultiPolygon", "coordinates": [ [ [ [ -87.606353, 41.800434 ], [ -87.60394, 41.80047 ], [ -87.601337, 41.800871 ], [ -87.601271, 41.797934 ], [ -87.60131, 41.795015 ], [ -87.603752, 41.794989 ], [ -87.606216, 41.794965 ], [ -87.606318, 41.798613 ], [ -87.606353, 41.800434 ] ] ] ] } },
{ "type": "Feature", "properties": { "geoid": "17031836800", "land_area": 0.801875, "total": 2867.0, "nh_white_alone": 228.0, "nh_black_alone": 2135.0, "nh_asian_alone": 0.0, "hispanic": 499.0, "other": 5.0 }, "geometry": { "type": "MultiPolygon", "coordinates": [ [ [ [ -87.720982, 41.888018 ], [ -87.718541, 41.88804 ], [ -87.711219, 41.888113 ], [ -87.706335, 41.888175 ], [ -87.70617, 41.882794 ], [ -87.711061, 41.882743 ], [ -87.713845, 41.881266 ], [ -87.72082, 41.881897 ], [ -87.720982, 41.888018 ] ] ] ] } },
{ "type": "Feature", "properties": { "geoid": "17031251600", "land_area": 0.480786, "total": 3983.0, "nh_white_alone": 647.0, "nh_black_alone": 2307.0, "nh_asian_alone": 0.0, "hispanic": 994.0, "other": 35.0 }, "geometry": { "type": "MultiPolygon", "coordinates": [ [ [ [ -87.755599, 41.894936 ], [ -87.753156, 41.894956 ], [ -87.751931, 41.894954 ], [ -87.748258, 41.894985 ], [ -87.748134, 41.891359 ], [ -87.748002, 41.887885 ], [ -87.750443, 41.887866 ], [ -87.752895, 41.887842 ], [ -87.755337, 41.887809 ], [ -87.755463, 41.891195 ], [ -87.755599, 41.894936 ] ] ] ] } },
{ "type": "Feature", "properties": { "geoid": "17031290900", "land_area": 0.996496, "total": 4870.0, "nh_white_alone": 140.0, "nh_black_alone": 4612.0, "nh_asian_alone": 0.0, "hispanic": 52.0, "other": 66.0 }, "geometry": { "type": "MultiPolygon", "coordinates": [ [ [ [ -87.739932, 41.86596 ], [ -87.730064, 41.866102 ], [ -87.72517, 41.866172 ], [ -87.725061, 41.862524 ], [ -87.724955, 41.858868 ], [ -87.729841, 41.8588 ], [ -87.737176, 41.858692 ], [ -87.739767, 41.858654 ], [ -87.739838, 41.862075 ], [ -87.739932, 41.86596 ] ] ] ] } },
{ "type": "Feature", "properties": { "geoid": "17031810400", "land_area": 2.319249, "total": 5496.0, "nh_white_alone": 4644.0, "nh_black_alone": 17.0, "nh_asian_alone": 93.0, "hispanic": 631.0, "other": 111.0 }, "geometry": { "type": "MultiPolygon", "coordinates": [ [ [ [ -87.836618, 41.986365 ], [ -87.836573, 41.990168 ], [ -87.836476, 41.996457 ], [ -87.829606, 41.996641 ], [ -87.821414, 41.996851 ], [ -87.822128, 41.993342 ], [ -87.822219, 41.992704 ], [ -87.822917, 41.98755 ], [ -87.823016, 41.986821 ], [ -87.823327, 41.984509 ], [ -87.823396, 41.983982 ], [ -87.82352, 41.983093 ], [ -87.824429, 41.976042 ], [ -87.833741, 41.976215 ], [ -87.829535, 41.977051 ], [ -87.82997, 41.978525 ], [ -87.828567, 41.978556 ], [ -87.828764, 41.980449 ], [ -87.83315, 41.980399 ], [ -87.836579, 41.979761 ], [ -87.836573, 41.980432 ], [ -87.836618, 41.986365 ] ] ] ] } },
{ "type": "Feature", "properties": { "geoid": "17031750200", "land_area": 1.311132, "total": 3079.0, "nh_white_alone": 916.0, "nh_black_alone": 1578.0, "nh_asian_alone": 196.0, "hispanic": 313.0, "other": 76.0 }, "geometry": { "type": "MultiPolygon", "coordinates": [ [ [ [ -87.681388, 41.699079 ], [ -87.67436, 41.699154 ], [ -87.672797, 41.699187 ], [ -87.671199, 41.699218 ], [ -87.666891, 41.699306 ], [ -87.660445, 41.699423 ], [ -87.66198, 41.696679 ], [ -87.661803, 41.694304 ], [ -87.661844, 41.692117 ], [ -87.663311, 41.692156 ], [ -87.663943, 41.691245 ], [ -87.668893, 41.693207 ], [ -87.66976, 41.691711 ], [ -87.671895, 41.691932 ], [ -87.681155, 41.691779 ], [ -87.681271, 41.695422 ], [ -87.681388, 41.699079 ] ] ] ] } },
{ "type": "Feature", "properties": { "geoid": "17031510300", "land_area": 2.958349, "total": 4344.0, "nh_white_alone": 25.0, "nh_black_alone": 4301.0, "nh_asian_alone": 0.0, "hispanic": 0.0, "other": 18.0 }, "geometry": { "type": "MultiPolygon", "coordinates": [ [ [ [ -87.587452, 41.723266 ], [ -87.585144, 41.723296 ], [ -87.57538, 41.723466 ], [ -87.570501, 41.723531 ], [ -87.568422, 41.723549 ], [ -87.565631, 41.723858 ], [ -87.565356, 41.722592 ], [ -87.564717, 41.7226 ], [ -87.564682, 41.720293 ], [ -87.564611, 41.715356 ], [ -87.564586, 41.713526 ], [ -87.564537, 41.709896 ], [ -87.564517, 41.708536 ], [ -87.564511, 41.708103 ], [ -87.566927, 41.708066 ], [ -87.573663, 41.707966 ], [ -87.586051, 41.707765 ], [ -87.585037, 41.709932 ], [ -87.585164, 41.7208 ], [ -87.586639, 41.722323 ], [ -87.587452, 41.723266 ] ] ] ] } },
{ "type": "Feature", "properties": { "geoid": "17031770901", "land_area": 1.239068, "total": 4918.0, "nh_white_alone": 4075.0, "nh_black_alone": 12.0, "nh_asian_alone": 439.0, "hispanic": 99.0, "other": 293.0 }, "geometry": { "type": "MultiPolygon", "coordinates": [ [ [ [ -87.826747, 41.970315 ], [ -87.826741, 41.973141 ], [ -87.826735, 41.974034 ], [ -87.82185, 41.97416 ], [ -87.819427, 41.974104 ], [ -87.818525, 41.970619 ], [ -87.818408, 41.970622 ], [ -87.816953, 41.97066 ], [ -87.816917, 41.974289 ], [ -87.812005, 41.974416 ], [ -87.807067, 41.974538 ], [ -87.807156, 41.96827 ], [ -87.807173, 41.967281 ], [ -87.812063, 41.967159 ], [ -87.815703, 41.967067 ], [ -87.816378, 41.96705 ], [ -87.816986, 41.967034 ], [ -87.81847, 41.966996 ], [ -87.819428, 41.966972 ], [ -87.821613, 41.966916 ], [ -87.826756, 41.966787 ], [ -87.826747, 41.970315 ] ] ] ] } },
{ "type": "Feature", "properties": { "geoid": "17031230100", "land_area": 0.16634, "total": 1516.0, "nh_white_alone": 546.0, "nh_black_alone": 182.0, "nh_asian_alone": 86.0, "hispanic": 502.0, "other": 200.0 }, "geometry": { "type": "MultiPolygon", "coordinates": [ [ [ [ -87.706805, 41.911942 ], [ -87.70686, 41.913716 ], [ -87.706864, 41.913828 ], [ -87.701979, 41.913885 ], [ -87.701866, 41.910172 ], [ -87.706877, 41.910147 ], [ -87.706805, 41.911942 ] ] ] ] } },
{ "type": "Feature", "properties": { "geoid": "17031240800", "land_area": 0.166576, "total": 1583.0, "nh_white_alone": 676.0, "nh_black_alone": 162.0, "nh_asian_alone": 42.0, "hispanic": 582.0, "other": 121.0 }, "geometry": { "type": "MultiPolygon", "coordinates": [ [ [ [ -87.701979, 41.913885 ], [ -87.699191, 41.913906 ], [ -87.697093, 41.91388 ], [ -87.697034, 41.910227 ], [ -87.699091, 41.910189 ], [ -87.701866, 41.910172 ], [ -87.701979, 41.913885 ] ] ] ] } },
{ "type": "Feature", "properties": { "geoid": "17031051100", "land_area": 0.162702, "total": 1851.0, "nh_white_alone": 1272.0, "nh_black_alone": 17.0, "nh_asian_alone": 74.0, "hispanic": 380.0, "other": 108.0 }, "geometry": { "type": "MultiPolygon", "coordinates": [ [ [ [ -87.683301, 41.943157 ], [ -87.678453, 41.943216 ], [ -87.678404, 41.941397 ], [ -87.678355, 41.939573 ], [ -87.683201, 41.939513 ], [ -87.683225, 41.940425 ], [ -87.683301, 41.943157 ] ] ] ] } },
{ "type": "Feature", "properties": { "geoid": "17031040700", "land_area": 0.342084, "total": 3681.0, "nh_white_alone": 2587.0, "nh_black_alone": 90.0, "nh_asian_alone": 357.0, "hispanic": 330.0, "other": 317.0 }, "geometry": { "type": "MultiPolygon", "coordinates": [ [ [ [ -87.701093, 41.968514 ], [ -87.698689, 41.968532 ], [ -87.696244, 41.968553 ], [ -87.693798, 41.968572 ], [ -87.691349, 41.968593 ], [ -87.688907, 41.968615 ], [ -87.688828, 41.966072 ], [ -87.688816, 41.965738 ], [ -87.688791, 41.964868 ], [ -87.691236, 41.964836 ], [ -87.69246, 41.964826 ], [ -87.693682, 41.964816 ], [ -87.696055, 41.964797 ], [ -87.697202, 41.964788 ], [ -87.698714, 41.966199 ], [ -87.701093, 41.968514 ] ] ] ] } },
{ "type": "Feature", "properties": { "geoid": "17031831500", "land_area": 0.962686, "total": 3778.0, "nh_white_alone": 975.0, "nh_black_alone": 407.0, "nh_asian_alone": 391.0, "hispanic": 1926.0, "other": 79.0 }, "geometry": { "type": "MultiPolygon", "coordinates": [ [ [ [ -87.790796, 41.938238 ], [ -87.786031, 41.938317 ], [ -87.785922, 41.937862 ], [ -87.78581, 41.934661 ], [ -87.785689, 41.931002 ], [ -87.785645, 41.929168 ], [ -87.785443, 41.923678 ], [ -87.785411, 41.922631 ], [ -87.785277, 41.918228 ], [ -87.785226, 41.916452 ], [ -87.787423, 41.916795 ], [ -87.789348, 41.917485 ], [ -87.79013, 41.918456 ], [ -87.790407, 41.923636 ], [ -87.790638, 41.930942 ], [ -87.790659, 41.934594 ], [ -87.790796, 41.938238 ] ] ] ] } },
{ "type": "Feature", "properties": { "geoid": "17031151200", "land_area": 0.655584, "total": 3447.0, "nh_white_alone": 2082.0, "nh_black_alone": 1.0, "nh_asian_alone": 55.0, "hispanic": 1296.0, "other": 13.0 }, "geometry": { "type": "MultiPolygon", "coordinates": [ [ [ [ -87.776503, 41.945771 ], [ -87.771629, 41.945824 ], [ -87.766756, 41.945877 ], [ -87.766725, 41.944964 ], [ -87.766628, 41.942228 ], [ -87.766596, 41.941314 ], [ -87.7665, 41.938575 ], [ -87.770142, 41.938527 ], [ -87.776215, 41.938448 ], [ -87.776321, 41.941192 ], [ -87.776357, 41.942112 ], [ -87.776463, 41.944857 ], [ -87.776503, 41.945771 ] ] ] ] } },
{ "type": "Feature", "properties": { "geoid": "17031071100", "land_area": 0.325455, "total": 2979.0, "nh_white_alone": 2311.0, "nh_black_alone": 56.0, "nh_asian_alone": 201.0, "hispanic": 259.0, "other": 152.0 }, "geometry": { "type": "MultiPolygon", "coordinates": [ [ [ [ -87.653613, 41.925376 ], [ -87.65286, 41.925389 ], [ -87.651183, 41.925415 ], [ -87.648761, 41.925454 ], [ -87.648697, 41.92363 ], [ -87.648509, 41.91818 ], [ -87.649129, 41.918171 ], [ -87.649725, 41.918161 ], [ -87.650939, 41.918143 ], [ -87.653367, 41.918105 ], [ -87.653488, 41.921738 ], [ -87.653613, 41.925376 ] ] ] ] } },
{ "type": "Feature", "properties": { "geoid": "17031670600", "land_area": 0.327032, "total": 1232.0, "nh_white_alone": 15.0, "nh_black_alone": 694.0, "nh_asian_alone": 0.0, "hispanic": 508.0, "other": 15.0 }, "geometry": { "type": "MultiPolygon", "coordinates": [ [ [ [ -87.6741, 41.786628 ], [ -87.669245, 41.786688 ], [ -87.669156, 41.783046 ], [ -87.669064, 41.779544 ], [ -87.669079, 41.779383 ], [ -87.673905, 41.779316 ], [ -87.674001, 41.782982 ], [ -87.6741, 41.786628 ] ] ] ] } },
{ "type": "Feature", "properties": { "geoid": "17031630900", "land_area": 0.659762, "total": 3998.0, "nh_white_alone": 141.0, "nh_black_alone": 518.0, "nh_asian_alone": 5.0, "hispanic": 3334.0, "other": 0.0 }, "geometry": { "type": "MultiPolygon", "coordinates": [ [ [ [ -87.713399, 41.793362 ], [ -87.707231, 41.793461 ], [ -87.703554, 41.793514 ], [ -87.703505, 41.791698 ], [ -87.703454, 41.789884 ], [ -87.703401, 41.788064 ], [ -87.703349, 41.786248 ], [ -87.704568, 41.786228 ], [ -87.70823, 41.786172 ], [ -87.712897, 41.786097 ], [ -87.71312, 41.786092 ], [ -87.713315, 41.789746 ], [ -87.713399, 41.793362 ] ] ] ] } },
{ "type": "Feature", "properties": { "geoid": "17031580700", "land_area": 0.550116, "total": 5822.0, "nh_white_alone": 295.0, "nh_black_alone": 571.0, "nh_asian_alone": 602.0, "hispanic": 4341.0, "other": 13.0 }, "geometry": { "type": "MultiPolygon", "coordinates": [ [ [ [ -87.689727, 41.822882 ], [ -87.68608, 41.822956 ], [ -87.68424, 41.823 ], [ -87.684072, 41.815703 ], [ -87.683965, 41.812111 ], [ -87.685203, 41.812062 ], [ -87.685807, 41.812053 ], [ -87.689427, 41.811992 ], [ -87.689475, 41.813805 ], [ -87.689527, 41.815621 ], [ -87.68958, 41.817436 ], [ -87.689615, 41.818571 ], [ -87.689644, 41.819623 ], [ -87.689727, 41.822882 ] ] ] ] } },
{ "type": "Feature", "properties": { "geoid": "17031510100", "land_area": 2.147646, "total": 3129.0, "nh_white_alone": 420.0, "nh_black_alone": 193.0, "nh_asian_alone": 0.0, "hispanic": 2516.0, "other": 0.0 }, "geometry": { "type": "MultiPolygon", "coordinates": [ [ [ [ -87.558709, 41.706392 ], [ -87.554968, 41.706396 ], [ -87.55509, 41.713366 ], [ -87.556345, 41.713361 ], [ -87.556495, 41.715433 ], [ -87.556548, 41.719049 ], [ -87.556604, 41.722701 ], [ -87.545677, 41.722821 ], [ -87.542919, 41.72286 ], [ -87.543268, 41.719826 ], [ -87.542715, 41.71756 ], [ -87.542539, 41.716002 ], [ -87.542196, 41.713824 ], [ -87.542212, 41.711056 ], [ -87.545454, 41.707327 ], [ -87.545867, 41.702767 ], [ -87.558206, 41.702772 ], [ -87.558709, 41.706392 ] ] ] ] } },
{ "type": "Feature", "properties": { "geoid": "17031420800", "land_area": 0.347603, "total": 2146.0, "nh_white_alone": 92.0, "nh_black_alone": 1724.0, "nh_asian_alone": 0.0, "hispanic": 280.0, "other": 50.0 }, "geometry": { "type": "MultiPolygon", "coordinates": [ [ [ [ -87.60593, 41.78041 ], [ -87.601068, 41.780468 ], [ -87.600459, 41.780475 ], [ -87.600374, 41.776836 ], [ -87.600983, 41.77683 ], [ -87.600902, 41.773188 ], [ -87.605769, 41.773141 ], [ -87.605849, 41.776778 ], [ -87.60593, 41.78041 ] ] ] ] } },
{ "type": "Feature", "properties": { "geoid": "17031260700", "land_area": 0.329201, "total": 1198.0, "nh_white_alone": 18.0, "nh_black_alone": 923.0, "nh_asian_alone": 0.0, "hispanic": 257.0, "other": 0.0 }, "geometry": { "type": "MultiPolygon", "coordinates": [ [ [ [ -87.730574, 41.880667 ], [ -87.72567, 41.880727 ], [ -87.725579, 41.87798 ], [ -87.725546, 41.877087 ], [ -87.725413, 41.873443 ], [ -87.729097, 41.873402 ], [ -87.730313, 41.873386 ], [ -87.730482, 41.877918 ], [ -87.730574, 41.880667 ] ] ] ] } },
{ "type": "Feature", "properties": { "geoid": "17031251100", "land_area": 0.496455, "total": 4521.0, "nh_white_alone": 8.0, "nh_black_alone": 3354.0, "nh_asian_alone": 1.0, "hispanic": 1074.0, "other": 84.0 }, "geometry": { "type": "MultiPolygon", "coordinates": [ [ [ [ -87.755774, 41.902249 ], [ -87.752099, 41.902289 ], [ -87.74842, 41.902327 ], [ -87.748341, 41.898655 ], [ -87.748258, 41.894985 ], [ -87.751931, 41.894954 ], [ -87.753156, 41.894956 ], [ -87.755599, 41.894936 ], [ -87.75569, 41.898583 ], [ -87.755774, 41.902249 ] ] ] ] } },
{ "type": "Feature", "properties": { "geoid": "17031281900", "land_area": 0.42103, "total": 6907.0, "nh_white_alone": 2560.0, "nh_black_alone": 632.0, "nh_asian_alone": 1876.0, "hispanic": 1286.0, "other": 553.0 }, "geometry": { "type": "MultiPolygon", "coordinates": [ [ [ [ -87.64736, 41.881778 ], [ -87.646001, 41.88179 ], [ -87.642661, 41.881838 ], [ -87.641193, 41.88186 ], [ -87.638248, 41.881898 ], [ -87.638253, 41.880604 ], [ -87.638085, 41.879335 ], [ -87.637377, 41.876799 ], [ -87.647202, 41.876672 ], [ -87.647322, 41.880492 ], [ -87.64736, 41.881778 ] ] ] ] } },
{ "type": "Feature", "properties": { "geoid": "17031808001", "land_area": 2.202703, "total": 3671.0, "nh_white_alone": 2024.0, "nh_black_alone": 210.0, "nh_asian_alone": 1016.0, "hispanic": 327.0, "other": 94.0 }, "geometry": { "type": "MultiPolygon", "coordinates": [ [ [ [ -87.744879, 42.015288 ], [ -87.742953, 42.015393 ], [ -87.73814, 42.015384 ], [ -87.732106, 42.015371 ], [ -87.728488, 42.01537 ], [ -87.728731, 42.004479 ], [ -87.728787, 42.002612 ], [ -87.728909, 41.997253 ], [ -87.736204, 41.997244 ], [ -87.739007, 41.99725 ], [ -87.741319, 42.004511 ], [ -87.743623, 42.011769 ], [ -87.744879, 42.015288 ] ] ] ] } },
{ "type": "Feature", "properties": { "geoid": "17031811600", "land_area": 2.931455, "total": 5557.0, "nh_white_alone": 3621.0, "nh_black_alone": 14.0, "nh_asian_alone": 213.0, "hispanic": 1630.0, "other": 79.0 }, "geometry": { "type": "MultiPolygon", "coordinates": [ [ [ [ -87.890763, 41.95803 ], [ -87.884297, 41.957526 ], [ -87.883236, 41.957233 ], [ -87.882735, 41.957106 ], [ -87.878344, 41.956466 ], [ -87.871042, 41.955478 ], [ -87.866098, 41.954835 ], [ -87.854222, 41.953065 ], [ -87.847654, 41.952686 ], [ -87.847765, 41.951676 ], [ -87.854117, 41.951328 ], [ -87.855249, 41.948213 ], [ -87.854205, 41.945988 ], [ -87.85885, 41.945911 ], [ -87.858799, 41.947928 ], [ -87.86342, 41.947519 ], [ -87.862835, 41.946047 ], [ -87.865945, 41.945835 ], [ -87.875651, 41.945657 ], [ -87.875673, 41.94613 ], [ -87.878109, 41.946403 ], [ -87.880503, 41.945547 ], [ -87.885395, 41.945561 ], [ -87.885679, 41.953284 ], [ -87.890663, 41.95343 ], [ -87.890463, 41.95463 ], [ -87.890763, 41.95803 ] ] ] ] } },
{ "type": "Feature", "properties": { "geoid": "17031070101", "land_area": 0.532229, "total": 4003.0, "nh_white_alone": 3166.0, "nh_black_alone": 37.0, "nh_asian_alone": 303.0, "hispanic": 369.0, "other": 128.0 }, "geometry": { "type": "MultiPolygon", "coordinates": [ [ [ [ -87.641807, 41.927813 ], [ -87.639228, 41.928665 ], [ -87.639265, 41.929696 ], [ -87.640634, 41.929242 ], [ -87.641467, 41.930661 ], [ -87.640869, 41.930856 ], [ -87.641786, 41.93236 ], [ -87.641343, 41.93287 ], [ -87.639327, 41.93292 ], [ -87.637955, 41.932932 ], [ -87.632102, 41.932727 ], [ -87.630924733914796, 41.9330136256415 ], [ -87.629380744938601, 41.926547618655299 ], [ -87.633632, 41.925751 ], [ -87.636064, 41.92567 ], [ -87.636569, 41.925658 ], [ -87.639116, 41.925612 ], [ -87.640479, 41.925585 ], [ -87.641336, 41.92701 ], [ -87.641807, 41.927813 ] ] ] ] } },
{ "type": "Feature", "properties": { "geoid": "17031740300", "land_area": 1.320728, "total": 5266.0, "nh_white_alone": 4689.0, "nh_black_alone": 0.0, "nh_asian_alone": 30.0, "hispanic": 529.0, "other": 18.0 }, "geometry": { "type": "MultiPolygon", "coordinates": [ [ [ [ -87.720639, 41.698566 ], [ -87.713294, 41.698683 ], [ -87.710851, 41.698721 ], [ -87.707235, 41.698775 ], [ -87.701083, 41.698871 ], [ -87.700951, 41.695219 ], [ -87.700828, 41.691568 ], [ -87.706942, 41.69147 ], [ -87.708156, 41.691443 ], [ -87.710579, 41.691415 ], [ -87.71309, 41.691375 ], [ -87.720317, 41.691271 ], [ -87.72052, 41.694854 ], [ -87.720519, 41.69595 ], [ -87.720639, 41.698566 ] ] ] ] } },
{ "type": "Feature", "properties": { "geoid": "17031550200", "land_area": 5.093938, "total": 2692.0, "nh_white_alone": 894.0, "nh_black_alone": 30.0, "nh_asian_alone": 0.0, "hispanic": 1768.0, "other": 0.0 }, "geometry": { "type": "MultiPolygon", "coordinates": [ [ [ [ -87.58715, 41.660377 ], [ -87.581387, 41.659212 ], [ -87.559286, 41.659189 ], [ -87.558896, 41.661172 ], [ -87.559257, 41.66897 ], [ -87.557719, 41.669356 ], [ -87.556408, 41.670347 ], [ -87.552449, 41.663895 ], [ -87.549542, 41.661933 ], [ -87.549544, 41.65917 ], [ -87.549571, 41.653686 ], [ -87.549581, 41.651856 ], [ -87.549585, 41.651325 ], [ -87.540509, 41.644286 ], [ -87.541314, 41.644463 ], [ -87.542271, 41.644553 ], [ -87.548001, 41.644491 ], [ -87.552344, 41.644535 ], [ -87.558068, 41.644548 ], [ -87.559316, 41.644548 ], [ -87.560524, 41.644719 ], [ -87.564072, 41.644635 ], [ -87.578483, 41.644729 ], [ -87.578588, 41.64473 ], [ -87.57947, 41.648374 ], [ -87.580879, 41.650619 ], [ -87.585199, 41.65566 ], [ -87.589278, 41.660388 ], [ -87.58715, 41.660377 ] ] ] ] } },
{ "type": "Feature", "properties": { "geoid": "17031700100", "land_area": 2.31184, "total": 3380.0, "nh_white_alone": 133.0, "nh_black_alone": 1809.0, "nh_asian_alone": 0.0, "hispanic": 1297.0, "other": 141.0 }, "geometry": { "type": "MultiPolygon", "coordinates": [ [ [ [ -87.71233, 41.757192 ], [ -87.711521, 41.757072 ], [ -87.702615, 41.757216 ], [ -87.69282, 41.757303 ], [ -87.687953, 41.757491 ], [ -87.686682, 41.757478 ], [ -87.683666, 41.757544 ], [ -87.683047, 41.757379 ], [ -87.680126, 41.757456 ], [ -87.678466, 41.757452 ], [ -87.678239, 41.750167 ], [ -87.682847, 41.750109 ], [ -87.688959, 41.750011 ], [ -87.695068, 41.749869 ], [ -87.701919, 41.749773 ], [ -87.702394, 41.749774 ], [ -87.704825, 41.749761 ], [ -87.712075, 41.749653 ], [ -87.712323, 41.756907 ], [ -87.71233, 41.757192 ] ] ] ] } },
{ "type": "Feature", "properties": { "geoid": "17031730700", "land_area": 0.988114, "total": 2005.0, "nh_white_alone": 0.0, "nh_black_alone": 1887.0, "nh_asian_alone": 0.0, "hispanic": 67.0, "other": 51.0 }, "geometry": { "type": "MultiPolygon", "coordinates": [ [ [ [ -87.657236, 41.703536 ], [ -87.656019, 41.706786 ], [ -87.655657, 41.706794 ], [ -87.647694, 41.706873 ], [ -87.64648, 41.706883 ], [ -87.642834, 41.706917 ], [ -87.642608, 41.699641 ], [ -87.646255, 41.699605 ], [ -87.647481, 41.699593 ], [ -87.652606, 41.69953 ], [ -87.654281, 41.69951 ], [ -87.658742, 41.699444 ], [ -87.657236, 41.703536 ] ] ] ] } },
{ "type": "Feature", "properties": { "geoid": "17031560200", "land_area": 0.662049, "total": 1716.0, "nh_white_alone": 20.0, "nh_black_alone": 769.0, "nh_asian_alone": 42.0, "hispanic": 819.0, "other": 66.0 }, "geometry": { "type": "MultiPolygon", "coordinates": [ [ [ [ -87.753119, 41.813442 ], [ -87.748942, 41.814736 ], [ -87.744949, 41.815998 ], [ -87.744959, 41.816241 ], [ -87.74348, 41.816482 ], [ -87.743402, 41.813095 ], [ -87.743222, 41.807617 ], [ -87.752912, 41.807494 ], [ -87.752901, 41.807566 ], [ -87.752998, 41.811142 ], [ -87.752961, 41.812974 ], [ -87.753119, 41.813442 ] ] ] ] } },
{ "type": "Feature", "properties": { "geoid": "17031340500", "land_area": 0.435447, "total": 1672.0, "nh_white_alone": 751.0, "nh_black_alone": 101.0, "nh_asian_alone": 689.0, "hispanic": 49.0, "other": 82.0 }, "geometry": { "type": "MultiPolygon", "coordinates": [ [ [ [ -87.636139, 41.834532 ], [ -87.63589, 41.834535 ], [ -87.636144, 41.838175 ], [ -87.634104, 41.838205 ], [ -87.629784, 41.83828 ], [ -87.629684, 41.834625 ], [ -87.629594, 41.83097 ], [ -87.630484, 41.830956 ], [ -87.631504, 41.830939 ], [ -87.636128, 41.830883 ], [ -87.636251, 41.830881 ], [ -87.636139, 41.834532 ] ] ] ] } },
{ "type": "Feature", "properties": { "geoid": "17031420600", "land_area": 0.243609, "total": 2980.0, "nh_white_alone": 31.0, "nh_black_alone": 2685.0, "nh_asian_alone": 0.0, "hispanic": 42.0, "other": 222.0 }, "geometry": { "type": "MultiPolygon", "coordinates": [ [ [ [ -87.61576, 41.785699 ], [ -87.610918, 41.785788 ], [ -87.610884, 41.783969 ], [ -87.610843, 41.782147 ], [ -87.610802, 41.780325 ], [ -87.613206, 41.780282 ], [ -87.615622, 41.780239 ], [ -87.615672, 41.782074 ], [ -87.61576, 41.785699 ] ] ] ] } },
{ "type": "Feature", "properties": { "geoid": "17031242300", "land_area": 0.328316, "total": 3208.0, "nh_white_alone": 2398.0, "nh_black_alone": 106.0, "nh_asian_alone": 163.0, "hispanic": 443.0, "other": 98.0 }, "geometry": { "type": "MultiPolygon", "coordinates": [ [ [ [ -87.68214, 41.903107 ], [ -87.6797, 41.903147 ], [ -87.677258, 41.903191 ], [ -87.677243, 41.902699 ], [ -87.67723, 41.902256 ], [ -87.677156, 41.899551 ], [ -87.677052, 41.895912 ], [ -87.6795, 41.895868 ], [ -87.681949, 41.895827 ], [ -87.682046, 41.899466 ], [ -87.682119, 41.902172 ], [ -87.68214, 41.903107 ] ] ] ] } },
{ "type": "Feature", "properties": { "geoid": "17031051200", "land_area": 0.164547, "total": 1536.0, "nh_white_alone": 1125.0, "nh_black_alone": 34.0, "nh_asian_alone": 84.0, "hispanic": 169.0, "other": 124.0 }, "geometry": { "type": "MultiPolygon", "coordinates": [ [ [ [ -87.678453, 41.943216 ], [ -87.67356, 41.943277 ], [ -87.673515, 41.941455 ], [ -87.67344, 41.939633 ], [ -87.678355, 41.939573 ], [ -87.678404, 41.941397 ], [ -87.678453, 41.943216 ] ] ] ] } },
{ "type": "Feature", "properties": { "geoid": "17031031400", "land_area": 1.489274, "total": 4697.0, "nh_white_alone": 3416.0, "nh_black_alone": 329.0, "nh_asian_alone": 408.0, "hispanic": 393.0, "other": 151.0 }, "geometry": { "type": "MultiPolygon", "coordinates": [ [ [ [ -87.650118, 41.969156 ], [ -87.649636, 41.969175 ], [ -87.643982919806106, 41.9700828654208 ], [ -87.643651781695795, 41.969814275049202 ], [ -87.639202, 41.966205 ], [ -87.63242, 41.96529 ], [ -87.63148, 41.963478 ], [ -87.635932, 41.961412 ], [ -87.635954351502605, 41.961422495057697 ], [ -87.637738, 41.96226 ], [ -87.641446, 41.961694 ], [ -87.640832194892795, 41.954894461220398 ], [ -87.640829842447403, 41.954868401574302 ], [ -87.644186, 41.954659 ], [ -87.645256, 41.954637 ], [ -87.646648, 41.954614 ], [ -87.647936, 41.954592 ], [ -87.6497, 41.954561 ], [ -87.649747, 41.956117 ], [ -87.649783, 41.957373 ], [ -87.649797, 41.957841 ], [ -87.649816, 41.958488 ], [ -87.64984, 41.9593 ], [ -87.649887, 41.960951 ], [ -87.649912, 41.961843 ], [ -87.649966, 41.963668 ], [ -87.649988, 41.964513 ], [ -87.650019, 41.965488 ], [ -87.650068, 41.96735 ], [ -87.650118, 41.969156 ] ] ] ] } },
{ "type": "Feature", "properties": { "geoid": "17031200300", "land_area": 0.250668, "total": 1858.0, "nh_white_alone": 194.0, "nh_black_alone": 92.0, "nh_asian_alone": 0.0, "hispanic": 1522.0, "other": 50.0 }, "geometry": { "type": "MultiPolygon", "coordinates": [ [ [ [ -87.741631, 41.924303 ], [ -87.73657, 41.924365 ], [ -87.732891, 41.924411 ], [ -87.731667, 41.924426 ], [ -87.727702, 41.924473 ], [ -87.726769, 41.924484 ], [ -87.726441, 41.922654 ], [ -87.727075, 41.922645 ], [ -87.732834, 41.92258 ], [ -87.733448, 41.922572 ], [ -87.741578, 41.922532 ], [ -87.741631, 41.924303 ] ] ] ] } },
{ "type": "Feature", "properties": { "geoid": "17031081800", "land_area": 0.701139, "total": 13521.0, "nh_white_alone": 9263.0, "nh_black_alone": 248.0, "nh_asian_alone": 1123.0, "hispanic": 1975.0, "other": 912.0 }, "geometry": { "type": "MultiPolygon", "coordinates": [ [ [ [ -87.644139, 41.896456 ], [ -87.642929, 41.896476 ], [ -87.642949, 41.895505 ], [ -87.640028, 41.895517 ], [ -87.639984, 41.898905 ], [ -87.637262, 41.898944 ], [ -87.634291, 41.898982 ], [ -87.634203, 41.896596 ], [ -87.634153, 41.894793 ], [ -87.634049, 41.890785 ], [ -87.633971, 41.887513 ], [ -87.635813, 41.887378 ], [ -87.637685, 41.886456 ], [ -87.63871, 41.887241 ], [ -87.639356, 41.889081 ], [ -87.64196, 41.892538 ], [ -87.643886, 41.894 ], [ -87.644139, 41.896456 ] ] ] ] } },
{ "type": "Feature", "properties": { "geoid": "17031010100", "land_area": 0.379511, "total": 4198.0, "nh_white_alone": 1638.0, "nh_black_alone": 1632.0, "nh_asian_alone": 140.0, "hispanic": 645.0, "other": 143.0 }, "geometry": { "type": "MultiPolygon", "coordinates": [ [ [ [ -87.677199, 42.022942 ], [ -87.671884, 42.022986 ], [ -87.671147, 42.023042 ], [ -87.666154479819596, 42.023129671067501 ], [ -87.665925315553594, 42.022642385085703 ], [ -87.664343218545895, 42.019278275545702 ], [ -87.668243, 42.019214 ], [ -87.669498, 42.019364 ], [ -87.67133, 42.019374 ], [ -87.67311, 42.019386 ], [ -87.67331, 42.019387 ], [ -87.677199, 42.022942 ] ] ] ] } },
{ "type": "Feature", "properties": { "geoid": "17031063100", "land_area": 0.159625, "total": 2336.0, "nh_white_alone": 1871.0, "nh_black_alone": 76.0, "nh_asian_alone": 88.0, "hispanic": 196.0, "other": 105.0 }, "geometry": { "type": "MultiPolygon", "coordinates": [ [ [ [ -87.649267, 41.939981 ], [ -87.6444, 41.940045 ], [ -87.644369, 41.939146 ], [ -87.644353, 41.93869 ], [ -87.644279, 41.936513 ], [ -87.649141, 41.936379 ], [ -87.649204, 41.938136 ], [ -87.649216, 41.938485 ], [ -87.649267, 41.939981 ] ] ] ] } },
{ "type": "Feature", "properties": { "geoid": "17031380100", "land_area": 0.438048, "total": 1787.0, "nh_white_alone": 226.0, "nh_black_alone": 1470.0, "nh_asian_alone": 1.0, "hispanic": 60.0, "other": 30.0 }, "geometry": { "type": "MultiPolygon", "coordinates": [ [ [ [ -87.613938, 41.817582 ], [ -87.613763, 41.818484 ], [ -87.612896, 41.82268 ], [ -87.612624, 41.823891 ], [ -87.606895, 41.824002 ], [ -87.606515, 41.82337 ], [ -87.606859, 41.823129 ], [ -87.606708, 41.816814 ], [ -87.611642, 41.816729 ], [ -87.61409, 41.816683 ], [ -87.613938, 41.817582 ] ] ] ] } },
{ "type": "Feature", "properties": { "geoid": "17031834500", "land_area": 0.464133, "total": 1616.0, "nh_white_alone": 0.0, "nh_black_alone": 1616.0, "nh_asian_alone": 0.0, "hispanic": 0.0, "other": 0.0 }, "geometry": { "type": "MultiPolygon", "coordinates": [ [ [ [ -87.628562, 41.794599 ], [ -87.625701, 41.794643 ], [ -87.625562, 41.789187 ], [ -87.625513, 41.787362 ], [ -87.620658, 41.787445 ], [ -87.619045, 41.787472 ], [ -87.615802, 41.787523 ], [ -87.61576, 41.785699 ], [ -87.620613, 41.785615 ], [ -87.625466, 41.785537 ], [ -87.625404, 41.78321 ], [ -87.628195, 41.783161 ], [ -87.628258, 41.785496 ], [ -87.628562, 41.794599 ] ] ] ] } },
{ "type": "Feature", "properties": { "geoid": "17031681200", "land_area": 0.794733, "total": 2139.0, "nh_white_alone": 74.0, "nh_black_alone": 1742.0, "nh_asian_alone": 0.0, "hispanic": 173.0, "other": 150.0 }, "geometry": { "type": "MultiPolygon", "coordinates": [ [ [ [ -87.644597, 41.772472 ], [ -87.640296, 41.772545 ], [ -87.639501, 41.772557 ], [ -87.631045, 41.772694 ], [ -87.631362, 41.769057 ], [ -87.633546, 41.769015 ], [ -87.633502, 41.767354 ], [ -87.634712, 41.767171 ], [ -87.634666, 41.765356 ], [ -87.644413, 41.765203 ], [ -87.644507, 41.768838 ], [ -87.644597, 41.772472 ] ] ] ] } },
{ "type": "Feature", "properties": { "geoid": "17031834000", "land_area": 0.967433, "total": 3029.0, "nh_white_alone": 0.0, "nh_black_alone": 2752.0, "nh_asian_alone": 0.0, "hispanic": 143.0, "other": 134.0 }, "geometry": { "type": "MultiPolygon", "coordinates": [ [ [ [ -87.634055, 41.735944 ], [ -87.632721, 41.735972 ], [ -87.631708, 41.73516 ], [ -87.625624, 41.729019 ], [ -87.623938, 41.729042 ], [ -87.62373, 41.721703 ], [ -87.628665, 41.721698 ], [ -87.633446, 41.721637 ], [ -87.633638, 41.728882 ], [ -87.634055, 41.735944 ] ] ] ] } },
{ "type": "Feature", "properties": { "geoid": "17031730100", "land_area": 0.656951, "total": 2236.0, "nh_white_alone": 56.0, "nh_black_alone": 2056.0, "nh_asian_alone": 0.0, "hispanic": 57.0, "other": 67.0 }, "geometry": { "type": "MultiPolygon", "coordinates": [ [ [ [ -87.64341, 41.728769 ], [ -87.638556, 41.728833 ], [ -87.637344, 41.728851 ], [ -87.633638, 41.728882 ], [ -87.633446, 41.721637 ], [ -87.637157, 41.721574 ], [ -87.643211, 41.721503 ], [ -87.643312, 41.724943 ], [ -87.643316, 41.72511 ], [ -87.64341, 41.728769 ] ] ] ] } },
{ "type": "Feature", "properties": { "geoid": "17031340300", "land_area": 0.213596, "total": 1720.0, "nh_white_alone": 253.0, "nh_black_alone": 0.0, "nh_asian_alone": 1106.0, "hispanic": 353.0, "other": 8.0 }, "geometry": { "type": "MultiPolygon", "coordinates": [ [ [ [ -87.63835, 41.84593 ], [ -87.634631, 41.846396 ], [ -87.634283, 41.845502 ], [ -87.634104, 41.838205 ], [ -87.636144, 41.838175 ], [ -87.636376, 41.838173 ], [ -87.636512, 41.843643 ], [ -87.638291, 41.843617 ], [ -87.63835, 41.84593 ] ] ] ] } },
{ "type": "Feature", "properties": { "geoid": "17031410200", "land_area": 0.064827, "total": 1133.0, "nh_white_alone": 428.0, "nh_black_alone": 294.0, "nh_asian_alone": 122.0, "hispanic": 232.0, "other": 57.0 }, "geometry": { "type": "MultiPolygon", "coordinates": [ [ [ [ -87.596707, 41.802366 ], [ -87.591852, 41.802421 ], [ -87.591821, 41.800976 ], [ -87.596677, 41.800923 ], [ -87.596707, 41.802366 ] ] ] ] } },
{ "type": "Feature", "properties": { "geoid": "17031250300", "land_area": 0.618881, "total": 5144.0, "nh_white_alone": 302.0, "nh_black_alone": 2873.0, "nh_asian_alone": 75.0, "hispanic": 1785.0, "other": 109.0 }, "geometry": { "type": "MultiPolygon", "coordinates": [ [ [ [ -87.765745, 41.916624 ], [ -87.763609, 41.91655 ], [ -87.76079, 41.916261 ], [ -87.755895, 41.915709 ], [ -87.755728, 41.911337 ], [ -87.755676, 41.909967 ], [ -87.755796, 41.909501 ], [ -87.759684, 41.90945 ], [ -87.762995, 41.909409 ], [ -87.76342, 41.909404 ], [ -87.765724, 41.909379 ], [ -87.765549, 41.90994 ], [ -87.765629, 41.912668 ], [ -87.765647, 41.913027 ], [ -87.765739, 41.914517 ], [ -87.765745, 41.916624 ] ] ] ] } },
{ "type": "Feature", "properties": { "geoid": "17031190900", "land_area": 0.314637, "total": 1818.0, "nh_white_alone": 285.0, "nh_black_alone": 76.0, "nh_asian_alone": 176.0, "hispanic": 1281.0, "other": 0.0 }, "geometry": { "type": "MultiPolygon", "coordinates": [ [ [ [ -87.746595, 41.931533 ], [ -87.741893, 41.931595 ], [ -87.741746, 41.927278 ], [ -87.741631, 41.924303 ], [ -87.746302, 41.924239 ], [ -87.746371, 41.926093 ], [ -87.746483, 41.928818 ], [ -87.746595, 41.931533 ] ] ] ] } },
{ "type": "Feature", "properties": { "geoid": "17031081600", "land_area": 0.128834, "total": 4553.0, "nh_white_alone": 3224.0, "nh_black_alone": 186.0, "nh_asian_alone": 539.0, "hispanic": 260.0, "other": 344.0 }, "geometry": { "type": "MultiPolygon", "coordinates": [ [ [ [ -87.629775, 41.896656 ], [ -87.628199, 41.896677 ], [ -87.628153, 41.894876 ], [ -87.628135, 41.894072 ], [ -87.628092, 41.892469 ], [ -87.628069, 41.891672 ], [ -87.628004, 41.887506 ], [ -87.629537, 41.887508 ], [ -87.629717, 41.894052 ], [ -87.629724, 41.894854 ], [ -87.629775, 41.896656 ] ] ] ] } },
{ "type": "Feature", "properties": { "geoid": "17031460800", "land_area": 0.683234, "total": 4257.0, "nh_white_alone": 50.0, "nh_black_alone": 2661.0, "nh_asian_alone": 19.0, "hispanic": 1517.0, "other": 10.0 }, "geometry": { "type": "MultiPolygon", "coordinates": [ [ [ [ -87.561154, 41.737259 ], [ -87.556972, 41.737312 ], [ -87.556887, 41.737313 ], [ -87.556288, 41.73732 ], [ -87.555585, 41.737329 ], [ -87.551431, 41.737378 ], [ -87.548673, 41.737418 ], [ -87.545311, 41.737463 ], [ -87.543075, 41.737485 ], [ -87.542983, 41.733834 ], [ -87.54859, 41.733763 ], [ -87.555494, 41.73368 ], [ -87.559636, 41.733626 ], [ -87.560186, 41.73323 ], [ -87.565701, 41.737198 ], [ -87.561154, 41.737259 ] ] ] ] } },
{ "type": "Feature", "properties": { "geoid": "17031283100", "land_area": 0.216513, "total": 2560.0, "nh_white_alone": 769.0, "nh_black_alone": 491.0, "nh_asian_alone": 386.0, "hispanic": 631.0, "other": 283.0 }, "geometry": { "type": "MultiPolygon", "coordinates": [ [ [ [ -87.666616, 41.871626 ], [ -87.661714, 41.871752 ], [ -87.661641, 41.869339 ], [ -87.661571, 41.866916 ], [ -87.666414, 41.866855 ], [ -87.666549, 41.869261 ], [ -87.666616, 41.871626 ] ] ] ] } },
{ "type": "Feature", "properties": { "geoid": "17031010502", "land_area": 0.180386, "total": 3286.0, "nh_white_alone": 2075.0, "nh_black_alone": 330.0, "nh_asian_alone": 194.0, "hispanic": 326.0, "other": 361.0 }, "geometry": { "type": "MultiPolygon", "coordinates": [ [ [ [ -87.665705, 42.004459 ], [ -87.665499, 42.005469 ], [ -87.665697, 42.006696 ], [ -87.661869, 42.006141 ], [ -87.661295, 42.006767 ], [ -87.66089, 42.005386 ], [ -87.660851, 42.004617 ], [ -87.660848, 42.004532 ], [ -87.660783, 42.002551 ], [ -87.665644, 42.002421 ], [ -87.665681, 42.003624 ], [ -87.665705, 42.004459 ] ] ] ] } },
{ "type": "Feature", "properties": { "geoid": "17031243500", "land_area": 0.657987, "total": 4824.0, "nh_white_alone": 2937.0, "nh_black_alone": 549.0, "nh_asian_alone": 330.0, "hispanic": 778.0, "other": 230.0 }, "geometry": { "type": "MultiPolygon", "coordinates": [ [ [ [ -87.65751, 41.896228 ], [ -87.647745, 41.896399 ], [ -87.647622, 41.889049 ], [ -87.648265, 41.889042 ], [ -87.654567, 41.888978 ], [ -87.657347, 41.888944 ], [ -87.657444, 41.893498 ], [ -87.657385, 41.895227 ], [ -87.65751, 41.896228 ] ] ] ] } },
{ "type": "Feature", "properties": { "geoid": "17031843400", "land_area": 0.656213, "total": 1279.0, "nh_white_alone": 0.0, "nh_black_alone": 705.0, "nh_asian_alone": 0.0, "hispanic": 561.0, "other": 13.0 }, "geometry": { "type": "MultiPolygon", "coordinates": [ [ [ [ -87.739423, 41.851351 ], [ -87.729617, 41.851589 ], [ -87.724761, 41.851651 ], [ -87.723544, 41.851484 ], [ -87.72228, 41.851545 ], [ -87.722261, 41.849309 ], [ -87.724685, 41.848774 ], [ -87.731115, 41.847314 ], [ -87.734357, 41.846567 ], [ -87.739198, 41.845473 ], [ -87.739221, 41.845979 ], [ -87.739423, 41.851351 ] ] ] ] } },
{ "type": "Feature", "properties": { "geoid": "17031832000", "land_area": 0.167585, "total": 1874.0, "nh_white_alone": 1526.0, "nh_black_alone": 10.0, "nh_asian_alone": 63.0, "hispanic": 199.0, "other": 76.0 }, "geometry": { "type": "MultiPolygon", "coordinates": [ [ [ [ -87.659168, 41.947149 ], [ -87.65433, 41.947245 ], [ -87.649486, 41.947315 ], [ -87.64943, 41.945461 ], [ -87.654272, 41.945396 ], [ -87.654245, 41.944466 ], [ -87.65523, 41.945605 ], [ -87.656699, 41.945351 ], [ -87.659122, 41.945316 ], [ -87.659168, 41.947149 ] ] ] ] } },
{ "type": "Feature", "properties": { "geoid": "17031390300", "land_area": 0.327051, "total": 2531.0, "nh_white_alone": 57.0, "nh_black_alone": 2237.0, "nh_asian_alone": 49.0, "hispanic": 65.0, "other": 123.0 }, "geometry": { "type": "MultiPolygon", "coordinates": [ [ [ [ -87.606708, 41.816814 ], [ -87.604064, 41.816846 ], [ -87.601852, 41.81687 ], [ -87.601722, 41.810655 ], [ -87.6017, 41.809588 ], [ -87.603897, 41.809565 ], [ -87.606565, 41.809533 ], [ -87.606605, 41.811354 ], [ -87.606708, 41.816814 ] ] ] ] } },
{ "type": "Feature", "properties": { "geoid": "17031160800", "land_area": 0.657623, "total": 4677.0, "nh_white_alone": 1639.0, "nh_black_alone": 13.0, "nh_asian_alone": 285.0, "hispanic": 2488.0, "other": 252.0 }, "geometry": { "type": "MultiPolygon", "coordinates": [ [ [ [ -87.717813, 41.953791 ], [ -87.715362, 41.953825 ], [ -87.712905, 41.953859 ], [ -87.710465, 41.953891 ], [ -87.708015, 41.953915 ], [ -87.707918, 41.950281 ], [ -87.707871, 41.948452 ], [ -87.707822, 41.946631 ], [ -87.712713, 41.946567 ], [ -87.716388, 41.946519 ], [ -87.717559, 41.946504 ], [ -87.717665, 41.948326 ], [ -87.717813, 41.953791 ] ] ] ] } },
{ "type": "Feature", "properties": { "geoid": "17031411200", "land_area": 0.40299, "total": 1698.0, "nh_white_alone": 1046.0, "nh_black_alone": 153.0, "nh_asian_alone": 280.0, "hispanic": 76.0, "other": 143.0 }, "geometry": { "type": "MultiPolygon", "coordinates": [ [ [ [ -87.596544, 41.795066 ], [ -87.593349, 41.795111 ], [ -87.591676, 41.794784 ], [ -87.591596, 41.791498 ], [ -87.591475, 41.786096 ], [ -87.596332, 41.786014 ], [ -87.596372, 41.787805 ], [ -87.596457, 41.791447 ], [ -87.596544, 41.795066 ] ] ] ] } },
{ "type": "Feature", "properties": { "geoid": "17031821500", "land_area": 4.197, "total": 1344.0, "nh_white_alone": 0.0, "nh_black_alone": 1110.0, "nh_asian_alone": 0.0, "hispanic": 155.0, "other": 79.0 }, "geometry": { "type": "MultiPolygon", "coordinates": [ [ [ [ -87.668571, 41.649272 ], [ -87.663405, 41.650541 ], [ -87.659944, 41.65203 ], [ -87.65428, 41.653357 ], [ -87.651559, 41.655433 ], [ -87.650564, 41.655769 ], [ -87.647002, 41.65698 ], [ -87.641224, 41.657434 ], [ -87.636663, 41.657434 ], [ -87.635131, 41.657434 ], [ -87.631591, 41.657504 ], [ -87.630969, 41.657496 ], [ -87.624709, 41.661293 ], [ -87.621746, 41.661734 ], [ -87.619846, 41.661134 ], [ -87.618876, 41.659079 ], [ -87.618314, 41.659097 ], [ -87.618917, 41.6564 ], [ -87.619758, 41.653633 ], [ -87.620628, 41.651805 ], [ -87.621334, 41.65042 ], [ -87.617229, 41.650019 ], [ -87.617227, 41.644582 ], [ -87.617824, 41.644581 ], [ -87.622081, 41.644573 ], [ -87.624381, 41.644565 ], [ -87.631773, 41.644547 ], [ -87.652446, 41.644475 ], [ -87.649167, 41.647163 ], [ -87.647194, 41.648675 ], [ -87.651283, 41.648619 ], [ -87.660357, 41.648419 ], [ -87.661482, 41.648394 ], [ -87.669587, 41.648239 ], [ -87.668571, 41.649272 ] ] ] ] } },
{ "type": "Feature", "properties": { "geoid": "17031822702", "land_area": 1.298804, "total": 3193.0, "nh_white_alone": 1803.0, "nh_black_alone": 260.0, "nh_asian_alone": 36.0, "hispanic": 904.0, "other": 190.0 }, "geometry": { "type": "MultiPolygon", "coordinates": [ [ [ [ -87.740415, 41.709394 ], [ -87.738572, 41.709423 ], [ -87.737398, 41.709085 ], [ -87.73565, 41.709005 ], [ -87.732107, 41.709113 ], [ -87.730711, 41.709358 ], [ -87.721036, 41.709523 ], [ -87.720759, 41.702225 ], [ -87.724389, 41.702167 ], [ -87.730448, 41.702064 ], [ -87.736481, 41.701964 ], [ -87.740133, 41.701903 ], [ -87.74027, 41.70557 ], [ -87.740415, 41.709394 ] ] ] ] } },
{ "type": "Feature", "properties": { "geoid": "17031821102", "land_area": 1.968487, "total": 4511.0, "nh_white_alone": 1380.0, "nh_black_alone": 104.0, "nh_asian_alone": 120.0, "hispanic": 2680.0, "other": 227.0 }, "geometry": { "type": "MultiPolygon", "coordinates": [ [ [ [ -87.760799, 41.748804 ], [ -87.75351, 41.748934 ], [ -87.752292, 41.748956 ], [ -87.751077, 41.748978 ], [ -87.741358, 41.749147 ], [ -87.741104, 41.741897 ], [ -87.740975, 41.738186 ], [ -87.741067, 41.734524 ], [ -87.75056, 41.73436 ], [ -87.750688, 41.738014 ], [ -87.750818, 41.741667 ], [ -87.752034, 41.741646 ], [ -87.760535, 41.741493 ], [ -87.760669, 41.745145 ], [ -87.760729, 41.746761 ], [ -87.760799, 41.748804 ] ] ] ] } },
{ "type": "Feature", "properties": { "geoid": "17031820902", "land_area": 2.267569, "total": 5803.0, "nh_white_alone": 1871.0, "nh_black_alone": 0.0, "nh_asian_alone": 283.0, "hispanic": 3562.0, "other": 87.0 }, "geometry": { "type": "MultiPolygon", "coordinates": [ [ [ [ -87.769405, 41.752327 ], [ -87.760893, 41.752488 ], [ -87.76098, 41.756137 ], [ -87.760989, 41.756431 ], [ -87.761073, 41.759881 ], [ -87.741758, 41.76015 ], [ -87.741599, 41.756489 ], [ -87.741496, 41.753292 ], [ -87.741425, 41.750988 ], [ -87.741358, 41.749147 ], [ -87.751077, 41.748978 ], [ -87.752292, 41.748956 ], [ -87.75351, 41.748934 ], [ -87.760799, 41.748804 ], [ -87.769308, 41.748656 ], [ -87.769405, 41.752327 ] ] ] ] } },
{ "type": "Feature", "properties": { "geoid": "17031500300", "land_area": 0.709172, "total": 1692.0, "nh_white_alone": 824.0, "nh_black_alone": 441.0, "nh_asian_alone": 8.0, "hispanic": 376.0, "other": 43.0 }, "geometry": { "type": "MultiPolygon", "coordinates": [ [ [ [ -87.611439, 41.685725 ], [ -87.60986, 41.692771 ], [ -87.607205, 41.692804 ], [ -87.600362, 41.692843 ], [ -87.59829, 41.692368 ], [ -87.601601, 41.686138 ], [ -87.602535, 41.68612 ], [ -87.607057, 41.685481 ], [ -87.611395, 41.685442 ], [ -87.611439, 41.685725 ] ] ] ] } },
{ "type": "Feature", "properties": { "geoid": "17031750100", "land_area": 1.285527, "total": 3246.0, "nh_white_alone": 263.0, "nh_black_alone": 2882.0, "nh_asian_alone": 20.0, "hispanic": 58.0, "other": 23.0 }, "geometry": { "type": "MultiPolygon", "coordinates": [ [ [ [ -87.66198, 41.696679 ], [ -87.660445, 41.699423 ], [ -87.658742, 41.699444 ], [ -87.654281, 41.69951 ], [ -87.652606, 41.69953 ], [ -87.647481, 41.699593 ], [ -87.646255, 41.699605 ], [ -87.642608, 41.699641 ], [ -87.642378, 41.692356 ], [ -87.647243, 41.692298 ], [ -87.648889, 41.692276 ], [ -87.649676, 41.692268 ], [ -87.656975, 41.692182 ], [ -87.660545, 41.692136 ], [ -87.661844, 41.692117 ], [ -87.661803, 41.694304 ], [ -87.66198, 41.696679 ] ] ] ] } },
{ "type": "Feature", "properties": { "geoid": "17031530503", "land_area": 1.598487, "total": 3668.0, "nh_white_alone": 0.0, "nh_black_alone": 3540.0, "nh_asian_alone": 0.0, "hispanic": 24.0, "other": 104.0 }, "geometry": { "type": "MultiPolygon", "coordinates": [ [ [ [ -87.647204, 41.663159 ], [ -87.641423, 41.663246 ], [ -87.641488, 41.665066 ], [ -87.641547, 41.666893 ], [ -87.64167, 41.670539 ], [ -87.634458, 41.670612 ], [ -87.62965, 41.67066 ], [ -87.629375, 41.663352 ], [ -87.629982, 41.66334 ], [ -87.631772, 41.663312 ], [ -87.631276, 41.657922 ], [ -87.630969, 41.657496 ], [ -87.631591, 41.657504 ], [ -87.635131, 41.657434 ], [ -87.636663, 41.657434 ], [ -87.641224, 41.657434 ], [ -87.647002, 41.65698 ], [ -87.647204, 41.663159 ] ] ] ] } },
{ "type": "Feature", "properties": { "geoid": "17031711500", "land_area": 0.649295, "total": 2117.0, "nh_white_alone": 0.0, "nh_black_alone": 2012.0, "nh_asian_alone": 38.0, "hispanic": 67.0, "other": 0.0 }, "geometry": { "type": "MultiPolygon", "coordinates": [ [ [ [ -87.643611, 41.73607 ], [ -87.638752, 41.7361 ], [ -87.635104, 41.736055 ], [ -87.634055, 41.735944 ], [ -87.633638, 41.728882 ], [ -87.637344, 41.728851 ], [ -87.638556, 41.728833 ], [ -87.64341, 41.728769 ], [ -87.643521, 41.732551 ], [ -87.643611, 41.73607 ] ] ] ] } },
{ "type": "Feature", "properties": { "geoid": "17031710900", "land_area": 0.990948, "total": 2078.0, "nh_white_alone": 0.0, "nh_black_alone": 1976.0, "nh_asian_alone": 8.0, "hispanic": 82.0, "other": 12.0 }, "geometry": { "type": "MultiPolygon", "coordinates": [ [ [ [ -87.644044, 41.750642 ], [ -87.639759, 41.750705 ], [ -87.639316, 41.750711 ], [ -87.639028, 41.743455 ], [ -87.635999, 41.744079 ], [ -87.634108, 41.743498 ], [ -87.633757, 41.737406 ], [ -87.634055, 41.735944 ], [ -87.635104, 41.736055 ], [ -87.638752, 41.7361 ], [ -87.643611, 41.73607 ], [ -87.643777, 41.741529 ], [ -87.643831, 41.743358 ], [ -87.643882, 41.745189 ], [ -87.643989, 41.748819 ], [ -87.644044, 41.750642 ] ] ] ] } },
{ "type": "Feature", "properties": { "geoid": "17031700302", "land_area": 1.319649, "total": 5587.0, "nh_white_alone": 1409.0, "nh_black_alone": 572.0, "nh_asian_alone": 55.0, "hispanic": 3421.0, "other": 130.0 }, "geometry": { "type": "MultiPolygon", "coordinates": [ [ [ [ -87.741104, 41.741897 ], [ -87.740718, 41.741963 ], [ -87.731384, 41.74201 ], [ -87.722898, 41.742156 ], [ -87.721679, 41.742179 ], [ -87.721649, 41.741267 ], [ -87.721619, 41.740348 ], [ -87.721453, 41.735609 ], [ -87.721436, 41.734862 ], [ -87.723858, 41.734825 ], [ -87.726758, 41.734774 ], [ -87.728713, 41.734741 ], [ -87.732353, 41.734678 ], [ -87.736555, 41.734607 ], [ -87.741067, 41.734524 ], [ -87.740975, 41.738186 ], [ -87.741104, 41.741897 ] ] ] ] } },
{ "type": "Feature", "properties": { "geoid": "17031700301", "land_area": 1.275707, "total": 6153.0, "nh_white_alone": 925.0, "nh_black_alone": 224.0, "nh_asian_alone": 73.0, "hispanic": 4857.0, "other": 74.0 }, "geometry": { "type": "MultiPolygon", "coordinates": [ [ [ [ -87.741358, 41.749147 ], [ -87.73163, 41.749325 ], [ -87.723137, 41.749481 ], [ -87.721815, 41.746579 ], [ -87.721791, 41.745786 ], [ -87.721763, 41.744925 ], [ -87.721679, 41.742179 ], [ -87.722898, 41.742156 ], [ -87.731384, 41.74201 ], [ -87.740718, 41.741963 ], [ -87.741104, 41.741897 ], [ -87.741358, 41.749147 ] ] ] ] } },
{ "type": "Feature", "properties": { "geoid": "17031691400", "land_area": 0.656684, "total": 3323.0, "nh_white_alone": 1.0, "nh_black_alone": 3180.0, "nh_asian_alone": 0.0, "hispanic": 65.0, "other": 77.0 }, "geometry": { "type": "MultiPolygon", "coordinates": [ [ [ [ -87.61512, 41.758408 ], [ -87.612674, 41.758452 ], [ -87.610256, 41.758485 ], [ -87.609048, 41.758517 ], [ -87.605391, 41.75858 ], [ -87.605297, 41.754933 ], [ -87.605215, 41.751286 ], [ -87.608871, 41.751221 ], [ -87.610082, 41.751199 ], [ -87.612502, 41.751159 ], [ -87.614958, 41.751114 ], [ -87.615041, 41.754766 ], [ -87.61512, 41.758408 ] ] ] ] } },
{ "type": "Feature", "properties": { "geoid": "17031813301", "land_area": 0.647921, "total": 2758.0, "nh_white_alone": 111.0, "nh_black_alone": 96.0, "nh_asian_alone": 0.0, "hispanic": 2551.0, "other": 0.0 }, "geometry": { "type": "MultiPolygon", "coordinates": [ [ [ [ -87.759409, 41.865678 ], [ -87.754533, 41.865752 ], [ -87.752082, 41.865787 ], [ -87.74964, 41.865825 ], [ -87.749523, 41.862163 ], [ -87.749409, 41.858645 ], [ -87.751858, 41.858609 ], [ -87.759206, 41.858502 ], [ -87.759409, 41.865678 ] ] ] ] } },
{ "type": "Feature", "properties": { "geoid": "17031812500", "land_area": 0.963641, "total": 3377.0, "nh_white_alone": 1973.0, "nh_black_alone": 952.0, "nh_asian_alone": 24.0, "hispanic": 300.0, "other": 128.0 }, "geometry": { "type": "MultiPolygon", "coordinates": [ [ [ [ -87.789585, 41.888478 ], [ -87.786325, 41.888372 ], [ -87.786418, 41.891685 ], [ -87.784789, 41.891713 ], [ -87.784933, 41.896389 ], [ -87.78006, 41.896459 ], [ -87.775192, 41.896533 ], [ -87.775128, 41.894712 ], [ -87.775039, 41.891897 ], [ -87.77501, 41.891 ], [ -87.774893, 41.887411 ], [ -87.774881, 41.887072 ], [ -87.779768, 41.887039 ], [ -87.784655, 41.88695 ], [ -87.787915, 41.886954 ], [ -87.789553, 41.886933 ], [ -87.789585, 41.888478 ] ] ] ] } },
{ "type": "Feature", "properties": { "geoid": "17031811200", "land_area": 3.42733, "total": 5146.0, "nh_white_alone": 2162.0, "nh_black_alone": 0.0, "nh_asian_alone": 130.0, "hispanic": 2816.0, "other": 38.0 }, "geometry": { "type": "MultiPolygon", "coordinates": [ [ [ [ -87.859719, 41.936898 ], [ -87.853538, 41.937034 ], [ -87.851551, 41.937259 ], [ -87.849588, 41.937286 ], [ -87.847439, 41.933866 ], [ -87.847756, 41.933292 ], [ -87.847802, 41.932547 ], [ -87.845463, 41.929676 ], [ -87.844929, 41.928919 ], [ -87.841118, 41.9234 ], [ -87.837435, 41.920296 ], [ -87.833709, 41.918077 ], [ -87.833187, 41.91656 ], [ -87.833576, 41.911445 ], [ -87.832371, 41.910492 ], [ -87.830096, 41.910613 ], [ -87.827957, 41.911965 ], [ -87.825457, 41.911015 ], [ -87.825454, 41.908545 ], [ -87.827848, 41.908501 ], [ -87.834978, 41.908435 ], [ -87.837736, 41.908392 ], [ -87.840012, 41.910029 ], [ -87.847347, 41.915468 ], [ -87.852172, 41.919051 ], [ -87.853027, 41.919812 ], [ -87.853599, 41.920531 ], [ -87.854641, 41.922544 ], [ -87.856156, 41.926802 ], [ -87.857037, 41.929192 ], [ -87.857817, 41.931527 ], [ -87.858255, 41.93275 ], [ -87.858809, 41.934291 ], [ -87.859719, 41.936898 ] ] ] ] } },
{ "type": "Feature", "properties": { "geoid": "17031670700", "land_area": 0.32673, "total": 720.0, "nh_white_alone": 0.0, "nh_black_alone": 342.0, "nh_asian_alone": 0.0, "hispanic": 278.0, "other": 100.0 }, "geometry": { "type": "MultiPolygon", "coordinates": [ [ [ [ -87.669245, 41.786688 ], [ -87.664394, 41.786747 ], [ -87.664309, 41.78311 ], [ -87.664221, 41.779465 ], [ -87.669079, 41.779383 ], [ -87.669064, 41.779544 ], [ -87.669156, 41.783046 ], [ -87.669245, 41.786688 ] ] ] ] } },
{ "type": "Feature", "properties": { "geoid": "17031660600", "land_area": 0.658608, "total": 6533.0, "nh_white_alone": 149.0, "nh_black_alone": 2604.0, "nh_asian_alone": 0.0, "hispanic": 3384.0, "other": 396.0 }, "geometry": { "type": "MultiPolygon", "coordinates": [ [ [ [ -87.703137, 41.778973 ], [ -87.698266, 41.779044 ], [ -87.694611, 41.779099 ], [ -87.693392, 41.779116 ], [ -87.690959, 41.779153 ], [ -87.687305, 41.779205 ], [ -87.683639, 41.779216 ], [ -87.683548, 41.775599 ], [ -87.687209, 41.775562 ], [ -87.690863, 41.77546 ], [ -87.693298, 41.775427 ], [ -87.693299, 41.775471 ], [ -87.694519, 41.775451 ], [ -87.698171, 41.7754 ], [ -87.703052, 41.775322 ], [ -87.703095, 41.777144 ], [ -87.703116, 41.778047 ], [ -87.703137, 41.778973 ] ] ] ] } },
{ "type": "Feature", "properties": { "geoid": "17031660302", "land_area": 0.491837, "total": 4661.0, "nh_white_alone": 11.0, "nh_black_alone": 1100.0, "nh_asian_alone": 0.0, "hispanic": 3550.0, "other": 0.0 }, "geometry": { "type": "MultiPolygon", "coordinates": [ [ [ [ -87.703349, 41.786248 ], [ -87.700911, 41.786286 ], [ -87.697254, 41.786347 ], [ -87.693595, 41.786407 ], [ -87.693497, 41.78276 ], [ -87.693445, 41.780939 ], [ -87.700752, 41.780826 ], [ -87.703188, 41.780795 ], [ -87.703246, 41.782607 ], [ -87.703349, 41.786248 ] ] ] ] } },
{ "type": "Feature", "properties": { "geoid": "17031640300", "land_area": 1.324645, "total": 6158.0, "nh_white_alone": 1827.0, "nh_black_alone": 2.0, "nh_asian_alone": 0.0, "hispanic": 4222.0, "other": 107.0 }, "geometry": { "type": "MultiPolygon", "coordinates": [ [ [ [ -87.781539, 41.785011 ], [ -87.777879, 41.785082 ], [ -87.77422, 41.785154 ], [ -87.77178, 41.785203 ], [ -87.770559, 41.785226 ], [ -87.765712, 41.78533 ], [ -87.763887, 41.785555 ], [ -87.762007, 41.785019 ], [ -87.761948, 41.783556 ], [ -87.761715, 41.778053 ], [ -87.764168, 41.778005 ], [ -87.766609, 41.77795 ], [ -87.769052, 41.777909 ], [ -87.771496, 41.777862 ], [ -87.773937, 41.777816 ], [ -87.780044, 41.777698 ], [ -87.781265, 41.777676 ], [ -87.781539, 41.785011 ] ] ] ] } },
{ "type": "Feature", "properties": { "geoid": "17031690300", "land_area": 0.512681, "total": 1709.0, "nh_white_alone": 230.0, "nh_black_alone": 1374.0, "nh_asian_alone": 0.0, "hispanic": 90.0, "other": 15.0 }, "geometry": { "type": "MultiPolygon", "coordinates": [ [ [ [ -87.634712, 41.767171 ], [ -87.633502, 41.767354 ], [ -87.633546, 41.769015 ], [ -87.631362, 41.769057 ], [ -87.631045, 41.772694 ], [ -87.629985, 41.772709 ], [ -87.625223, 41.772774 ], [ -87.625111, 41.769154 ], [ -87.624944, 41.769157 ], [ -87.624907, 41.765514 ], [ -87.628163, 41.765454 ], [ -87.634666, 41.765356 ], [ -87.634712, 41.767171 ] ] ] ] } },
{ "type": "Feature", "properties": { "geoid": "17031842500", "land_area": 1.075294, "total": 3066.0, "nh_white_alone": 0.0, "nh_black_alone": 2110.0, "nh_asian_alone": 40.0, "hispanic": 871.0, "other": 45.0 }, "geometry": { "type": "MultiPolygon", "coordinates": [ [ [ [ -87.63015, 41.779987 ], [ -87.628543, 41.780005 ], [ -87.62897, 41.783147 ], [ -87.628195, 41.783161 ], [ -87.625404, 41.78321 ], [ -87.625375, 41.780058 ], [ -87.620834, 41.780058 ], [ -87.620412, 41.780108 ], [ -87.615622, 41.780239 ], [ -87.61545, 41.77297 ], [ -87.617943, 41.772925 ], [ -87.620292, 41.772881 ], [ -87.621078, 41.772896 ], [ -87.625223, 41.772774 ], [ -87.629985, 41.772709 ], [ -87.629971, 41.772848 ], [ -87.63007, 41.776596 ], [ -87.630053, 41.776935 ], [ -87.63015, 41.779987 ] ] ] ] } },
{ "type": "Feature", "properties": { "geoid": "17031834900", "land_area": 0.653144, "total": 1010.0, "nh_white_alone": 9.0, "nh_black_alone": 939.0, "nh_asian_alone": 0.0, "hispanic": 2.0, "other": 60.0 }, "geometry": { "type": "MultiPolygon", "coordinates": [ [ [ [ -87.659361, 41.779543 ], [ -87.654502, 41.779608 ], [ -87.654402, 41.775974 ], [ -87.65431, 41.772333 ], [ -87.654211, 41.768693 ], [ -87.654116, 41.765057 ], [ -87.658967, 41.764981 ], [ -87.659066, 41.768622 ], [ -87.659166, 41.772263 ], [ -87.659216, 41.774078 ], [ -87.659361, 41.779543 ] ] ] ] } },
{ "type": "Feature", "properties": { "geoid": "17031840400", "land_area": 0.977537, "total": 3426.0, "nh_white_alone": 150.0, "nh_black_alone": 157.0, "nh_asian_alone": 1191.0, "hispanic": 1843.0, "other": 85.0 }, "geometry": { "type": "MultiPolygon", "coordinates": [ [ [ [ -87.675441, 41.837163 ], [ -87.667903, 41.837533 ], [ -87.664251, 41.839206 ], [ -87.663061, 41.83692 ], [ -87.661711, 41.835377 ], [ -87.657371, 41.83123 ], [ -87.657326, 41.830601 ], [ -87.665568, 41.830501 ], [ -87.666736, 41.830488 ], [ -87.667953, 41.830474 ], [ -87.670399, 41.830447 ], [ -87.67528, 41.83039 ], [ -87.675314, 41.831819 ], [ -87.675441, 41.837048 ], [ -87.675441, 41.837163 ] ] ] ] } },
{ "type": "Feature", "properties": { "geoid": "17031580200", "land_area": 0.729817, "total": 3049.0, "nh_white_alone": 32.0, "nh_black_alone": 0.0, "nh_asian_alone": 436.0, "hispanic": 2552.0, "other": 29.0 }, "geometry": { "type": "MultiPolygon", "coordinates": [ [ [ [ -87.704646, 41.829233 ], [ -87.694967, 41.832279 ], [ -87.694961, 41.832139 ], [ -87.694843, 41.829278 ], [ -87.694794, 41.829088 ], [ -87.694715, 41.826475 ], [ -87.694662, 41.824614 ], [ -87.694627, 41.822786 ], [ -87.699537, 41.822689 ], [ -87.70444, 41.82259 ], [ -87.704532, 41.827166 ], [ -87.704646, 41.829233 ] ] ] ] } },
{ "type": "Feature", "properties": { "geoid": "17031561100", "land_area": 1.321993, "total": 5564.0, "nh_white_alone": 2406.0, "nh_black_alone": 59.0, "nh_asian_alone": 14.0, "hispanic": 3017.0, "other": 68.0 }, "geometry": { "type": "MultiPolygon", "coordinates": [ [ [ [ -87.781651, 41.792357 ], [ -87.778154, 41.792419 ], [ -87.774501, 41.792494 ], [ -87.772066, 41.792542 ], [ -87.770847, 41.792566 ], [ -87.767189, 41.79264 ], [ -87.765964, 41.792664 ], [ -87.762302, 41.792736 ], [ -87.762007, 41.785019 ], [ -87.763887, 41.785555 ], [ -87.765712, 41.78533 ], [ -87.770559, 41.785226 ], [ -87.77178, 41.785203 ], [ -87.77422, 41.785154 ], [ -87.777879, 41.785082 ], [ -87.781539, 41.785011 ], [ -87.781806, 41.792349 ], [ -87.781651, 41.792357 ] ] ] ] } },
{ "type": "Feature", "properties": { "geoid": "17031835100", "land_area": 1.003979, "total": 4617.0, "nh_white_alone": 531.0, "nh_black_alone": 1106.0, "nh_asian_alone": 1.0, "hispanic": 2832.0, "other": 147.0 }, "geometry": { "type": "MultiPolygon", "coordinates": [ [ [ [ -87.693798, 41.793691 ], [ -87.691361, 41.793736 ], [ -87.688931, 41.793783 ], [ -87.684042, 41.793877 ], [ -87.683478, 41.793853 ], [ -87.682292, 41.793828 ], [ -87.678815, 41.793868 ], [ -87.678716, 41.786569 ], [ -87.683686, 41.78651 ], [ -87.683831, 41.786529 ], [ -87.687498, 41.786504 ], [ -87.691156, 41.786447 ], [ -87.692376, 41.786427 ], [ -87.693595, 41.786407 ], [ -87.693647, 41.788229 ], [ -87.693697, 41.790048 ], [ -87.693747, 41.791871 ], [ -87.693798, 41.793691 ] ] ] ] } },
{ "type": "Feature", "properties": { "geoid": "17031630500", "land_area": 0.657659, "total": 6026.0, "nh_white_alone": 156.0, "nh_black_alone": 78.0, "nh_asian_alone": 50.0, "hispanic": 5742.0, "other": 0.0 }, "geometry": { "type": "MultiPolygon", "coordinates": [ [ [ [ -87.694, 41.800989 ], [ -87.689121, 41.801073 ], [ -87.684224, 41.801146 ], [ -87.684129, 41.79751 ], [ -87.684042, 41.793877 ], [ -87.688931, 41.793783 ], [ -87.691361, 41.793736 ], [ -87.693798, 41.793691 ], [ -87.6939, 41.797339 ], [ -87.694, 41.800989 ] ] ] ] } },
{ "type": "Feature", "properties": { "geoid": "17031611600", "land_area": 0.335433, "total": 1464.0, "nh_white_alone": 0.0, "nh_black_alone": 768.0, "nh_asian_alone": 0.0, "hispanic": 694.0, "other": 2.0 }, "geometry": { "type": "MultiPolygon", "coordinates": [ [ [ [ -87.679641, 41.801168 ], [ -87.674507, 41.801233 ], [ -87.674406, 41.797584 ], [ -87.674382, 41.796663 ], [ -87.674301, 41.793916 ], [ -87.678815, 41.793868 ], [ -87.678885, 41.794786 ], [ -87.679588, 41.797877 ], [ -87.679592, 41.798172 ], [ -87.679605, 41.798857 ], [ -87.679641, 41.801168 ] ] ] ] } },
{ "type": "Feature", "properties": { "geoid": "17031611300", "land_area": 0.327029, "total": 3365.0, "nh_white_alone": 95.0, "nh_black_alone": 310.0, "nh_asian_alone": 0.0, "hispanic": 2960.0, "other": 0.0 }, "geometry": { "type": "MultiPolygon", "coordinates": [ [ [ [ -87.669828, 41.808557 ], [ -87.667395, 41.808582 ], [ -87.664973, 41.808604 ], [ -87.664825, 41.80314 ], [ -87.664776, 41.801318 ], [ -87.669645, 41.801276 ], [ -87.669692, 41.803098 ], [ -87.669735, 41.804918 ], [ -87.669828, 41.808557 ] ] ] ] } },
{ "type": "Feature", "properties": { "geoid": "17031600600", "land_area": 0.394134, "total": 2668.0, "nh_white_alone": 614.0, "nh_black_alone": 35.0, "nh_asian_alone": 1169.0, "hispanic": 734.0, "other": 116.0 }, "geometry": { "type": "MultiPolygon", "coordinates": [ [ [ [ -87.660811, 41.845927 ], [ -87.658843, 41.84729 ], [ -87.658043, 41.847724 ], [ -87.656693, 41.846508 ], [ -87.652372, 41.841447 ], [ -87.649408, 41.838005 ], [ -87.653584, 41.837948 ], [ -87.654359, 41.837937 ], [ -87.657675, 41.841783 ], [ -87.660298, 41.844854 ], [ -87.660811, 41.845927 ] ] ] ] } },
{ "type": "Feature", "properties": { "geoid": "17031440900", "land_area": 0.74263, "total": 2593.0, "nh_white_alone": 305.0, "nh_black_alone": 2233.0, "nh_asian_alone": 0.0, "hispanic": 0.0, "other": 55.0 }, "geometry": { "type": "MultiPolygon", "coordinates": [ [ [ [ -87.614431, 41.732849 ], [ -87.609581, 41.732926 ], [ -87.604734, 41.733001 ], [ -87.604712, 41.732089 ], [ -87.604625, 41.728445 ], [ -87.604507, 41.723596 ], [ -87.604492, 41.722548 ], [ -87.609372, 41.724485 ], [ -87.60978, 41.725181 ], [ -87.611584, 41.725588 ], [ -87.614273, 41.726934 ], [ -87.614301, 41.72787 ], [ -87.614364, 41.730111 ], [ -87.614431, 41.732849 ] ] ] ] } },
{ "type": "Feature", "properties": { "geoid": "17031842400", "land_area": 1.985975, "total": 2855.0, "nh_white_alone": 0.0, "nh_black_alone": 2382.0, "nh_asian_alone": 0.0, "hispanic": 429.0, "other": 44.0 }, "geometry": { "type": "MultiPolygon", "coordinates": [ [ [ [ -87.639316, 41.750711 ], [ -87.634229, 41.750783 ], [ -87.625395, 41.750936 ], [ -87.624546, 41.75096 ], [ -87.624332, 41.743655 ], [ -87.624284, 41.74183 ], [ -87.624165, 41.736299 ], [ -87.623938, 41.729042 ], [ -87.625624, 41.729019 ], [ -87.631708, 41.73516 ], [ -87.632721, 41.735972 ], [ -87.634055, 41.735944 ], [ -87.633757, 41.737406 ], [ -87.634108, 41.743498 ], [ -87.635999, 41.744079 ], [ -87.639028, 41.743455 ], [ -87.639316, 41.750711 ] ] ] ] } },
{ "type": "Feature", "properties": { "geoid": "17031431400", "land_area": 1.084987, "total": 6850.0, "nh_white_alone": 595.0, "nh_black_alone": 5578.0, "nh_asian_alone": 128.0, "hispanic": 344.0, "other": 205.0 }, "geometry": { "type": "MultiPolygon", "coordinates": [ [ [ [ -87.563295, 41.7627 ], [ -87.559598, 41.76458 ], [ -87.559448612971096, 41.764716664866697 ], [ -87.557968147468699, 41.763549887291298 ], [ -87.557530755695396, 41.763205172124501 ], [ -87.555987740151593, 41.761989097901903 ], [ -87.555325191009203, 41.761466932758097 ], [ -87.554196, 41.760577 ], [ -87.550054101402097, 41.759312539565599 ], [ -87.547517, 41.758538 ], [ -87.543882, 41.759965 ], [ -87.540749, 41.75726 ], [ -87.544488, 41.754822 ], [ -87.544418816740304, 41.754662194024 ], [ -87.547703, 41.754753 ], [ -87.552246, 41.751919 ], [ -87.552288, 41.751919 ], [ -87.556128, 41.755489 ], [ -87.558065, 41.757283 ], [ -87.560057, 41.75912 ], [ -87.561696, 41.760925 ], [ -87.563295, 41.7627 ] ] ] ] } },
{ "type": "Feature", "properties": { "geoid": "17031460400", "land_area": 0.652525, "total": 3817.0, "nh_white_alone": 61.0, "nh_black_alone": 3511.0, "nh_asian_alone": 45.0, "hispanic": 0.0, "other": 200.0 }, "geometry": { "type": "MultiPolygon", "coordinates": [ [ [ [ -87.566233, 41.751728 ], [ -87.565019, 41.751746 ], [ -87.562597, 41.751779 ], [ -87.561386, 41.751795 ], [ -87.561378, 41.75135 ], [ -87.561354, 41.749981 ], [ -87.561324, 41.748162 ], [ -87.561261, 41.744526 ], [ -87.561232, 41.742708 ], [ -87.561202, 41.740893 ], [ -87.561176, 41.739075 ], [ -87.561154, 41.737259 ], [ -87.565701, 41.737198 ], [ -87.566028, 41.737433 ], [ -87.566048, 41.739012 ], [ -87.566073, 41.740827 ], [ -87.566125, 41.744461 ], [ -87.566173, 41.748095 ], [ -87.566233, 41.751728 ] ] ] ] } },
{ "type": "Feature", "properties": { "geoid": "17031460301", "land_area": 0.485612, "total": 2721.0, "nh_white_alone": 102.0, "nh_black_alone": 1552.0, "nh_asian_alone": 0.0, "hispanic": 1020.0, "other": 47.0 }, "geometry": { "type": "MultiPolygon", "coordinates": [ [ [ [ -87.561232, 41.742708 ], [ -87.556376, 41.742773 ], [ -87.555166, 41.74279 ], [ -87.552601, 41.742823 ], [ -87.551523, 41.742067 ], [ -87.551496, 41.741019 ], [ -87.551465, 41.7392 ], [ -87.551431, 41.737378 ], [ -87.555585, 41.737329 ], [ -87.556288, 41.73732 ], [ -87.556887, 41.737313 ], [ -87.556972, 41.737312 ], [ -87.561154, 41.737259 ], [ -87.561176, 41.739075 ], [ -87.561202, 41.740893 ], [ -87.561232, 41.742708 ] ] ] ] } },
{ "type": "Feature", "properties": { "geoid": "17031842000", "land_area": 0.590013, "total": 2768.0, "nh_white_alone": 650.0, "nh_black_alone": 1305.0, "nh_asian_alone": 436.0, "hispanic": 298.0, "other": 79.0 }, "geometry": { "type": "MultiPolygon", "coordinates": [ [ [ [ -87.629784, 41.83828 ], [ -87.626773, 41.838301 ], [ -87.626583, 41.838303 ], [ -87.623443, 41.838345 ], [ -87.623313, 41.838346 ], [ -87.621925, 41.838365 ], [ -87.618269, 41.838409 ], [ -87.618229, 41.836583 ], [ -87.621879, 41.836497 ], [ -87.621764, 41.831059 ], [ -87.622506, 41.831052 ], [ -87.626479, 41.831019 ], [ -87.626644, 41.831014 ], [ -87.628996, 41.830975 ], [ -87.629594, 41.83097 ], [ -87.629684, 41.834625 ], [ -87.629784, 41.83828 ] ] ] ] } },
{ "type": "Feature", "properties": { "geoid": "17031841100", "land_area": 1.117345, "total": 7324.0, "nh_white_alone": 421.0, "nh_black_alone": 274.0, "nh_asian_alone": 6251.0, "hispanic": 191.0, "other": 187.0 }, "geometry": { "type": "MultiPolygon", "coordinates": [ [ [ [ -87.642508, 41.850021 ], [ -87.640461, 41.852715 ], [ -87.639164, 41.854367 ], [ -87.63562, 41.856668 ], [ -87.635131, 41.857759 ], [ -87.630226, 41.857779 ], [ -87.630158, 41.855122 ], [ -87.630068, 41.852941 ], [ -87.629352, 41.852952 ], [ -87.629223, 41.847827 ], [ -87.629373, 41.847063 ], [ -87.629168, 41.845557 ], [ -87.629949, 41.845544 ], [ -87.634283, 41.845502 ], [ -87.634631, 41.846396 ], [ -87.63835, 41.84593 ], [ -87.639728, 41.846299 ], [ -87.6416, 41.846301 ], [ -87.641546, 41.847238 ], [ -87.643958, 41.849471 ], [ -87.642508, 41.850021 ] ] ] ] } },
{ "type": "Feature", "properties": { "geoid": "17031843200", "land_area": 2.788963, "total": 2135.0, "nh_white_alone": 687.0, "nh_black_alone": 62.0, "nh_asian_alone": 73.0, "hispanic": 1249.0, "other": 64.0 }, "geometry": { "type": "MultiPolygon", "coordinates": [ [ [ [ -87.678293, 41.852137 ], [ -87.67584, 41.852176 ], [ -87.670938, 41.852248 ], [ -87.666024, 41.852331 ], [ -87.663614, 41.85238 ], [ -87.656276, 41.852483 ], [ -87.653051, 41.852545 ], [ -87.651411, 41.852575 ], [ -87.646495, 41.852647 ], [ -87.645415, 41.852662 ], [ -87.645187, 41.852664 ], [ -87.644465, 41.852669 ], [ -87.641706, 41.852764 ], [ -87.64194, 41.859984 ], [ -87.639014, 41.860018 ], [ -87.638936, 41.857665 ], [ -87.635131, 41.857759 ], [ -87.63562, 41.856668 ], [ -87.639164, 41.854367 ], [ -87.640461, 41.852715 ], [ -87.642508, 41.850021 ], [ -87.643958, 41.849471 ], [ -87.644161, 41.849437 ], [ -87.64442, 41.849411 ], [ -87.649678, 41.848279 ], [ -87.657074, 41.848187 ], [ -87.658043, 41.847724 ], [ -87.658843, 41.84729 ], [ -87.660811, 41.845927 ], [ -87.663149, 41.844685 ], [ -87.664475, 41.844272 ], [ -87.664929, 41.841269 ], [ -87.664251, 41.839206 ], [ -87.667903, 41.837533 ], [ -87.675441, 41.837163 ], [ -87.677949, 41.837119 ], [ -87.677933, 41.842149 ], [ -87.678145, 41.846715 ], [ -87.678221, 41.849425 ], [ -87.678293, 41.852137 ] ] ] ] } },
{ "type": "Feature", "properties": { "geoid": "17031841200", "land_area": 0.625407, "total": 5004.0, "nh_white_alone": 767.0, "nh_black_alone": 45.0, "nh_asian_alone": 60.0, "hispanic": 4074.0, "other": 58.0 }, "geometry": { "type": "MultiPolygon", "coordinates": [ [ [ [ -87.688217, 41.859337 ], [ -87.685834, 41.859366 ], [ -87.68217, 41.858763 ], [ -87.678491, 41.858942 ], [ -87.678455, 41.858484 ], [ -87.678417, 41.856722 ], [ -87.678357, 41.854534 ], [ -87.678318, 41.85306 ], [ -87.678293, 41.852137 ], [ -87.683188, 41.852062 ], [ -87.687952, 41.852009 ], [ -87.688171, 41.856915 ], [ -87.688217, 41.859337 ] ] ] ] } },
{ "type": "Feature", "properties": { "geoid": "17031310800", "land_area": 0.332782, "total": 4013.0, "nh_white_alone": 789.0, "nh_black_alone": 0.0, "nh_asian_alone": 204.0, "hispanic": 2906.0, "other": 114.0 }, "geometry": { "type": "MultiPolygon", "coordinates": [ [ [ [ -87.671143, 41.859542 ], [ -87.666198, 41.859607 ], [ -87.666138, 41.857794 ], [ -87.666095, 41.855974 ], [ -87.666024, 41.852331 ], [ -87.670938, 41.852248 ], [ -87.670995, 41.854076 ], [ -87.671048, 41.855903 ], [ -87.671097, 41.857724 ], [ -87.671143, 41.859542 ] ] ] ] } },
{ "type": "Feature", "properties": { "geoid": "17031830500", "land_area": 3.827807, "total": 4071.0, "nh_white_alone": 28.0, "nh_black_alone": 85.0, "nh_asian_alone": 0.0, "hispanic": 3958.0, "other": 0.0 }, "geometry": { "type": "MultiPolygon", "coordinates": [ [ [ [ -87.739152, 41.836718 ], [ -87.731638, 41.836802 ], [ -87.729212, 41.836827 ], [ -87.724351, 41.836882 ], [ -87.721909, 41.836925 ], [ -87.717031, 41.837012 ], [ -87.714594, 41.837056 ], [ -87.709714, 41.837145 ], [ -87.704823, 41.837233 ], [ -87.704646, 41.829233 ], [ -87.714319, 41.826189 ], [ -87.724054, 41.823135 ], [ -87.738535, 41.818574 ], [ -87.738654, 41.822132 ], [ -87.738875, 41.834283 ], [ -87.739152, 41.836718 ] ] ] ] } },
{ "type": "Feature", "properties": { "geoid": "17031301702", "land_area": 0.330989, "total": 3801.0, "nh_white_alone": 65.0, "nh_black_alone": 0.0, "nh_asian_alone": 0.0, "hispanic": 3736.0, "other": 0.0 }, "geometry": { "type": "MultiPolygon", "coordinates": [ [ [ [ -87.72445, 41.840566 ], [ -87.720787, 41.840624 ], [ -87.718355, 41.840664 ], [ -87.714693, 41.840722 ], [ -87.714594, 41.837056 ], [ -87.717031, 41.837012 ], [ -87.721909, 41.836925 ], [ -87.724351, 41.836882 ], [ -87.72445, 41.840566 ] ] ] ] } },
{ "type": "Feature", "properties": { "geoid": "17031430900", "land_area": 0.336518, "total": 1541.0, "nh_white_alone": 16.0, "nh_black_alone": 1506.0, "nh_asian_alone": 0.0, "hispanic": 0.0, "other": 19.0 }, "geometry": { "type": "MultiPolygon", "coordinates": [ [ [ [ -87.586232, 41.76241 ], [ -87.582344, 41.76245 ], [ -87.579286, 41.762481 ], [ -87.576221, 41.762515 ], [ -87.576182, 41.760697 ], [ -87.576142, 41.758876 ], [ -87.581042, 41.758822 ], [ -87.585738, 41.758768 ], [ -87.586136, 41.758764 ], [ -87.586185, 41.760589 ], [ -87.586232, 41.76241 ] ] ] ] } },
{ "type": "Feature", "properties": { "geoid": "17031420300", "land_area": 0.245119, "total": 2511.0, "nh_white_alone": 1061.0, "nh_black_alone": 599.0, "nh_asian_alone": 505.0, "hispanic": 243.0, "other": 103.0 }, "geometry": { "type": "MultiPolygon", "coordinates": [ [ [ [ -87.601191, 41.785928 ], [ -87.596332, 41.786014 ], [ -87.596204, 41.780522 ], [ -87.597824, 41.780504 ], [ -87.600459, 41.780475 ], [ -87.601068, 41.780468 ], [ -87.601148, 41.784111 ], [ -87.601191, 41.785928 ] ] ] ] } },
{ "type": "Feature", "properties": { "geoid": "17031411000", "land_area": 0.745892, "total": 4548.0, "nh_white_alone": 2158.0, "nh_black_alone": 1231.0, "nh_asian_alone": 620.0, "hispanic": 183.0, "other": 356.0 }, "geometry": { "type": "MultiPolygon", "coordinates": [ [ [ [ -87.588987, 41.791526 ], [ -87.58831, 41.791541 ], [ -87.587944, 41.793358 ], [ -87.587507, 41.795185 ], [ -87.587265, 41.795188 ], [ -87.585411, 41.795212 ], [ -87.582538, 41.795243 ], [ -87.579775, 41.795282 ], [ -87.576208059362003, 41.795163068992501 ], [ -87.576255, 41.795033 ], [ -87.579498, 41.793433 ], [ -87.577867405330096, 41.789604129811899 ], [ -87.577374519239996, 41.788446762569698 ], [ -87.577360401403098, 41.788413611863497 ], [ -87.5772930548777, 41.788255472561097 ], [ -87.576399256154104, 41.786156704945697 ], [ -87.583498, 41.785923 ], [ -87.586595, 41.786143 ], [ -87.586635, 41.787901 ], [ -87.589128, 41.787876 ], [ -87.588987, 41.791526 ] ] ] ] } },
{ "type": "Feature", "properties": { "geoid": "17031400400", "land_area": 0.326944, "total": 2059.0, "nh_white_alone": 54.0, "nh_black_alone": 1703.0, "nh_asian_alone": 0.0, "hispanic": 193.0, "other": 109.0 }, "geometry": { "type": "MultiPolygon", "coordinates": [ [ [ [ -87.620846, 41.794723 ], [ -87.615981, 41.794801 ], [ -87.615889, 41.791172 ], [ -87.615802, 41.787523 ], [ -87.619045, 41.787472 ], [ -87.620658, 41.787445 ], [ -87.620754, 41.791092 ], [ -87.620846, 41.794723 ] ] ] ] } },
{ "type": "Feature", "properties": { "geoid": "17031836100", "land_area": 0.860471, "total": 2110.0, "nh_white_alone": 23.0, "nh_black_alone": 1968.0, "nh_asian_alone": 0.0, "hispanic": 29.0, "other": 90.0 }, "geometry": { "type": "MultiPolygon", "coordinates": [ [ [ [ -87.628831, 41.801892 ], [ -87.62589, 41.801946 ], [ -87.624273, 41.801973 ], [ -87.617747, 41.802079 ], [ -87.616526, 41.802098 ], [ -87.616111, 41.802103 ], [ -87.614968, 41.802115 ], [ -87.614192, 41.802126 ], [ -87.611286, 41.802169 ], [ -87.606407, 41.802251 ], [ -87.606353, 41.800434 ], [ -87.606318, 41.798613 ], [ -87.613933, 41.79845 ], [ -87.616074, 41.798465 ], [ -87.617697, 41.798436 ], [ -87.624501, 41.798138 ], [ -87.625792, 41.798114 ], [ -87.625701, 41.794643 ], [ -87.628562, 41.794599 ], [ -87.628831, 41.801892 ] ] ] ] } },
{ "type": "Feature", "properties": { "geoid": "17031280800", "land_area": 0.237357, "total": 869.0, "nh_white_alone": 41.0, "nh_black_alone": 789.0, "nh_asian_alone": 0.0, "hispanic": 8.0, "other": 31.0 }, "geometry": { "type": "MultiPolygon", "coordinates": [ [ [ [ -87.691505, 41.881113 ], [ -87.686431, 41.881162 ], [ -87.686365, 41.878589 ], [ -87.686269, 41.876084 ], [ -87.691371, 41.876035 ], [ -87.691505, 41.881113 ] ] ] ] } },
{ "type": "Feature", "properties": { "geoid": "17031260900", "land_area": 0.228195, "total": 1174.0, "nh_white_alone": 57.0, "nh_black_alone": 1030.0, "nh_asian_alone": 0.0, "hispanic": 46.0, "other": 41.0 }, "geometry": { "type": "MultiPolygon", "coordinates": [ [ [ [ -87.725413, 41.873443 ], [ -87.722978, 41.873462 ], [ -87.720365, 41.873515 ], [ -87.720271, 41.870785 ], [ -87.720239, 41.869869 ], [ -87.720198, 41.868623 ], [ -87.725272, 41.868555 ], [ -87.725287, 41.869089 ], [ -87.725341, 41.870722 ], [ -87.725413, 41.873443 ] ] ] ] } },
{ "type": "Feature", "properties": { "geoid": "17031831400", "land_area": 2.104282, "total": 2767.0, "nh_white_alone": 429.0, "nh_black_alone": 1154.0, "nh_asian_alone": 326.0, "hispanic": 851.0, "other": 7.0 }, "geometry": { "type": "MultiPolygon", "coordinates": [ [ [ [ -87.774301, 41.870924 ], [ -87.768635, 41.870634 ], [ -87.76454, 41.87102 ], [ -87.764587, 41.872827 ], [ -87.754806, 41.872946 ], [ -87.749145, 41.873027 ], [ -87.744998, 41.873141 ], [ -87.740123, 41.873251 ], [ -87.740078, 41.871899 ], [ -87.739984, 41.868939 ], [ -87.739957, 41.868333 ], [ -87.739932, 41.86596 ], [ -87.74964, 41.865825 ], [ -87.752082, 41.865787 ], [ -87.754533, 41.865752 ], [ -87.759409, 41.865678 ], [ -87.767986, 41.865546 ], [ -87.772896, 41.865479 ], [ -87.774139, 41.865459 ], [ -87.774146, 41.865915 ], [ -87.774264, 41.869114 ], [ -87.774301, 41.870924 ] ] ] ] } },
{ "type": "Feature", "properties": { "geoid": "17031301200", "land_area": 0.482205, "total": 4087.0, "nh_white_alone": 198.0, "nh_black_alone": 962.0, "nh_asian_alone": 43.0, "hispanic": 2821.0, "other": 63.0 }, "geometry": { "type": "MultiPolygon", "coordinates": [ [ [ [ -87.695446, 41.851902 ], [ -87.687952, 41.852009 ], [ -87.687615, 41.844794 ], [ -87.690339, 41.844756 ], [ -87.694661, 41.844701 ], [ -87.694711, 41.846458 ], [ -87.694741, 41.847469 ], [ -87.695333, 41.847883 ], [ -87.695398, 41.85008 ], [ -87.695446, 41.851902 ] ] ] ] } },
{ "type": "Feature", "properties": { "geoid": "17031300600", "land_area": 0.328182, "total": 3260.0, "nh_white_alone": 250.0, "nh_black_alone": 198.0, "nh_asian_alone": 0.0, "hispanic": 2812.0, "other": 0.0 }, "geometry": { "type": "MultiPolygon", "coordinates": [ [ [ [ -87.719872, 41.851607 ], [ -87.714999, 41.851663 ], [ -87.714978, 41.850912 ], [ -87.714894, 41.848033 ], [ -87.714841, 41.846221 ], [ -87.714787, 41.844385 ], [ -87.719674, 41.844317 ], [ -87.719776, 41.847984 ], [ -87.719825, 41.849832 ], [ -87.719872, 41.851607 ] ] ] ] } },
{ "type": "Feature", "properties": { "geoid": "17031291200", "land_area": 0.329138, "total": 2225.0, "nh_white_alone": 47.0, "nh_black_alone": 2070.0, "nh_asian_alone": 0.0, "hispanic": 108.0, "other": 0.0 }, "geometry": { "type": "MultiPolygon", "coordinates": [ [ [ [ -87.715421, 41.86629 ], [ -87.712982, 41.86632 ], [ -87.710543, 41.866349 ], [ -87.710433, 41.862454 ], [ -87.710333, 41.859025 ], [ -87.712771, 41.859 ], [ -87.713986, 41.858988 ], [ -87.715206, 41.858974 ], [ -87.715305, 41.862398 ], [ -87.715421, 41.86629 ] ] ] ] } },
{ "type": "Feature", "properties": { "geoid": "17031841900", "land_area": 2.4961, "total": 6567.0, "nh_white_alone": 2468.0, "nh_black_alone": 1421.0, "nh_asian_alone": 1432.0, "hispanic": 929.0, "other": 317.0 }, "geometry": { "type": "MultiPolygon", "coordinates": [ [ [ [ -87.651874, 41.876601 ], [ -87.649538, 41.876637 ], [ -87.647202, 41.876672 ], [ -87.637377, 41.876799 ], [ -87.636171, 41.874903 ], [ -87.636035, 41.874448 ], [ -87.635489, 41.87202 ], [ -87.63479, 41.867364 ], [ -87.634502, 41.859934 ], [ -87.634485, 41.859073 ], [ -87.635131, 41.857759 ], [ -87.638936, 41.857665 ], [ -87.639014, 41.860018 ], [ -87.64194, 41.859984 ], [ -87.644222, 41.859956 ], [ -87.644468, 41.859954 ], [ -87.646706, 41.859911 ], [ -87.650822, 41.859853 ], [ -87.650937, 41.863499 ], [ -87.651046, 41.867087 ], [ -87.651874, 41.876601 ] ] ] ] } },
{ "type": "Feature", "properties": { "geoid": "17031807800", "land_area": 2.547904, "total": 2729.0, "nh_white_alone": 1507.0, "nh_black_alone": 51.0, "nh_asian_alone": 867.0, "hispanic": 200.0, "other": 104.0 }, "geometry": { "type": "MultiPolygon", "coordinates": [ [ [ [ -87.780882, 42.026443 ], [ -87.776739, 42.026438 ], [ -87.77188, 42.026436 ], [ -87.768808, 42.026436 ], [ -87.768571, 42.026435 ], [ -87.767067, 42.026391 ], [ -87.766993, 42.022882 ], [ -87.767273, 42.022935 ], [ -87.765005, 42.02069 ], [ -87.760067, 42.017854 ], [ -87.752464, 42.013443 ], [ -87.750261, 42.011031 ], [ -87.750406, 42.010193 ], [ -87.750518, 42.006365 ], [ -87.750573, 42.004553 ], [ -87.761815, 42.004653 ], [ -87.761663, 42.008413 ], [ -87.767534, 42.008432 ], [ -87.767759, 42.004735 ], [ -87.765481, 42.003718 ], [ -87.765795, 42.003325 ], [ -87.767872, 42.004261 ], [ -87.767673, 42.008423 ], [ -87.767525, 42.009057 ], [ -87.767342, 42.011938 ], [ -87.767142, 42.019168 ], [ -87.777011, 42.019207 ], [ -87.777132, 42.019208 ], [ -87.779387, 42.023585 ], [ -87.780882, 42.026443 ] ] ] ] } },
{ "type": "Feature", "properties": { "geoid": "17031812200", "land_area": 1.48258, "total": 3759.0, "nh_white_alone": 2515.0, "nh_black_alone": 384.0, "nh_asian_alone": 198.0, "hispanic": 303.0, "other": 359.0 }, "geometry": { "type": "MultiPolygon", "coordinates": [ [ [ [ -87.805748, 41.908904 ], [ -87.802113, 41.908934 ], [ -87.794798, 41.909027 ], [ -87.793841, 41.909039 ], [ -87.785002, 41.909148 ], [ -87.783355, 41.909169 ], [ -87.783433, 41.905769 ], [ -87.784178, 41.903792 ], [ -87.784193, 41.90188 ], [ -87.78487, 41.901873 ], [ -87.789992, 41.90178 ], [ -87.793643, 41.901717 ], [ -87.797896, 41.901647 ], [ -87.80551, 41.901533 ], [ -87.805641, 41.90521 ], [ -87.805748, 41.908904 ] ] ] ] } },
{ "type": "Feature", "properties": { "geoid": "17031810600", "land_area": 1.534759, "total": 4731.0, "nh_white_alone": 2701.0, "nh_black_alone": 45.0, "nh_asian_alone": 467.0, "hispanic": 1373.0, "other": 145.0 }, "geometry": { "type": "MultiPolygon", "coordinates": [ [ [ [ -87.807173, 41.967281 ], [ -87.807156, 41.96827 ], [ -87.802542, 41.968297 ], [ -87.802525, 41.968751 ], [ -87.798913, 41.968773 ], [ -87.7977, 41.96878 ], [ -87.795278, 41.9688 ], [ -87.791644, 41.968836 ], [ -87.78801, 41.968867 ], [ -87.786772, 41.968427 ], [ -87.786762, 41.964647 ], [ -87.78696, 41.963031 ], [ -87.786866, 41.962044 ], [ -87.786812, 41.960673 ], [ -87.786805, 41.960217 ], [ -87.794204, 41.960072 ], [ -87.797709, 41.958438 ], [ -87.801301, 41.956723 ], [ -87.801355, 41.95906 ], [ -87.801355, 41.959247 ], [ -87.802568, 41.959243 ], [ -87.802547, 41.964673 ], [ -87.805216, 41.964125 ], [ -87.807185, 41.964641 ], [ -87.807173, 41.967281 ] ] ] ] } },
{ "type": "Feature", "properties": { "geoid": "17031810301", "land_area": 1.726894, "total": 4087.0, "nh_white_alone": 1377.0, "nh_black_alone": 648.0, "nh_asian_alone": 355.0, "hispanic": 1448.0, "other": 259.0 }, "geometry": { "type": "MultiPolygon", "coordinates": [ [ [ [ -87.708843, 42.026395 ], [ -87.708661, 42.033676 ], [ -87.705538, 42.03375 ], [ -87.70086, 42.033845 ], [ -87.699302, 42.033873 ], [ -87.699373, 42.030709 ], [ -87.699404, 42.029337 ], [ -87.699427, 42.028235 ], [ -87.699497, 42.024803 ], [ -87.694801, 42.02488 ], [ -87.690106, 42.024957 ], [ -87.690123, 42.023487 ], [ -87.690174, 42.019528 ], [ -87.694879, 42.019429 ], [ -87.69959, 42.019326 ], [ -87.701943, 42.019278 ], [ -87.708662, 42.019144 ], [ -87.708927, 42.022649 ], [ -87.708843, 42.026395 ] ] ] ] } },
{ "type": "Feature", "properties": { "geoid": "17031805702", "land_area": 1.676144, "total": 2049.0, "nh_white_alone": 1603.0, "nh_black_alone": 0.0, "nh_asian_alone": 234.0, "hispanic": 71.0, "other": 141.0 }, "geometry": { "type": "MultiPolygon", "coordinates": [ [ [ [ -87.859705, 41.992122 ], [ -87.858436, 41.994491 ], [ -87.859437, 41.995847 ], [ -87.855442, 41.995955 ], [ -87.845685, 41.996223 ], [ -87.839608, 41.996377 ], [ -87.836476, 41.996457 ], [ -87.836573, 41.990168 ], [ -87.836618, 41.986365 ], [ -87.841946, 41.987167 ], [ -87.846529, 41.987853 ], [ -87.854607, 41.988718 ], [ -87.855851, 41.989057 ], [ -87.859021, 41.991139 ], [ -87.859705, 41.992122 ] ] ] ] } },
{ "type": "Feature", "properties": { "geoid": "17031805502", "land_area": 1.849201, "total": 4242.0, "nh_white_alone": 3985.0, "nh_black_alone": 2.0, "nh_asian_alone": 62.0, "hispanic": 118.0, "other": 75.0 }, "geometry": { "type": "MultiPolygon", "coordinates": [ [ [ [ -87.829564, 42.010808 ], [ -87.829549, 42.011277 ], [ -87.829519, 42.018456 ], [ -87.82952, 42.02342 ], [ -87.829521, 42.025722 ], [ -87.826076, 42.025807 ], [ -87.823624, 42.025848 ], [ -87.821168, 42.025897 ], [ -87.819948, 42.025917 ], [ -87.816269, 42.025993 ], [ -87.816315, 42.020557 ], [ -87.816327, 42.018749 ], [ -87.821213, 42.01864 ], [ -87.820651, 42.015536 ], [ -87.82007, 42.015015 ], [ -87.820017, 42.011935 ], [ -87.819731, 42.011384 ], [ -87.819988, 42.01138 ], [ -87.821253, 42.011357 ], [ -87.821116, 42.007225 ], [ -87.821321, 42.006049 ], [ -87.821325, 42.004254 ], [ -87.82696, 42.007488 ], [ -87.830828, 42.009629 ], [ -87.829564, 42.010808 ] ] ] ] } },
{ "type": "Feature", "properties": { "geoid": "17031360200", "land_area": 0.232044, "total": 1900.0, "nh_white_alone": 19.0, "nh_black_alone": 1810.0, "nh_asian_alone": 0.0, "hispanic": 0.0, "other": 71.0 }, "geometry": { "type": "MultiPolygon", "coordinates": [ [ [ [ -87.611627, 41.827536 ], [ -87.610613, 41.831186 ], [ -87.609556, 41.831197 ], [ -87.607535, 41.828115 ], [ -87.608825, 41.827722 ], [ -87.606895, 41.824002 ], [ -87.612624, 41.823891 ], [ -87.611627, 41.827536 ] ] ] ] } },
{ "type": "Feature", "properties": { "geoid": "17031250600", "land_area": 0.647765, "total": 3887.0, "nh_white_alone": 19.0, "nh_black_alone": 3067.0, "nh_asian_alone": 0.0, "hispanic": 800.0, "other": 1.0 }, "geometry": { "type": "MultiPolygon", "coordinates": [ [ [ [ -87.7756, 41.909254 ], [ -87.771458, 41.909306 ], [ -87.770754, 41.909313 ], [ -87.765724, 41.909379 ], [ -87.765848, 41.907566 ], [ -87.765785, 41.905759 ], [ -87.765719, 41.903952 ], [ -87.765654, 41.902145 ], [ -87.769295, 41.90209 ], [ -87.770508, 41.902071 ], [ -87.772938, 41.902034 ], [ -87.775362, 41.901998 ], [ -87.775415, 41.903917 ], [ -87.775475, 41.905625 ], [ -87.7756, 41.909254 ] ] ] ] } },
{ "type": "Feature", "properties": { "geoid": "17031230800", "land_area": 0.204403, "total": 993.0, "nh_white_alone": 220.0, "nh_black_alone": 21.0, "nh_asian_alone": 0.0, "hispanic": 739.0, "other": 13.0 }, "geometry": { "type": "MultiPolygon", "coordinates": [ [ [ [ -87.7167, 41.909997 ], [ -87.71436, 41.910026 ], [ -87.714178, 41.904586 ], [ -87.711734, 41.904611 ], [ -87.711675, 41.902788 ], [ -87.714583, 41.90277 ], [ -87.716562, 41.902754 ], [ -87.716682, 41.906374 ], [ -87.716777, 41.90942 ], [ -87.7167, 41.909997 ] ] ] ] } },
{ "type": "Feature", "properties": { "geoid": "17031222800", "land_area": 0.111384, "total": 945.0, "nh_white_alone": 213.0, "nh_black_alone": 114.0, "nh_asian_alone": 4.0, "hispanic": 598.0, "other": 16.0 }, "geometry": { "type": "MultiPolygon", "coordinates": [ [ [ [ -87.716772, 41.917283 ], [ -87.713521, 41.917323 ], [ -87.713417, 41.913589 ], [ -87.716656, 41.913549 ], [ -87.71666, 41.913687 ], [ -87.716772, 41.917283 ] ] ] ] } },
{ "type": "Feature", "properties": { "geoid": "17031221500", "land_area": 0.304903, "total": 3237.0, "nh_white_alone": 1836.0, "nh_black_alone": 276.0, "nh_asian_alone": 51.0, "hispanic": 1048.0, "other": 26.0 }, "geometry": { "type": "MultiPolygon", "coordinates": [ [ [ [ -87.692843, 41.924852 ], [ -87.692528, 41.924855 ], [ -87.689397, 41.924883 ], [ -87.687642, 41.924901 ], [ -87.68741, 41.917568 ], [ -87.688596, 41.917563 ], [ -87.691332, 41.919228 ], [ -87.692712, 41.920065 ], [ -87.692843, 41.924852 ] ] ] ] } },
{ "type": "Feature", "properties": { "geoid": "17031221100", "land_area": 0.440042, "total": 4186.0, "nh_white_alone": 2202.0, "nh_black_alone": 273.0, "nh_asian_alone": 176.0, "hispanic": 1256.0, "other": 279.0 }, "geometry": { "type": "MultiPolygon", "coordinates": [ [ [ [ -87.713738, 41.924644 ], [ -87.712105, 41.924661 ], [ -87.707568, 41.924714 ], [ -87.707219, 41.924716 ], [ -87.707113, 41.921452 ], [ -87.707081, 41.920663 ], [ -87.706976, 41.917402 ], [ -87.710298, 41.917361 ], [ -87.711905, 41.917342 ], [ -87.713521, 41.917323 ], [ -87.713622, 41.920984 ], [ -87.713738, 41.924644 ] ] ] ] } },
{ "type": "Feature", "properties": { "geoid": "17031210700", "land_area": 0.497304, "total": 3769.0, "nh_white_alone": 1821.0, "nh_black_alone": 9.0, "nh_asian_alone": 72.0, "hispanic": 1785.0, "other": 82.0 }, "geometry": { "type": "MultiPolygon", "coordinates": [ [ [ [ -87.707698, 41.939331 ], [ -87.702725, 41.939363 ], [ -87.701502, 41.939368 ], [ -87.700277, 41.939377 ], [ -87.699909, 41.934313 ], [ -87.700123, 41.933901 ], [ -87.700085, 41.932536 ], [ -87.700073, 41.932079 ], [ -87.702522, 41.932059 ], [ -87.704981, 41.932041 ], [ -87.707427, 41.932029 ], [ -87.707441, 41.932485 ], [ -87.707476, 41.933876 ], [ -87.707529, 41.935698 ], [ -87.707577, 41.937514 ], [ -87.707664, 41.938886 ], [ -87.707698, 41.939331 ] ] ] ] } },
{ "type": "Feature", "properties": { "geoid": "17031842300", "land_area": 1.741942, "total": 3490.0, "nh_white_alone": 2126.0, "nh_black_alone": 470.0, "nh_asian_alone": 316.0, "hispanic": 257.0, "other": 321.0 }, "geometry": { "type": "MultiPolygon", "coordinates": [ [ [ [ -87.667802, 41.914329 ], [ -87.666243, 41.91446 ], [ -87.6636, 41.91559 ], [ -87.66086, 41.915966 ], [ -87.658445, 41.914465 ], [ -87.656873, 41.910785 ], [ -87.657923, 41.907196 ], [ -87.658011, 41.904147 ], [ -87.657364, 41.903502 ], [ -87.655118, 41.900646 ], [ -87.65126, 41.899722 ], [ -87.647832, 41.898041 ], [ -87.644713, 41.897497 ], [ -87.644139, 41.896456 ], [ -87.643886, 41.894 ], [ -87.64196, 41.892538 ], [ -87.639356, 41.889081 ], [ -87.639973, 41.889048 ], [ -87.644334, 41.889034 ], [ -87.647622, 41.889049 ], [ -87.647745, 41.896399 ], [ -87.65751, 41.896228 ], [ -87.662405, 41.89615 ], [ -87.662479, 41.89888 ], [ -87.662583, 41.901526 ], [ -87.662628, 41.903409 ], [ -87.662625, 41.903857 ], [ -87.662727, 41.907056 ], [ -87.665192, 41.910665 ], [ -87.667692, 41.91063 ], [ -87.667802, 41.914329 ] ] ] ] } },
{ "type": "Feature", "properties": { "geoid": "17031243200", "land_area": 0.32385, "total": 2587.0, "nh_white_alone": 1296.0, "nh_black_alone": 157.0, "nh_asian_alone": 231.0, "hispanic": 756.0, "other": 147.0 }, "geometry": { "type": "MultiPolygon", "coordinates": [ [ [ [ -87.672173, 41.895992 ], [ -87.669728, 41.896033 ], [ -87.667292, 41.896074 ], [ -87.667237, 41.894257 ], [ -87.667212, 41.893343 ], [ -87.667069, 41.888852 ], [ -87.671961, 41.8888 ], [ -87.671989, 41.889806 ], [ -87.67201, 41.890526 ], [ -87.67209, 41.893262 ], [ -87.672173, 41.895992 ] ] ] ] } },
{ "type": "Feature", "properties": { "geoid": "17031242900", "land_area": 0.323819, "total": 2242.0, "nh_white_alone": 1315.0, "nh_black_alone": 81.0, "nh_asian_alone": 146.0, "hispanic": 654.0, "other": 46.0 }, "geometry": { "type": "MultiPolygon", "coordinates": [ [ [ [ -87.686843, 41.895743 ], [ -87.681949, 41.895827 ], [ -87.681844, 41.892188 ], [ -87.681804, 41.890743 ], [ -87.681768, 41.889642 ], [ -87.68174, 41.888641 ], [ -87.685993, 41.888572 ], [ -87.686623, 41.888527 ], [ -87.686695, 41.890648 ], [ -87.686738, 41.89211 ], [ -87.686843, 41.895743 ] ] ] ] } },
{ "type": "Feature", "properties": { "geoid": "17031242600", "land_area": 0.475743, "total": 5888.0, "nh_white_alone": 2770.0, "nh_black_alone": 533.0, "nh_asian_alone": 0.0, "hispanic": 2345.0, "other": 240.0 }, "geometry": { "type": "MultiPolygon", "coordinates": [ [ [ [ -87.696947, 41.905664 ], [ -87.694486, 41.905686 ], [ -87.692022, 41.905712 ], [ -87.691952, 41.902968 ], [ -87.691885, 41.900241 ], [ -87.691863, 41.89933 ], [ -87.691839, 41.898422 ], [ -87.689351, 41.897535 ], [ -87.691818, 41.897513 ], [ -87.691773, 41.895702 ], [ -87.694237, 41.895668 ], [ -87.695468, 41.895658 ], [ -87.696703, 41.895654 ], [ -87.696791, 41.899283 ], [ -87.696815, 41.900199 ], [ -87.696879, 41.902925 ], [ -87.696947, 41.905664 ] ] ] ] } },
{ "type": "Feature", "properties": { "geoid": "17031242200", "land_area": 0.326986, "total": 4182.0, "nh_white_alone": 3294.0, "nh_black_alone": 177.0, "nh_asian_alone": 178.0, "hispanic": 313.0, "other": 220.0 }, "geometry": { "type": "MultiPolygon", "coordinates": [ [ [ [ -87.677258, 41.903191 ], [ -87.674822, 41.90323 ], [ -87.67382, 41.903245 ], [ -87.673594, 41.903247 ], [ -87.672381, 41.903267 ], [ -87.672373, 41.902763 ], [ -87.672361, 41.902357 ], [ -87.672282, 41.899633 ], [ -87.672173, 41.895992 ], [ -87.677052, 41.895912 ], [ -87.677156, 41.899551 ], [ -87.67723, 41.902256 ], [ -87.677243, 41.902699 ], [ -87.677258, 41.903191 ] ] ] ] } },
{ "type": "Feature", "properties": { "geoid": "17031241600", "land_area": 0.293931, "total": 3779.0, "nh_white_alone": 2111.0, "nh_black_alone": 0.0, "nh_asian_alone": 488.0, "hispanic": 997.0, "other": 183.0 }, "geometry": { "type": "MultiPolygon", "coordinates": [ [ [ [ -87.667692, 41.91063 ], [ -87.665192, 41.910665 ], [ -87.662727, 41.907056 ], [ -87.662625, 41.903857 ], [ -87.662628, 41.903409 ], [ -87.66383, 41.903388 ], [ -87.667495, 41.903346 ], [ -87.667513, 41.904017 ], [ -87.667542, 41.905108 ], [ -87.66759, 41.907007 ], [ -87.667625, 41.908358 ], [ -87.667692, 41.91063 ] ] ] ] } },
{ "type": "Feature", "properties": { "geoid": "17031241300", "land_area": 0.164085, "total": 1844.0, "nh_white_alone": 1277.0, "nh_black_alone": 75.0, "nh_asian_alone": 159.0, "hispanic": 300.0, "other": 33.0 }, "geometry": { "type": "MultiPolygon", "coordinates": [ [ [ [ -87.682347, 41.910393 ], [ -87.679907, 41.91044 ], [ -87.679815, 41.907097 ], [ -87.6797, 41.903147 ], [ -87.68214, 41.903107 ], [ -87.682246, 41.906746 ], [ -87.682347, 41.910393 ] ] ] ] } },
{ "type": "Feature", "properties": { "geoid": "17031821200", "land_area": 2.943051, "total": 5296.0, "nh_white_alone": 656.0, "nh_black_alone": 2294.0, "nh_asian_alone": 0.0, "hispanic": 2321.0, "other": 25.0 }, "geometry": { "type": "MultiPolygon", "coordinates": [ [ [ [ -87.680696, 41.677257 ], [ -87.675162, 41.677288 ], [ -87.671049, 41.67736 ], [ -87.66785, 41.677419 ], [ -87.668549, 41.676127 ], [ -87.667148, 41.675834 ], [ -87.66657, 41.677442 ], [ -87.661365, 41.677544 ], [ -87.661151, 41.67033 ], [ -87.659547, 41.670319 ], [ -87.663903, 41.666564 ], [ -87.668171, 41.662813 ], [ -87.670513, 41.66096 ], [ -87.672469, 41.659161 ], [ -87.672819, 41.658785 ], [ -87.679899, 41.652791 ], [ -87.680026, 41.653663 ], [ -87.680072, 41.655443 ], [ -87.680106, 41.659989 ], [ -87.680207, 41.662703 ], [ -87.680291, 41.664546 ], [ -87.680333, 41.665737 ], [ -87.680466, 41.669885 ], [ -87.680553, 41.672618 ], [ -87.680582, 41.673547 ], [ -87.680587, 41.673656 ], [ -87.680696, 41.677257 ] ] ] ] } },
{ "type": "Feature", "properties": { "geoid": "17031062900", "land_area": 0.32574, "total": 4232.0, "nh_white_alone": 3059.0, "nh_black_alone": 172.0, "nh_asian_alone": 205.0, "hispanic": 364.0, "other": 432.0 }, "geometry": { "type": "MultiPolygon", "coordinates": [ [ [ [ -87.658969, 41.939838 ], [ -87.656537, 41.939874 ], [ -87.654106, 41.939912 ], [ -87.653983, 41.936271 ], [ -87.653951, 41.935358 ], [ -87.653859, 41.932638 ], [ -87.65871, 41.932556 ], [ -87.658776, 41.934376 ], [ -87.658807, 41.935279 ], [ -87.658969, 41.939838 ] ] ] ] } },
{ "type": "Feature", "properties": { "geoid": "17031062600", "land_area": 0.330016, "total": 2317.0, "nh_white_alone": 1730.0, "nh_black_alone": 22.0, "nh_asian_alone": 264.0, "hispanic": 150.0, "other": 151.0 }, "geometry": { "type": "MultiPolygon", "coordinates": [ [ [ [ -87.673541, 41.935985 ], [ -87.673352, 41.935987 ], [ -87.67344, 41.939633 ], [ -87.668662, 41.939697 ], [ -87.668531, 41.936049 ], [ -87.668461, 41.934227 ], [ -87.668394, 41.932404 ], [ -87.673426, 41.932342 ], [ -87.673541, 41.935985 ] ] ] ] } },
{ "type": "Feature", "properties": { "geoid": "17031061100", "land_area": 0.173036, "total": 1368.0, "nh_white_alone": 988.0, "nh_black_alone": 15.0, "nh_asian_alone": 29.0, "hispanic": 277.0, "other": 59.0 }, "geometry": { "type": "MultiPolygon", "coordinates": [ [ [ [ -87.659269, 41.951048 ], [ -87.656806, 41.951087 ], [ -87.654444, 41.951124 ], [ -87.654384, 41.949043 ], [ -87.65433, 41.947245 ], [ -87.659168, 41.947149 ], [ -87.65921, 41.948967 ], [ -87.659269, 41.951048 ] ] ] ] } },
{ "type": "Feature", "properties": { "geoid": "17031060200", "land_area": 0.318279, "total": 2176.0, "nh_white_alone": 1561.0, "nh_black_alone": 129.0, "nh_asian_alone": 51.0, "hispanic": 357.0, "other": 78.0 }, "geometry": { "type": "MultiPolygon", "coordinates": [ [ [ [ -87.673977, 41.961525 ], [ -87.669258, 41.961592 ], [ -87.669152, 41.95795 ], [ -87.669099, 41.956128 ], [ -87.669049, 41.95429 ], [ -87.673794, 41.954225 ], [ -87.673843, 41.956067 ], [ -87.673886, 41.957878 ], [ -87.673977, 41.961525 ] ] ] ] } },
{ "type": "Feature", "properties": { "geoid": "17031050500", "land_area": 0.652578, "total": 5221.0, "nh_white_alone": 4302.0, "nh_black_alone": 1.0, "nh_asian_alone": 327.0, "hispanic": 395.0, "other": 196.0 }, "geometry": { "type": "MultiPolygon", "coordinates": [ [ [ [ -87.688467, 41.954032 ], [ -87.684829, 41.954075 ], [ -87.681183, 41.954131 ], [ -87.678754, 41.954162 ], [ -87.678654, 41.950509 ], [ -87.678605, 41.948687 ], [ -87.678553, 41.946864 ], [ -87.683406, 41.9468 ], [ -87.684619, 41.946784 ], [ -87.688258, 41.946731 ], [ -87.688361, 41.950379 ], [ -87.688467, 41.954032 ] ] ] ] } },
{ "type": "Feature", "properties": { "geoid": "17031040900", "land_area": 0.321853, "total": 2267.0, "nh_white_alone": 1722.0, "nh_black_alone": 78.0, "nh_asian_alone": 57.0, "hispanic": 292.0, "other": 118.0 }, "geometry": { "type": "MultiPolygon", "coordinates": [ [ [ [ -87.688791, 41.964868 ], [ -87.68818, 41.96488 ], [ -87.687576, 41.96489 ], [ -87.680698, 41.965073 ], [ -87.679083, 41.965096 ], [ -87.679029, 41.963274 ], [ -87.678959, 41.961458 ], [ -87.683149, 41.961399 ], [ -87.68383, 41.961385 ], [ -87.688683, 41.961313 ], [ -87.688736, 41.963139 ], [ -87.688791, 41.964868 ] ] ] ] } },
{ "type": "Feature", "properties": { "geoid": "17031040300", "land_area": 0.752564, "total": 2991.0, "nh_white_alone": 1457.0, "nh_black_alone": 96.0, "nh_asian_alone": 699.0, "hispanic": 643.0, "other": 96.0 }, "geometry": { "type": "MultiPolygon", "coordinates": [ [ [ [ -87.70582, 41.983088 ], [ -87.704012, 41.983098 ], [ -87.699157, 41.983121 ], [ -87.699098, 41.981295 ], [ -87.699068, 41.980384 ], [ -87.699038, 41.97947 ], [ -87.699011, 41.978559 ], [ -87.698952, 41.976733 ], [ -87.698923, 41.975818 ], [ -87.698839, 41.973086 ], [ -87.698762, 41.970723 ], [ -87.698689, 41.968532 ], [ -87.701093, 41.968514 ], [ -87.70311, 41.970888 ], [ -87.70411, 41.973651 ], [ -87.704748, 41.975775 ], [ -87.706982, 41.98308 ], [ -87.70582, 41.983088 ] ] ] ] } },
{ "type": "Feature", "properties": { "geoid": "17031040100", "land_area": 1.972508, "total": 3987.0, "nh_white_alone": 2432.0, "nh_black_alone": 416.0, "nh_asian_alone": 177.0, "hispanic": 699.0, "other": 263.0 }, "geometry": { "type": "MultiPolygon", "coordinates": [ [ [ [ -87.689673, 41.9905 ], [ -87.687206, 41.990542 ], [ -87.683524, 41.990609 ], [ -87.678422, 41.990697 ], [ -87.675044, 41.990758 ], [ -87.674705, 41.990763 ], [ -87.674653, 41.986682 ], [ -87.674691, 41.986604 ], [ -87.674645, 41.98463 ], [ -87.674609, 41.983357 ], [ -87.67456, 41.981573 ], [ -87.674463, 41.979748 ], [ -87.674433, 41.977923 ], [ -87.674408, 41.976103 ], [ -87.676407, 41.976075 ], [ -87.677885, 41.976054 ], [ -87.679404, 41.976033 ], [ -87.683691, 41.97597 ], [ -87.68429, 41.975961 ], [ -87.686732, 41.975927 ], [ -87.689151, 41.975892 ], [ -87.689169, 41.976346 ], [ -87.689221, 41.977708 ], [ -87.689448, 41.983168 ], [ -87.689549, 41.986812 ], [ -87.689673, 41.9905 ] ] ] ] } },
{ "type": "Feature", "properties": { "geoid": "17031030400", "land_area": 0.346486, "total": 2716.0, "nh_white_alone": 1544.0, "nh_black_alone": 161.0, "nh_asian_alone": 404.0, "hispanic": 500.0, "other": 107.0 }, "geometry": { "type": "MultiPolygon", "coordinates": [ [ [ [ -87.674705, 41.990763 ], [ -87.670028, 41.990798 ], [ -87.669797, 41.988047 ], [ -87.669731, 41.987641 ], [ -87.669411, 41.986282 ], [ -87.668964, 41.98445 ], [ -87.668757, 41.98349 ], [ -87.673016, 41.983424 ], [ -87.674609, 41.983357 ], [ -87.674645, 41.98463 ], [ -87.674691, 41.986604 ], [ -87.674653, 41.986682 ], [ -87.674705, 41.990763 ] ] ] ] } },
{ "type": "Feature", "properties": { "geoid": "17031030104", "land_area": 0.110578, "total": 3612.0, "nh_white_alone": 1790.0, "nh_black_alone": 367.0, "nh_asian_alone": 690.0, "hispanic": 646.0, "other": 119.0 }, "geometry": { "type": "MultiPolygon", "coordinates": [ [ [ [ -87.660553, 41.998189 ], [ -87.655626150099593, 41.998232 ], [ -87.6553082108572, 41.996426934510097 ], [ -87.657009, 41.996408 ], [ -87.657677, 41.995441 ], [ -87.658409, 41.996393 ], [ -87.660459, 41.996374 ], [ -87.660553, 41.998189 ] ] ] ] } },
{ "type": "Feature", "properties": { "geoid": "17031020200", "land_area": 1.241961, "total": 7632.0, "nh_white_alone": 3951.0, "nh_black_alone": 460.0, "nh_asian_alone": 1086.0, "hispanic": 1902.0, "other": 233.0 }, "geometry": { "type": "MultiPolygon", "coordinates": [ [ [ [ -87.708746, 42.0155 ], [ -87.708662, 42.019144 ], [ -87.701943, 42.019278 ], [ -87.69959, 42.019326 ], [ -87.694879, 42.019429 ], [ -87.690174, 42.019528 ], [ -87.690197, 42.017437 ], [ -87.690203, 42.016818 ], [ -87.690247, 42.01228 ], [ -87.694986, 42.012176 ], [ -87.697351, 42.012123 ], [ -87.699719, 42.012068 ], [ -87.704453, 42.011964 ], [ -87.709057, 42.011861 ], [ -87.708746, 42.0155 ] ] ] ] } },
{ "type": "Feature", "properties": { "geoid": "17031200100", "land_area": 0.584862, "total": 4004.0, "nh_white_alone": 596.0, "nh_black_alone": 103.0, "nh_asian_alone": 183.0, "hispanic": 3054.0, "other": 68.0 }, "geometry": { "type": "MultiPolygon", "coordinates": [ [ [ [ -87.742154, 41.938891 ], [ -87.738265, 41.938945 ], [ -87.736026, 41.938976 ], [ -87.735212, 41.938986 ], [ -87.731461, 41.931734 ], [ -87.735574, 41.931676 ], [ -87.736815, 41.931661 ], [ -87.738024, 41.931645 ], [ -87.741893, 41.931595 ], [ -87.742154, 41.938891 ] ] ] ] } },
{ "type": "Feature", "properties": { "geoid": "17031190601", "land_area": 0.690034, "total": 3788.0, "nh_white_alone": 400.0, "nh_black_alone": 46.0, "nh_asian_alone": 91.0, "hispanic": 3251.0, "other": 0.0 }, "geometry": { "type": "MultiPolygon", "coordinates": [ [ [ [ -87.785689, 41.931002 ], [ -87.778394, 41.931105 ], [ -87.775966, 41.931139 ], [ -87.77534, 41.930689 ], [ -87.775128, 41.924292 ], [ -87.775716, 41.923827 ], [ -87.778147, 41.923789 ], [ -87.779356, 41.923771 ], [ -87.785443, 41.923678 ], [ -87.785645, 41.929168 ], [ -87.785689, 41.931002 ] ] ] ] } },
{ "type": "Feature", "properties": { "geoid": "17031190602", "land_area": 0.621354, "total": 5745.0, "nh_white_alone": 912.0, "nh_black_alone": 77.0, "nh_asian_alone": 11.0, "hispanic": 4602.0, "other": 143.0 }, "geometry": { "type": "MultiPolygon", "coordinates": [ [ [ [ -87.775966, 41.931139 ], [ -87.773533, 41.931174 ], [ -87.771105, 41.931209 ], [ -87.766246, 41.931277 ], [ -87.766131, 41.928085 ], [ -87.766055, 41.925804 ], [ -87.765991, 41.923981 ], [ -87.770854, 41.923905 ], [ -87.773286, 41.923866 ], [ -87.775716, 41.923827 ], [ -87.775128, 41.924292 ], [ -87.77534, 41.930689 ], [ -87.775966, 41.931139 ] ] ] ] } },
{ "type": "Feature", "properties": { "geoid": "17031170800", "land_area": 0.730334, "total": 4097.0, "nh_white_alone": 2176.0, "nh_black_alone": 134.0, "nh_asian_alone": 204.0, "hispanic": 1492.0, "other": 91.0 }, "geometry": { "type": "MultiPolygon", "coordinates": [ [ [ [ -87.818009, 41.945257 ], [ -87.815799, 41.9451 ], [ -87.814337, 41.94512 ], [ -87.811825, 41.945171 ], [ -87.810655, 41.945192 ], [ -87.807005, 41.945265 ], [ -87.806747, 41.937996 ], [ -87.810393, 41.93799 ], [ -87.814077, 41.937967 ], [ -87.816519, 41.937939 ], [ -87.81774, 41.937914 ], [ -87.817865, 41.941327 ], [ -87.818009, 41.945257 ] ] ] ] } },
{ "type": "Feature", "properties": { "geoid": "17031161200", "land_area": 0.51785, "total": 2837.0, "nh_white_alone": 746.0, "nh_black_alone": 117.0, "nh_asian_alone": 171.0, "hispanic": 1662.0, "other": 141.0 }, "geometry": { "type": "MultiPolygon", "coordinates": [ [ [ [ -87.74296, 41.942532 ], [ -87.742228, 41.942541 ], [ -87.742361, 41.946185 ], [ -87.739319, 41.946221 ], [ -87.739014, 41.946224 ], [ -87.737204, 41.946248 ], [ -87.735627, 41.946267 ], [ -87.73477, 41.945749 ], [ -87.734764, 41.94553 ], [ -87.734679, 41.942636 ], [ -87.734651, 41.941727 ], [ -87.734567, 41.938995 ], [ -87.735212, 41.938986 ], [ -87.736026, 41.938976 ], [ -87.738265, 41.938945 ], [ -87.742154, 41.938891 ], [ -87.742192, 41.940716 ], [ -87.742895, 41.940694 ], [ -87.74296, 41.942532 ] ] ] ] } },
{ "type": "Feature", "properties": { "geoid": "17031160502", "land_area": 0.310887, "total": 4227.0, "nh_white_alone": 1517.0, "nh_black_alone": 205.0, "nh_asian_alone": 526.0, "hispanic": 1766.0, "other": 213.0 }, "geometry": { "type": "MultiPolygon", "coordinates": [ [ [ [ -87.717924, 41.95743 ], [ -87.716698, 41.957446 ], [ -87.713026, 41.957496 ], [ -87.713013, 41.957069 ], [ -87.708724, 41.957095 ], [ -87.708129, 41.957553 ], [ -87.708015, 41.953915 ], [ -87.710465, 41.953891 ], [ -87.712905, 41.953859 ], [ -87.715362, 41.953825 ], [ -87.717813, 41.953791 ], [ -87.717924, 41.95743 ] ] ] ] } },
{ "type": "Feature", "properties": { "geoid": "17031750400", "land_area": 0.995559, "total": 3142.0, "nh_white_alone": 1642.0, "nh_black_alone": 892.0, "nh_asian_alone": 22.0, "hispanic": 354.0, "other": 232.0 }, "geometry": { "type": "MultiPolygon", "coordinates": [ [ [ [ -87.690943, 41.691688 ], [ -87.687301, 41.691727 ], [ -87.681155, 41.691779 ], [ -87.680928, 41.684504 ], [ -87.680875, 41.68273 ], [ -87.680834, 41.681512 ], [ -87.680696, 41.677257 ], [ -87.681681, 41.6773 ], [ -87.684377, 41.677237 ], [ -87.685602, 41.677214 ], [ -87.686363, 41.677205 ], [ -87.68576, 41.678619 ], [ -87.685864, 41.684475 ], [ -87.690823, 41.684402 ], [ -87.690874, 41.688145 ], [ -87.690943, 41.691688 ] ] ] ] } },
{ "type": "Feature", "properties": { "geoid": "17031160200", "land_area": 0.956887, "total": 3363.0, "nh_white_alone": 2380.0, "nh_black_alone": 135.0, "nh_asian_alone": 142.0, "hispanic": 394.0, "other": 312.0 }, "geometry": { "type": "MultiPolygon", "coordinates": [ [ [ [ -87.744541, 41.960756 ], [ -87.74122, 41.960797 ], [ -87.738425, 41.960829 ], [ -87.738603, 41.966301 ], [ -87.73752, 41.966311 ], [ -87.735781, 41.965115 ], [ -87.733632, 41.963639 ], [ -87.731967, 41.962493 ], [ -87.729693, 41.960927 ], [ -87.730596, 41.960915 ], [ -87.731051, 41.96091 ], [ -87.732721, 41.960892 ], [ -87.734188, 41.960875 ], [ -87.734078, 41.957228 ], [ -87.73397, 41.953578 ], [ -87.735436, 41.953559 ], [ -87.740966, 41.953491 ], [ -87.74275, 41.953474 ], [ -87.746458, 41.960736 ], [ -87.744541, 41.960756 ] ] ] ] } },
{ "type": "Feature", "properties": { "geoid": "17031150502", "land_area": 0.684583, "total": 4460.0, "nh_white_alone": 1784.0, "nh_black_alone": 36.0, "nh_asian_alone": 331.0, "hispanic": 1902.0, "other": 407.0 }, "geometry": { "type": "MultiPolygon", "coordinates": [ [ [ [ -87.786812, 41.960673 ], [ -87.78315, 41.960722 ], [ -87.782539, 41.960726 ], [ -87.781906, 41.960285 ], [ -87.779464, 41.960317 ], [ -87.778254, 41.960789 ], [ -87.777036, 41.960806 ], [ -87.7769, 41.956702 ], [ -87.776775, 41.953056 ], [ -87.779221, 41.953014 ], [ -87.781659, 41.952981 ], [ -87.786559, 41.952916 ], [ -87.786658, 41.955709 ], [ -87.786699, 41.956566 ], [ -87.786805, 41.960217 ], [ -87.786812, 41.960673 ] ] ] ] } },
{ "type": "Feature", "properties": { "geoid": "17031140100", "land_area": 0.282494, "total": 3610.0, "nh_white_alone": 1370.0, "nh_black_alone": 91.0, "nh_asian_alone": 239.0, "hispanic": 1700.0, "other": 210.0 }, "geometry": { "type": "MultiPolygon", "coordinates": [ [ [ [ -87.708647, 41.974523 ], [ -87.707371, 41.974433 ], [ -87.70411, 41.973651 ], [ -87.70311, 41.970888 ], [ -87.701093, 41.968514 ], [ -87.703605, 41.968494 ], [ -87.708472, 41.968452 ], [ -87.708528, 41.970272 ], [ -87.708579, 41.97209 ], [ -87.708647, 41.974523 ] ] ] ] } },
{ "type": "Feature", "properties": { "geoid": "17031120300", "land_area": 2.055073, "total": 7025.0, "nh_white_alone": 5199.0, "nh_black_alone": 22.0, "nh_asian_alone": 991.0, "hispanic": 490.0, "other": 323.0 }, "geometry": { "type": "MultiPolygon", "coordinates": [ [ [ [ -87.748343, 41.997288 ], [ -87.743488, 41.997268 ], [ -87.739007, 41.99725 ], [ -87.736204, 41.997244 ], [ -87.728909, 41.997253 ], [ -87.726446, 41.99725 ], [ -87.728888, 41.994117 ], [ -87.72923, 41.993694 ], [ -87.731862, 41.990094 ], [ -87.733066, 41.989767 ], [ -87.734218, 41.988268 ], [ -87.738274, 41.986378 ], [ -87.738306, 41.982713 ], [ -87.748257, 41.983567 ], [ -87.748309, 41.985592 ], [ -87.748334, 41.993032 ], [ -87.748343, 41.997288 ] ] ] ] } },
{ "type": "Feature", "properties": { "geoid": "17031120200", "land_area": 2.394584, "total": 4600.0, "nh_white_alone": 3422.0, "nh_black_alone": 51.0, "nh_asian_alone": 606.0, "hispanic": 326.0, "other": 195.0 }, "geometry": { "type": "MultiPolygon", "coordinates": [ [ [ [ -87.767872, 42.004261 ], [ -87.765795, 42.003325 ], [ -87.765481, 42.003718 ], [ -87.767759, 42.004735 ], [ -87.767534, 42.008432 ], [ -87.761663, 42.008413 ], [ -87.761815, 42.004653 ], [ -87.761854, 42.003699 ], [ -87.761953, 42.002657 ], [ -87.76227, 42.001687 ], [ -87.755465, 41.998524 ], [ -87.75291, 41.997303 ], [ -87.752187, 41.997301 ], [ -87.750219, 41.997296 ], [ -87.748343, 41.997288 ], [ -87.748334, 41.993032 ], [ -87.748309, 41.985592 ], [ -87.748257, 41.983567 ], [ -87.752082, 41.983043 ], [ -87.753851, 41.983514 ], [ -87.75628, 41.982649 ], [ -87.75683, 41.985407 ], [ -87.760568, 41.98796 ], [ -87.764479, 41.995444 ], [ -87.765463, 41.997343 ], [ -87.769393, 42.004954 ], [ -87.767872, 42.004261 ] ] ] ] } },
{ "type": "Feature", "properties": { "geoid": "17031100700", "land_area": 1.215251, "total": 5335.0, "nh_white_alone": 3633.0, "nh_black_alone": 155.0, "nh_asian_alone": 680.0, "hispanic": 785.0, "other": 82.0 }, "geometry": { "type": "MultiPolygon", "coordinates": [ [ [ [ -87.807067, 41.974538 ], [ -87.80706, 41.975494 ], [ -87.802412, 41.975534 ], [ -87.798779, 41.975561 ], [ -87.795146, 41.975593 ], [ -87.793936, 41.975602 ], [ -87.791511, 41.975623 ], [ -87.787874, 41.975653 ], [ -87.787906, 41.973842 ], [ -87.787982, 41.970225 ], [ -87.78801, 41.968867 ], [ -87.791644, 41.968836 ], [ -87.795278, 41.9688 ], [ -87.7977, 41.96878 ], [ -87.798913, 41.968773 ], [ -87.802525, 41.968751 ], [ -87.802542, 41.968297 ], [ -87.807156, 41.96827 ], [ -87.807067, 41.974538 ] ] ] ] } },
{ "type": "Feature", "properties": { "geoid": "17031100100", "land_area": 1.182384, "total": 5850.0, "nh_white_alone": 4121.0, "nh_black_alone": 1.0, "nh_asian_alone": 468.0, "hispanic": 981.0, "other": 279.0 }, "geometry": { "type": "MultiPolygon", "coordinates": [ [ [ [ -87.787693, 41.985266 ], [ -87.787677, 41.985948 ], [ -87.787668, 41.986511 ], [ -87.7876, 41.990193 ], [ -87.787577, 41.991319 ], [ -87.787533, 41.993668 ], [ -87.787497, 41.995548 ], [ -87.787443, 41.997356 ], [ -87.782861, 41.9974 ], [ -87.78287, 41.996274 ], [ -87.78116, 41.99533 ], [ -87.777833, 41.993771 ], [ -87.777891, 41.990191 ], [ -87.777894, 41.989963 ], [ -87.777963, 41.986559 ], [ -87.778038, 41.982905 ], [ -87.783527, 41.982912 ], [ -87.787735, 41.982899 ], [ -87.787693, 41.985266 ] ] ] ] } },
{ "type": "Feature", "properties": { "geoid": "17031090300", "land_area": 0.475842, "total": 1373.0, "nh_white_alone": 1088.0, "nh_black_alone": 0.0, "nh_asian_alone": 0.0, "hispanic": 279.0, "other": 6.0 }, "geometry": { "type": "MultiPolygon", "coordinates": [ [ [ [ -87.821396, 41.998663 ], [ -87.821354, 42.002313 ], [ -87.821325, 42.004254 ], [ -87.817088, 42.001861 ], [ -87.806809, 41.996039 ], [ -87.806818, 41.995392 ], [ -87.810333, 41.99542 ], [ -87.810312, 41.997074 ], [ -87.816694, 41.996977 ], [ -87.821414, 41.996851 ], [ -87.821396, 41.998663 ] ] ] ] } },
{ "type": "Feature", "properties": { "geoid": "17031081500", "land_area": 0.284635, "total": 5237.0, "nh_white_alone": 2972.0, "nh_black_alone": 236.0, "nh_asian_alone": 1479.0, "hispanic": 421.0, "other": 129.0 }, "geometry": { "type": "MultiPolygon", "coordinates": [ [ [ [ -87.628199, 41.896677 ], [ -87.62685, 41.896695 ], [ -87.624243, 41.896734 ], [ -87.624252, 41.894942 ], [ -87.624213, 41.893335 ], [ -87.624268, 41.892554 ], [ -87.624252, 41.891731 ], [ -87.624195, 41.889864 ], [ -87.624355, 41.88893 ], [ -87.625243, 41.888856 ], [ -87.628004, 41.887506 ], [ -87.628069, 41.891672 ], [ -87.628092, 41.892469 ], [ -87.628135, 41.894072 ], [ -87.628153, 41.894876 ], [ -87.628199, 41.896677 ] ] ] ] } },
{ "type": "Feature", "properties": { "geoid": "17031081201", "land_area": 0.185124, "total": 4442.0, "nh_white_alone": 3631.0, "nh_black_alone": 62.0, "nh_asian_alone": 292.0, "hispanic": 350.0, "other": 107.0 }, "geometry": { "type": "MultiPolygon", "coordinates": [ [ [ [ -87.628336, 41.901558 ], [ -87.624267, 41.901624 ], [ -87.624225, 41.900816 ], [ -87.624161, 41.900006 ], [ -87.624127, 41.89921 ], [ -87.624103, 41.898386 ], [ -87.624243, 41.896734 ], [ -87.62685, 41.896695 ], [ -87.628199, 41.896677 ], [ -87.628248, 41.898469 ], [ -87.628265, 41.89914 ], [ -87.62829, 41.899937 ], [ -87.628317, 41.90074 ], [ -87.628336, 41.901558 ] ] ] ] } },
{ "type": "Feature", "properties": { "geoid": "17031081000", "land_area": 0.298829, "total": 8264.0, "nh_white_alone": 5587.0, "nh_black_alone": 891.0, "nh_asian_alone": 881.0, "hispanic": 541.0, "other": 364.0 }, "geometry": { "type": "MultiPolygon", "coordinates": [ [ [ [ -87.634478, 41.903853 ], [ -87.633002, 41.903877 ], [ -87.632847, 41.90388 ], [ -87.630716, 41.903914 ], [ -87.629986, 41.903923 ], [ -87.629925, 41.901864 ], [ -87.629889, 41.900573 ], [ -87.629865, 41.899912 ], [ -87.629832, 41.898752 ], [ -87.629827, 41.898444 ], [ -87.629775, 41.896656 ], [ -87.631245, 41.896636 ], [ -87.634203, 41.896596 ], [ -87.634291, 41.898982 ], [ -87.634442, 41.902884 ], [ -87.634478, 41.903853 ] ] ] ] } },
{ "type": "Feature", "properties": { "geoid": "17031080100", "land_area": 0.265446, "total": 6387.0, "nh_white_alone": 5436.0, "nh_black_alone": 22.0, "nh_asian_alone": 214.0, "hispanic": 317.0, "other": 398.0 }, "geometry": { "type": "MultiPolygon", "coordinates": [ [ [ [ -87.628886, 41.911223 ], [ -87.626587, 41.91118 ], [ -87.624475040057902, 41.911072824207601 ], [ -87.624662560241305, 41.910967052489902 ], [ -87.625542, 41.910471 ], [ -87.625316437852206, 41.909526515275203 ], [ -87.624961818771894, 41.908041637126097 ], [ -87.624762600054396, 41.907207458885303 ], [ -87.6247142177358, 41.907004870103201 ], [ -87.624486610259297, 41.906051821079203 ], [ -87.624133558541104, 41.904573505864299 ], [ -87.624052, 41.904232 ], [ -87.627977, 41.903954 ], [ -87.628678, 41.903942 ], [ -87.628743, 41.905819 ], [ -87.628785, 41.907799 ], [ -87.628831, 41.909482 ], [ -87.628886, 41.911223 ] ] ] ] } },
{ "type": "Feature", "properties": { "geoid": "17031071500", "land_area": 0.895866, "total": 5482.0, "nh_white_alone": 4576.0, "nh_black_alone": 67.0, "nh_asian_alone": 420.0, "hispanic": 247.0, "other": 172.0 }, "geometry": { "type": "MultiPolygon", "coordinates": [ [ [ [ -87.638816, 41.918322 ], [ -87.637221, 41.918351 ], [ -87.630013, 41.918711 ], [ -87.627525393723602, 41.9187776707452 ], [ -87.627495857257202, 41.918653976210301 ], [ -87.627115, 41.917059 ], [ -87.621435991999505, 41.913666242734301 ], [ -87.620679, 41.913214 ], [ -87.624038286760495, 41.911319177136697 ], [ -87.624475040057902, 41.911072824207601 ], [ -87.626587, 41.91118 ], [ -87.628886, 41.911223 ], [ -87.631682, 41.911181 ], [ -87.633076, 41.911161 ], [ -87.63323, 41.911164 ], [ -87.634711, 41.91116 ], [ -87.635701, 41.91115 ], [ -87.636663, 41.91114 ], [ -87.638592, 41.911115 ], [ -87.63864, 41.91282 ], [ -87.638704, 41.914676 ], [ -87.638762, 41.91651 ], [ -87.638816, 41.918322 ] ] ] ] } },
{ "type": "Feature", "properties": { "geoid": "17031070500", "land_area": 0.305415, "total": 3238.0, "nh_white_alone": 2491.0, "nh_black_alone": 170.0, "nh_asian_alone": 82.0, "hispanic": 384.0, "other": 111.0 }, "geometry": { "type": "MultiPolygon", "coordinates": [ [ [ [ -87.663568, 41.93248 ], [ -87.661129, 41.932518 ], [ -87.65871, 41.932556 ], [ -87.658532, 41.927767 ], [ -87.658516, 41.927108 ], [ -87.658453, 41.925292 ], [ -87.663327, 41.925218 ], [ -87.663383, 41.927032 ], [ -87.662169, 41.927052 ], [ -87.66223, 41.928868 ], [ -87.663443, 41.928848 ], [ -87.663568, 41.93248 ] ] ] ] } },
{ "type": "Feature", "properties": { "geoid": "17031070200", "land_area": 0.341404, "total": 4035.0, "nh_white_alone": 2932.0, "nh_black_alone": 70.0, "nh_asian_alone": 267.0, "hispanic": 619.0, "other": 147.0 }, "geometry": { "type": "MultiPolygon", "coordinates": [ [ [ [ -87.649012, 41.93272 ], [ -87.644886, 41.932801 ], [ -87.644274, 41.931338 ], [ -87.643446, 41.930014 ], [ -87.642924, 41.929662 ], [ -87.642232, 41.928533 ], [ -87.644217, 41.92805 ], [ -87.644026, 41.927326 ], [ -87.643992, 41.926727 ], [ -87.643927, 41.925532 ], [ -87.646336, 41.925493 ], [ -87.648761, 41.925454 ], [ -87.648873, 41.928659 ], [ -87.648889, 41.929084 ], [ -87.648971, 41.931549 ], [ -87.649012, 41.93272 ] ] ] ] } },
{ "type": "Feature", "properties": { "geoid": "17031010600", "land_area": 0.495017, "total": 6467.0, "nh_white_alone": 3857.0, "nh_black_alone": 1036.0, "nh_asian_alone": 284.0, "hispanic": 876.0, "other": 414.0 }, "geometry": { "type": "MultiPolygon", "coordinates": [ [ [ [ -87.670593, 42.005374 ], [ -87.669948, 42.005385 ], [ -87.670035, 42.007839 ], [ -87.670073, 42.009049 ], [ -87.670117, 42.010274 ], [ -87.670159, 42.01149 ], [ -87.670198, 42.012714 ], [ -87.666294, 42.01278 ], [ -87.665924, 42.012787 ], [ -87.665818, 42.010345 ], [ -87.665779, 42.009128 ], [ -87.665737, 42.007915 ], [ -87.665697, 42.006696 ], [ -87.665499, 42.005469 ], [ -87.665705, 42.004459 ], [ -87.665681, 42.003624 ], [ -87.665644, 42.002421 ], [ -87.665596, 42.00083 ], [ -87.665436, 41.998136 ], [ -87.667962, 41.998109 ], [ -87.668111, 42.003587 ], [ -87.670543, 42.003549 ], [ -87.670593, 42.005374 ] ] ] ] } },
{ "type": "Feature", "properties": { "geoid": "17031030601", "land_area": 0.14977, "total": 3907.0, "nh_white_alone": 1562.0, "nh_black_alone": 980.0, "nh_asian_alone": 686.0, "hispanic": 464.0, "other": 215.0 }, "geometry": { "type": "MultiPolygon", "coordinates": [ [ [ [ -87.660266, 41.990002 ], [ -87.657513, 41.990069 ], [ -87.656112, 41.990094 ], [ -87.655386, 41.990106 ], [ -87.654201646218993, 41.990144534055503 ], [ -87.653996, 41.988977 ], [ -87.653960458746596, 41.988886091227798 ], [ -87.653645579757907, 41.988080681752898 ], [ -87.655325, 41.988093 ], [ -87.655303, 41.987357 ], [ -87.656031, 41.987344 ], [ -87.65673, 41.987331 ], [ -87.657428, 41.987319 ], [ -87.660181, 41.98727 ], [ -87.660266, 41.990002 ] ] ] ] } },
{ "type": "Feature", "properties": { "geoid": "17031031501", "land_area": 0.159412, "total": 4792.0, "nh_white_alone": 1471.0, "nh_black_alone": 1880.0, "nh_asian_alone": 690.0, "hispanic": 512.0, "other": 239.0 }, "geometry": { "type": "MultiPolygon", "coordinates": [ [ [ [ -87.654822, 41.96909 ], [ -87.650118, 41.969156 ], [ -87.650068, 41.96735 ], [ -87.650019, 41.965488 ], [ -87.653742, 41.965444 ], [ -87.654787, 41.96543 ], [ -87.654798, 41.967272 ], [ -87.654822, 41.96909 ] ] ] ] } },
{ "type": "Feature", "properties": { "geoid": "17031060800", "land_area": 0.18149, "total": 5413.0, "nh_white_alone": 3030.0, "nh_black_alone": 486.0, "nh_asian_alone": 802.0, "hispanic": 749.0, "other": 346.0 }, "geometry": { "type": "MultiPolygon", "coordinates": [ [ [ [ -87.6497, 41.954561 ], [ -87.647936, 41.954592 ], [ -87.646648, 41.954614 ], [ -87.645256, 41.954637 ], [ -87.644186, 41.954659 ], [ -87.640829842447403, 41.954868401574302 ], [ -87.640738, 41.953851 ], [ -87.644352, 41.952727 ], [ -87.645032, 41.952352 ], [ -87.647849, 41.951642 ], [ -87.64962, 41.951198 ], [ -87.649654, 41.952748 ], [ -87.6497, 41.954561 ] ] ] ] } },
{ "type": "Feature", "properties": { "geoid": "17031063400", "land_area": 0.158852, "total": 2244.0, "nh_white_alone": 1713.0, "nh_black_alone": 123.0, "nh_asian_alone": 169.0, "hispanic": 207.0, "other": 32.0 }, "geometry": { "type": "MultiPolygon", "coordinates": [ [ [ [ -87.649141, 41.936379 ], [ -87.644279, 41.936513 ], [ -87.644224, 41.934875 ], [ -87.644265, 41.934252 ], [ -87.644886, 41.932801 ], [ -87.649012, 41.93272 ], [ -87.649108, 41.935458 ], [ -87.649117, 41.935563 ], [ -87.649141, 41.936379 ] ] ] ] } },
{ "type": "Feature", "properties": { "geoid": "17031071400", "land_area": 0.640573, "total": 4448.0, "nh_white_alone": 3521.0, "nh_black_alone": 206.0, "nh_asian_alone": 294.0, "hispanic": 228.0, "other": 199.0 }, "geometry": { "type": "MultiPolygon", "coordinates": [ [ [ [ -87.640479, 41.925585 ], [ -87.639116, 41.925612 ], [ -87.636569, 41.925658 ], [ -87.636064, 41.92567 ], [ -87.633632, 41.925751 ], [ -87.629380744938601, 41.926547618655299 ], [ -87.627525393723602, 41.9187776707452 ], [ -87.630013, 41.918711 ], [ -87.637221, 41.918351 ], [ -87.638816, 41.918322 ], [ -87.638937, 41.921961 ], [ -87.638978, 41.922772 ], [ -87.639779, 41.924455 ], [ -87.640479, 41.925585 ] ] ] ] } },
{ "type": "Feature", "properties": { "geoid": "17031080300", "land_area": 0.361504, "total": 6101.0, "nh_white_alone": 3950.0, "nh_black_alone": 96.0, "nh_asian_alone": 743.0, "hispanic": 1144.0, "other": 168.0 }, "geometry": { "type": "MultiPolygon", "coordinates": [ [ [ [ -87.638592, 41.911115 ], [ -87.636663, 41.91114 ], [ -87.635701, 41.91115 ], [ -87.634711, 41.91116 ], [ -87.63323, 41.911164 ], [ -87.633121, 41.907696 ], [ -87.633062, 41.905755 ], [ -87.633002, 41.903877 ], [ -87.634478, 41.903853 ], [ -87.637016, 41.903811 ], [ -87.637445, 41.903804 ], [ -87.63837, 41.903793 ], [ -87.63845, 41.90652 ], [ -87.638453, 41.906634 ], [ -87.638484, 41.907601 ], [ -87.638573, 41.910495 ], [ -87.63859, 41.911044 ], [ -87.638592, 41.911115 ] ] ] ] } },
{ "type": "Feature", "properties": { "geoid": "17031221200", "land_area": 0.330421, "total": 3096.0, "nh_white_alone": 1297.0, "nh_black_alone": 647.0, "nh_asian_alone": 100.0, "hispanic": 892.0, "other": 160.0 }, "geometry": { "type": "MultiPolygon", "coordinates": [ [ [ [ -87.707219, 41.924716 ], [ -87.702318, 41.924763 ], [ -87.702212, 41.921503 ], [ -87.702089, 41.917445 ], [ -87.706976, 41.917402 ], [ -87.707081, 41.920663 ], [ -87.707113, 41.921452 ], [ -87.707219, 41.924716 ] ] ] ] } },
{ "type": "Feature", "properties": { "geoid": "17031839000", "land_area": 0.485902, "total": 10391.0, "nh_white_alone": 5189.0, "nh_black_alone": 1262.0, "nh_asian_alone": 2702.0, "hispanic": 767.0, "other": 471.0 }, "geometry": { "type": "MultiPolygon", "coordinates": [ [ [ [ -87.636035, 41.874448 ], [ -87.635085, 41.87446 ], [ -87.629669, 41.874534 ], [ -87.627545, 41.874552 ], [ -87.627541, 41.874373 ], [ -87.627469, 41.872304 ], [ -87.627399, 41.869237 ], [ -87.627338, 41.867477 ], [ -87.63479, 41.867364 ], [ -87.635489, 41.87202 ], [ -87.636035, 41.874448 ] ] ] ] } },
{ "type": "Feature", "properties": { "geoid": "17031081402", "land_area": 0.589626, "total": 6687.0, "nh_white_alone": 2989.0, "nh_black_alone": 396.0, "nh_asian_alone": 2205.0, "hispanic": 805.0, "other": 292.0 }, "geometry": { "type": "MultiPolygon", "coordinates": [ [ [ [ -87.617738, 41.893447 ], [ -87.61463, 41.893519 ], [ -87.6142108711378, 41.893644068970602 ], [ -87.614093532219798, 41.893647796515602 ], [ -87.612041, 41.893713 ], [ -87.610306209101694, 41.896075306333501 ], [ -87.610092, 41.896367 ], [ -87.602369, 41.896335 ], [ -87.602267, 41.893302 ], [ -87.609685, 41.893177 ], [ -87.609683162936406, 41.893129196118302 ], [ -87.6096426710087, 41.892075519314602 ], [ -87.609548, 41.889612 ], [ -87.611395, 41.889518 ], [ -87.611518, 41.89059 ], [ -87.613171924981501, 41.890554955988399 ], [ -87.614235, 41.890552 ], [ -87.617652, 41.890517 ], [ -87.617693, 41.891847 ], [ -87.617715, 41.892642 ], [ -87.617738, 41.893447 ] ] ] ] } },
{ "type": "Feature", "properties": { "geoid": "17031530502", "land_area": 0.706252, "total": 1335.0, "nh_white_alone": 0.0, "nh_black_alone": 1282.0, "nh_asian_alone": 14.0, "hispanic": 39.0, "other": 0.0 }, "geometry": { "type": "MultiPolygon", "coordinates": [ [ [ [ -87.631772, 41.663312 ], [ -87.629982, 41.66334 ], [ -87.629375, 41.663352 ], [ -87.62965, 41.67066 ], [ -87.627246, 41.670684 ], [ -87.62244, 41.670733 ], [ -87.622232, 41.666347 ], [ -87.622088, 41.663452 ], [ -87.621951, 41.66326 ], [ -87.621746, 41.661734 ], [ -87.624709, 41.661293 ], [ -87.630969, 41.657496 ], [ -87.631276, 41.657922 ], [ -87.631772, 41.663312 ] ] ] ] } },
{ "type": "Feature", "properties": { "geoid": "17031081100", "land_area": 0.102996, "total": 3984.0, "nh_white_alone": 3218.0, "nh_black_alone": 91.0, "nh_asian_alone": 195.0, "hispanic": 237.0, "other": 243.0 }, "geometry": { "type": "MultiPolygon", "coordinates": [ [ [ [ -87.629986, 41.903923 ], [ -87.628678, 41.903942 ], [ -87.628628, 41.90318 ], [ -87.628341, 41.90238 ], [ -87.628345, 41.901884 ], [ -87.628336, 41.901558 ], [ -87.628317, 41.90074 ], [ -87.62829, 41.899937 ], [ -87.628265, 41.89914 ], [ -87.628248, 41.898469 ], [ -87.628199, 41.896677 ], [ -87.629775, 41.896656 ], [ -87.629827, 41.898444 ], [ -87.629832, 41.898752 ], [ -87.629865, 41.899912 ], [ -87.629889, 41.900573 ], [ -87.629925, 41.901864 ], [ -87.629986, 41.903923 ] ] ] ] } },
{ "type": "Feature", "properties": { "geoid": "17031252101", "land_area": 0.82745, "total": 1801.0, "nh_white_alone": 0.0, "nh_black_alone": 1679.0, "nh_asian_alone": 0.0, "hispanic": 10.0, "other": 112.0 }, "geometry": { "type": "MultiPolygon", "coordinates": [ [ [ [ -87.774658, 41.880151 ], [ -87.769761, 41.880218 ], [ -87.764864, 41.880246 ], [ -87.764795, 41.878344 ], [ -87.764725, 41.876538 ], [ -87.764659, 41.874728 ], [ -87.764587, 41.872827 ], [ -87.76454, 41.87102 ], [ -87.768635, 41.870634 ], [ -87.774301, 41.870924 ], [ -87.774409, 41.872771 ], [ -87.774526, 41.876415 ], [ -87.774658, 41.880151 ] ] ] ] } },
{ "type": "Feature", "properties": { "geoid": "17031260300", "land_area": 0.329187, "total": 1429.0, "nh_white_alone": 31.0, "nh_black_alone": 1207.0, "nh_asian_alone": 0.0, "hispanic": 186.0, "other": 5.0 }, "geometry": { "type": "MultiPolygon", "coordinates": [ [ [ [ -87.735714, 41.887878 ], [ -87.730786, 41.887944 ], [ -87.730574, 41.880667 ], [ -87.735476, 41.880611 ], [ -87.735714, 41.887878 ] ] ] ] } },
{ "type": "Feature", "properties": { "geoid": "17031340400", "land_area": 0.290316, "total": 1702.0, "nh_white_alone": 353.0, "nh_black_alone": 145.0, "nh_asian_alone": 940.0, "hispanic": 50.0, "other": 214.0 }, "geometry": { "type": "MultiPolygon", "coordinates": [ [ [ [ -87.634283, 41.845502 ], [ -87.629949, 41.845544 ], [ -87.629784, 41.83828 ], [ -87.634104, 41.838205 ], [ -87.634283, 41.845502 ] ] ] ] } },
{ "type": "Feature", "properties": { "geoid": "17031420100", "land_area": 0.761045, "total": 1431.0, "nh_white_alone": 5.0, "nh_black_alone": 1392.0, "nh_asian_alone": 26.0, "hispanic": 0.0, "other": 8.0 }, "geometry": { "type": "MultiPolygon", "coordinates": [ [ [ [ -87.59029, 41.783353 ], [ -87.590342, 41.786106 ], [ -87.589308, 41.786118 ], [ -87.586595, 41.786143 ], [ -87.583498, 41.785923 ], [ -87.576399256154104, 41.786156704945697 ], [ -87.576347, 41.786034 ], [ -87.574224, 41.782655 ], [ -87.572305, 41.781061 ], [ -87.572407442615102, 41.780743889346198 ], [ -87.575817, 41.781389 ], [ -87.575235, 41.780714 ], [ -87.579498, 41.779757 ], [ -87.586458, 41.780619 ], [ -87.588973, 41.780581 ], [ -87.591528, 41.780566 ], [ -87.59029, 41.783353 ] ] ] ] } },
{ "type": "Feature", "properties": { "geoid": "17031520600", "land_area": 1.089377, "total": 2703.0, "nh_white_alone": 444.0, "nh_black_alone": 0.0, "nh_asian_alone": 8.0, "hispanic": 2251.0, "other": 0.0 }, "geometry": { "type": "MultiPolygon", "coordinates": [ [ [ [ -87.545161, 41.695463 ], [ -87.544422, 41.695518 ], [ -87.5401, 41.695494 ], [ -87.535282, 41.695474 ], [ -87.535281, 41.691843 ], [ -87.535258, 41.684401 ], [ -87.540129, 41.684452 ], [ -87.540117, 41.682796 ], [ -87.541291, 41.6828 ], [ -87.543694, 41.682803 ], [ -87.545129, 41.682733 ], [ -87.545161, 41.695463 ] ] ] ] } },
{ "type": "Feature", "properties": { "geoid": "17031612100", "land_area": 0.326357, "total": 961.0, "nh_white_alone": 28.0, "nh_black_alone": 592.0, "nh_asian_alone": 0.0, "hispanic": 341.0, "other": 0.0 }, "geometry": { "type": "MultiPolygon", "coordinates": [ [ [ [ -87.650204, 41.801517 ], [ -87.645345, 41.801584 ], [ -87.64516, 41.794302 ], [ -87.647599, 41.794279 ], [ -87.650016, 41.79424 ], [ -87.650204, 41.801517 ] ] ] ] } },
{ "type": "Feature", "properties": { "geoid": "17031650302", "land_area": 0.664019, "total": 5242.0, "nh_white_alone": 182.0, "nh_black_alone": 142.0, "nh_asian_alone": 0.0, "hispanic": 4907.0, "other": 11.0 }, "geometry": { "type": "MultiPolygon", "coordinates": [ [ [ [ -87.72276, 41.778658 ], [ -87.717854, 41.778735 ], [ -87.712897, 41.778831 ], [ -87.712811, 41.775167 ], [ -87.712724, 41.771522 ], [ -87.717673, 41.77145 ], [ -87.722576, 41.771374 ], [ -87.722623, 41.773192 ], [ -87.72276, 41.778658 ] ] ] ] } },
{ "type": "Feature", "properties": { "geoid": "17031670200", "land_area": 0.326542, "total": 1355.0, "nh_white_alone": 0.0, "nh_black_alone": 967.0, "nh_asian_alone": 0.0, "hispanic": 388.0, "other": 0.0 }, "geometry": { "type": "MultiPolygon", "coordinates": [ [ [ [ -87.664582, 41.794024 ], [ -87.660946, 41.794087 ], [ -87.659729, 41.7941 ], [ -87.659541, 41.786816 ], [ -87.661963, 41.786781 ], [ -87.664394, 41.786747 ], [ -87.664539, 41.792207 ], [ -87.664582, 41.794024 ] ] ] ] } },
{ "type": "Feature", "properties": { "geoid": "17031710100", "land_area": 0.215116, "total": 940.0, "nh_white_alone": 18.0, "nh_black_alone": 852.0, "nh_asian_alone": 11.0, "hispanic": 59.0, "other": 0.0 }, "geometry": { "type": "MultiPolygon", "coordinates": [ [ [ [ -87.644184, 41.756088 ], [ -87.64174, 41.756115 ], [ -87.6399, 41.756146 ], [ -87.639803, 41.752518 ], [ -87.639759, 41.750705 ], [ -87.644044, 41.750642 ], [ -87.644089, 41.752455 ], [ -87.644184, 41.756088 ] ] ] ] } },
{ "type": "Feature", "properties": { "geoid": "17031700502", "land_area": 1.722969, "total": 3318.0, "nh_white_alone": 80.0, "nh_black_alone": 2894.0, "nh_asian_alone": 0.0, "hispanic": 316.0, "other": 28.0 }, "geometry": { "type": "MultiPolygon", "coordinates": [ [ [ [ -87.702185, 41.742039 ], [ -87.698305, 41.742102 ], [ -87.698311, 41.742561 ], [ -87.69554, 41.742607 ], [ -87.695536, 41.742166 ], [ -87.689828, 41.742254 ], [ -87.687719, 41.742288 ], [ -87.687715, 41.742735 ], [ -87.682679, 41.742816 ], [ -87.677901, 41.74288 ], [ -87.677247, 41.741025 ], [ -87.67309, 41.73565 ], [ -87.682514, 41.735525 ], [ -87.687395, 41.735444 ], [ -87.689661, 41.735407 ], [ -87.697109, 41.73528 ], [ -87.702124, 41.735203 ], [ -87.702032, 41.735546 ], [ -87.702173, 41.741583 ], [ -87.702185, 41.742039 ] ] ] ] } },
{ "type": "Feature", "properties": { "geoid": "17031191302", "land_area": 0.631185, "total": 4227.0, "nh_white_alone": 193.0, "nh_black_alone": 8.0, "nh_asian_alone": 84.0, "hispanic": 3942.0, "other": 0.0 }, "geometry": { "type": "MultiPolygon", "coordinates": [ [ [ [ -87.775716, 41.923827 ], [ -87.773286, 41.923866 ], [ -87.770854, 41.923905 ], [ -87.765991, 41.923981 ], [ -87.765922, 41.92216 ], [ -87.765806, 41.918763 ], [ -87.765747, 41.916682 ], [ -87.765745, 41.916624 ], [ -87.77547, 41.916552 ], [ -87.775515, 41.917911 ], [ -87.774909, 41.917919 ], [ -87.774977, 41.91995 ], [ -87.775604, 41.920559 ], [ -87.77562, 41.921049 ], [ -87.775045, 41.922016 ], [ -87.775093, 41.923383 ], [ -87.775716, 41.923827 ] ] ] ] } },
{ "type": "Feature", "properties": { "geoid": "17031813302", "land_area": 0.64722, "total": 3062.0, "nh_white_alone": 62.0, "nh_black_alone": 139.0, "nh_asian_alone": 0.0, "hispanic": 2861.0, "other": 0.0 }, "geometry": { "type": "MultiPolygon", "coordinates": [ [ [ [ -87.74964, 41.865825 ], [ -87.739932, 41.86596 ], [ -87.739838, 41.862075 ], [ -87.739767, 41.858654 ], [ -87.743261, 41.858603 ], [ -87.749409, 41.858645 ], [ -87.749523, 41.862163 ], [ -87.74964, 41.865825 ] ] ] ] } },
{ "type": "Feature", "properties": { "geoid": "17031832300", "land_area": 0.803547, "total": 2316.0, "nh_white_alone": 1694.0, "nh_black_alone": 145.0, "nh_asian_alone": 132.0, "hispanic": 186.0, "other": 159.0 }, "geometry": { "type": "MultiPolygon", "coordinates": [ [ [ [ -87.677899, 41.925026 ], [ -87.674403, 41.925069 ], [ -87.673933, 41.923993 ], [ -87.670386, 41.922315 ], [ -87.668406, 41.922062 ], [ -87.66785, 41.921576 ], [ -87.664421, 41.917581 ], [ -87.664214, 41.916968 ], [ -87.6636, 41.91559 ], [ -87.666243, 41.91446 ], [ -87.667802, 41.914329 ], [ -87.672667, 41.91425 ], [ -87.672714, 41.91603 ], [ -87.672762, 41.91785 ], [ -87.677622, 41.917758 ], [ -87.677752, 41.921398 ], [ -87.67779, 41.922318 ], [ -87.677899, 41.925026 ] ] ] ] } },
{ "type": "Feature", "properties": { "geoid": "17031837400", "land_area": 0.59145, "total": 1956.0, "nh_white_alone": 217.0, "nh_black_alone": 1397.0, "nh_asian_alone": 0.0, "hispanic": 342.0, "other": 0.0 }, "geometry": { "type": "MultiPolygon", "coordinates": [ [ [ [ -87.696335, 41.882898 ], [ -87.692231, 41.882941 ], [ -87.692162, 41.881106 ], [ -87.691505, 41.881113 ], [ -87.691371, 41.876035 ], [ -87.691361, 41.87572 ], [ -87.691235, 41.871111 ], [ -87.691193, 41.869295 ], [ -87.695979, 41.869233 ], [ -87.696101, 41.873794 ], [ -87.696153, 41.875981 ], [ -87.69624, 41.879255 ], [ -87.696335, 41.882898 ] ] ] ] } },
{ "type": "Feature", "properties": { "geoid": "17031841700", "land_area": 0.266794, "total": 1249.0, "nh_white_alone": 107.0, "nh_black_alone": 575.0, "nh_asian_alone": 0.0, "hispanic": 562.0, "other": 5.0 }, "geometry": { "type": "MultiPolygon", "coordinates": [ [ [ [ -87.711101, 41.853542 ], [ -87.710178, 41.853549 ], [ -87.705307, 41.853587 ], [ -87.704216, 41.853603 ], [ -87.702892, 41.854183 ], [ -87.702929, 41.855451 ], [ -87.699213, 41.855505 ], [ -87.699176, 41.854456 ], [ -87.699089, 41.851853 ], [ -87.700364, 41.851838 ], [ -87.701581, 41.851818 ], [ -87.702813, 41.851799 ], [ -87.705255, 41.851765 ], [ -87.710128, 41.851706 ], [ -87.711143, 41.851991 ], [ -87.711101, 41.853542 ] ] ] ] } },
{ "type": "Feature", "properties": { "geoid": "17031836200", "land_area": 0.813762, "total": 2281.0, "nh_white_alone": 1059.0, "nh_black_alone": 168.0, "nh_asian_alone": 644.0, "hispanic": 300.0, "other": 110.0 }, "geometry": { "type": "MultiPolygon", "coordinates": [ [ [ [ -87.606216, 41.794965 ], [ -87.603752, 41.794989 ], [ -87.60131, 41.795015 ], [ -87.596544, 41.795066 ], [ -87.596457, 41.791447 ], [ -87.596372, 41.787805 ], [ -87.596332, 41.786014 ], [ -87.601191, 41.785928 ], [ -87.606037, 41.785874 ], [ -87.606059, 41.78713 ], [ -87.606216, 41.794965 ] ] ] ] } },
{ "type": "Feature", "properties": { "geoid": "17031760802", "land_area": 6.189567, "total": 2280.0, "nh_white_alone": 1980.0, "nh_black_alone": 9.0, "nh_asian_alone": 19.0, "hispanic": 272.0, "other": 0.0 }, "geometry": { "type": "MultiPolygon", "coordinates": [ [ [ [ -87.861932, 41.975161 ], [ -87.855833, 41.981194 ], [ -87.856369, 41.983628 ], [ -87.846447, 41.983761 ], [ -87.846427, 41.980078 ], [ -87.850827, 41.980223 ], [ -87.851708, 41.979601 ], [ -87.851479, 41.976585 ], [ -87.849937, 41.973698 ], [ -87.846493, 41.973706 ], [ -87.846533, 41.97227 ], [ -87.846539, 41.97193 ], [ -87.846563, 41.969138 ], [ -87.84656, 41.966407 ], [ -87.841595, 41.966507 ], [ -87.836685, 41.966597 ], [ -87.836695, 41.961599 ], [ -87.836699, 41.95936 ], [ -87.836748, 41.952055 ], [ -87.836735, 41.950218 ], [ -87.836622, 41.948398 ], [ -87.836433, 41.944761 ], [ -87.835178, 41.944793 ], [ -87.835111, 41.944595 ], [ -87.83481, 41.937576 ], [ -87.83606, 41.937559 ], [ -87.849588, 41.937286 ], [ -87.851499, 41.93881 ], [ -87.853018, 41.94307 ], [ -87.853758, 41.945085 ], [ -87.854205, 41.945988 ], [ -87.855249, 41.948213 ], [ -87.854117, 41.951328 ], [ -87.847765, 41.951676 ], [ -87.847654, 41.952686 ], [ -87.847392, 41.955758 ], [ -87.857954, 41.955338 ], [ -87.858507, 41.95593 ], [ -87.858884, 41.956954 ], [ -87.855694, 41.96262 ], [ -87.855796, 41.96432 ], [ -87.854841, 41.966138 ], [ -87.855117, 41.968102 ], [ -87.85415, 41.971434 ], [ -87.85878, 41.971462 ], [ -87.861854, 41.973359 ], [ -87.861996, 41.973862 ], [ -87.861932, 41.975161 ] ] ] ] } },
{ "type": "Feature", "properties": { "geoid": "17031330101", "land_area": 1.882941, "total": 4821.0, "nh_white_alone": 2506.0, "nh_black_alone": 377.0, "nh_asian_alone": 1380.0, "hispanic": 220.0, "other": 338.0 }, "geometry": { "type": "MultiPolygon", "coordinates": [ [ [ [ -87.622673, 41.867562 ], [ -87.621166, 41.867584 ], [ -87.620974, 41.867587 ], [ -87.618171, 41.868388 ], [ -87.615264718279803, 41.868735288273903 ], [ -87.613898014163894, 41.868461316421502 ], [ -87.605855, 41.866849 ], [ -87.606523, 41.853202 ], [ -87.607822198722999, 41.8527788380133 ], [ -87.610502, 41.851906 ], [ -87.610180795085697, 41.849868547154998 ], [ -87.614896, 41.848305 ], [ -87.617743, 41.848176 ], [ -87.619032, 41.850745 ], [ -87.618942, 41.850855 ], [ -87.618104, 41.851058 ], [ -87.617912, 41.85124 ], [ -87.617577, 41.853011 ], [ -87.617737, 41.853022 ], [ -87.619041, 41.853002 ], [ -87.619101, 41.855558 ], [ -87.619165, 41.856913 ], [ -87.61968, 41.857889 ], [ -87.620767, 41.857921 ], [ -87.620858, 41.860237 ], [ -87.620832, 41.86051 ], [ -87.619266, 41.860952 ], [ -87.619793, 41.864159 ], [ -87.622557, 41.864135 ], [ -87.622673, 41.867562 ] ] ] ] } },
{ "type": "Feature", "properties": { "geoid": "17031844700", "land_area": 0.401852, "total": 2311.0, "nh_white_alone": 57.0, "nh_black_alone": 1344.0, "nh_asian_alone": 21.0, "hispanic": 806.0, "other": 83.0 }, "geometry": { "type": "MultiPolygon", "coordinates": [ [ [ [ -87.719889, 41.852874 ], [ -87.718723, 41.853286 ], [ -87.713813, 41.85501 ], [ -87.710256, 41.856271 ], [ -87.70543, 41.857978 ], [ -87.705307, 41.853587 ], [ -87.710178, 41.853549 ], [ -87.711101, 41.853542 ], [ -87.711143, 41.851991 ], [ -87.712422, 41.851707 ], [ -87.713627, 41.851679 ], [ -87.713778, 41.851677 ], [ -87.714999, 41.851663 ], [ -87.719872, 41.851607 ], [ -87.719889, 41.852874 ] ] ] ] } },
{ "type": "Feature", "properties": { "geoid": "17043840801", "land_area": 1.812924, "total": 2496.0, "nh_white_alone": 1220.0, "nh_black_alone": 67.0, "nh_asian_alone": 54.0, "hispanic": 1150.0, "other": 5.0 }, "geometry": { "type": "MultiPolygon", "coordinates": [ [ [ [ -87.943934, 41.950062 ], [ -87.941066, 41.95011 ], [ -87.941057, 41.955458 ], [ -87.939588, 41.955054 ], [ -87.939608, 41.956685 ], [ -87.93962, 41.958485 ], [ -87.939001, 41.958485 ], [ -87.937612, 41.956892 ], [ -87.93453, 41.955914 ], [ -87.925275, 41.954458 ], [ -87.920197, 41.953259 ], [ -87.920205, 41.95127 ], [ -87.920243, 41.94636 ], [ -87.939582, 41.945928 ], [ -87.941084, 41.945885 ], [ -87.941074, 41.948044 ], [ -87.943941, 41.947986 ], [ -87.943934, 41.950062 ] ] ] ] } },
{ "type": "Feature", "properties": { "geoid": "17031160700", "land_area": 0.773893, "total": 6093.0, "nh_white_alone": 2408.0, "nh_black_alone": 252.0, "nh_asian_alone": 784.0, "hispanic": 2570.0, "other": 79.0 }, "geometry": { "type": "MultiPolygon", "coordinates": [ [ [ [ -87.708015, 41.953915 ], [ -87.705574, 41.953938 ], [ -87.704353, 41.953945 ], [ -87.700683, 41.953963 ], [ -87.699463, 41.953969 ], [ -87.698241, 41.953975 ], [ -87.694446, 41.953994 ], [ -87.696759, 41.950456 ], [ -87.696208, 41.946696 ], [ -87.698031, 41.946683 ], [ -87.702926, 41.946654 ], [ -87.70415, 41.946651 ], [ -87.707822, 41.946631 ], [ -87.707871, 41.948452 ], [ -87.707918, 41.950281 ], [ -87.708015, 41.953915 ] ] ] ] } },
{ "type": "Feature", "properties": { "geoid": "17031160501", "land_area": 0.345248, "total": 3524.0, "nh_white_alone": 1081.0, "nh_black_alone": 334.0, "nh_asian_alone": 176.0, "hispanic": 1871.0, "other": 62.0 }, "geometry": { "type": "MultiPolygon", "coordinates": [ [ [ [ -87.71804, 41.961069 ], [ -87.716809, 41.961084 ], [ -87.714364, 41.961114 ], [ -87.713136, 41.961129 ], [ -87.711909, 41.961144 ], [ -87.708248, 41.961187 ], [ -87.708129, 41.957553 ], [ -87.708724, 41.957095 ], [ -87.713013, 41.957069 ], [ -87.713026, 41.957496 ], [ -87.716698, 41.957446 ], [ -87.717924, 41.95743 ], [ -87.71804, 41.961069 ] ] ] ] } },
{ "type": "Feature", "properties": { "geoid": "17031160100", "land_area": 0.593631, "total": 2614.0, "nh_white_alone": 1472.0, "nh_black_alone": 0.0, "nh_asian_alone": 419.0, "hispanic": 695.0, "other": 28.0 }, "geometry": { "type": "MultiPolygon", "coordinates": [ [ [ [ -87.747722, 41.968029 ], [ -87.742847, 41.968083 ], [ -87.740165, 41.968108 ], [ -87.739176, 41.968121 ], [ -87.737902, 41.968134 ], [ -87.737851, 41.96654 ], [ -87.73752, 41.966311 ], [ -87.738603, 41.966301 ], [ -87.738425, 41.960829 ], [ -87.74122, 41.960797 ], [ -87.744541, 41.960756 ], [ -87.747276, 41.962379 ], [ -87.747373, 41.962433 ], [ -87.746963, 41.9629 ], [ -87.74762, 41.964367 ], [ -87.747722, 41.968029 ] ] ] ] } },
{ "type": "Feature", "properties": { "geoid": "17031151002", "land_area": 0.637151, "total": 4473.0, "nh_white_alone": 1104.0, "nh_black_alone": 109.0, "nh_asian_alone": 73.0, "hispanic": 3124.0, "other": 63.0 }, "geometry": { "type": "MultiPolygon", "coordinates": [ [ [ [ -87.752013, 41.946061 ], [ -87.747065, 41.946124 ], [ -87.742361, 41.946185 ], [ -87.742228, 41.942541 ], [ -87.74296, 41.942532 ], [ -87.742895, 41.940694 ], [ -87.742192, 41.940716 ], [ -87.742154, 41.938891 ], [ -87.746873, 41.938826 ], [ -87.74934, 41.938795 ], [ -87.75179, 41.938764 ], [ -87.751873, 41.9415 ], [ -87.751898, 41.942413 ], [ -87.752013, 41.946061 ] ] ] ] } },
{ "type": "Feature", "properties": { "geoid": "17031150700", "land_area": 0.662396, "total": 3915.0, "nh_white_alone": 1616.0, "nh_black_alone": 154.0, "nh_asian_alone": 190.0, "hispanic": 1854.0, "other": 101.0 }, "geometry": { "type": "MultiPolygon", "coordinates": [ [ [ [ -87.767, 41.953185 ], [ -87.762076, 41.953243 ], [ -87.757148, 41.9533 ], [ -87.75709, 41.951452 ], [ -87.757064, 41.950556 ], [ -87.757033, 41.949648 ], [ -87.75699, 41.948287 ], [ -87.756977, 41.947831 ], [ -87.756921, 41.946001 ], [ -87.761836, 41.945941 ], [ -87.764298, 41.945908 ], [ -87.76553, 41.945892 ], [ -87.766142, 41.945884 ], [ -87.766756, 41.945877 ], [ -87.766788, 41.94679 ], [ -87.766819, 41.947703 ], [ -87.76688, 41.949529 ], [ -87.767, 41.953185 ] ] ] ] } },
{ "type": "Feature", "properties": { "geoid": "17031150402", "land_area": 0.662508, "total": 3923.0, "nh_white_alone": 1986.0, "nh_black_alone": 86.0, "nh_asian_alone": 192.0, "hispanic": 1488.0, "other": 171.0 }, "geometry": { "type": "MultiPolygon", "coordinates": [ [ [ [ -87.777036, 41.960806 ], [ -87.775798, 41.960368 ], [ -87.77213, 41.960418 ], [ -87.767243, 41.960484 ], [ -87.767212, 41.959571 ], [ -87.767123, 41.956832 ], [ -87.767, 41.953185 ], [ -87.771889, 41.95312 ], [ -87.776775, 41.953056 ], [ -87.7769, 41.956702 ], [ -87.777036, 41.960806 ] ] ] ] } },
{ "type": "Feature", "properties": { "geoid": "17031150300", "land_area": 1.326511, "total": 7180.0, "nh_white_alone": 4767.0, "nh_black_alone": 82.0, "nh_asian_alone": 304.0, "hispanic": 1764.0, "other": 263.0 }, "geometry": { "type": "MultiPolygon", "coordinates": [ [ [ [ -87.767477, 41.967783 ], [ -87.765246, 41.967811 ], [ -87.762619, 41.967666 ], [ -87.761355, 41.967595 ], [ -87.757701, 41.967902 ], [ -87.758051, 41.964757 ], [ -87.756833, 41.96335 ], [ -87.756085, 41.962486 ], [ -87.75745, 41.96247 ], [ -87.757387, 41.9606 ], [ -87.757357, 41.959689 ], [ -87.757298, 41.957862 ], [ -87.757268, 41.95695 ], [ -87.757206, 41.955122 ], [ -87.757148, 41.9533 ], [ -87.762076, 41.953243 ], [ -87.767, 41.953185 ], [ -87.767123, 41.956832 ], [ -87.767212, 41.959571 ], [ -87.767243, 41.960484 ], [ -87.767302, 41.962354 ], [ -87.767333, 41.963275 ], [ -87.767392, 41.965045 ], [ -87.767477, 41.967783 ] ] ] ] } },
{ "type": "Feature", "properties": { "geoid": "17031140400", "land_area": 1.181559, "total": 5850.0, "nh_white_alone": 2288.0, "nh_black_alone": 77.0, "nh_asian_alone": 1543.0, "hispanic": 1806.0, "other": 136.0 }, "geometry": { "type": "MultiPolygon", "coordinates": [ [ [ [ -87.747993, 41.975341 ], [ -87.740687, 41.975401 ], [ -87.738103, 41.975428 ], [ -87.735634, 41.975454 ], [ -87.733171, 41.97548 ], [ -87.733117, 41.973651 ], [ -87.731908, 41.973636 ], [ -87.731831, 41.971845 ], [ -87.728132, 41.971884 ], [ -87.728081, 41.970064 ], [ -87.728028, 41.968242 ], [ -87.730478, 41.968215 ], [ -87.732968, 41.968186 ], [ -87.735433, 41.968158 ], [ -87.737902, 41.968134 ], [ -87.739176, 41.968121 ], [ -87.740165, 41.968108 ], [ -87.742847, 41.968083 ], [ -87.747722, 41.968029 ], [ -87.747559, 41.968535 ], [ -87.747912, 41.972881 ], [ -87.747993, 41.975341 ] ] ] ] } },
{ "type": "Feature", "properties": { "geoid": "17031831800", "land_area": 1.910736, "total": 6600.0, "nh_white_alone": 2055.0, "nh_black_alone": 639.0, "nh_asian_alone": 2471.0, "hispanic": 1190.0, "other": 245.0 }, "geometry": { "type": "MultiPolygon", "coordinates": [ [ [ [ -87.728433, 41.982832 ], [ -87.718655, 41.98294 ], [ -87.716176, 41.982973 ], [ -87.712522, 41.983022 ], [ -87.711301, 41.983039 ], [ -87.706982, 41.98308 ], [ -87.704748, 41.975775 ], [ -87.70411, 41.973651 ], [ -87.707371, 41.974433 ], [ -87.708647, 41.974523 ], [ -87.709967, 41.974271 ], [ -87.713464, 41.971947 ], [ -87.71582, 41.971867 ], [ -87.716521, 41.97213 ], [ -87.717144, 41.972435 ], [ -87.718384, 41.973092 ], [ -87.723028, 41.974586 ], [ -87.724174, 41.975575 ], [ -87.724598, 41.97557 ], [ -87.728233, 41.975532 ], [ -87.728433, 41.982832 ] ] ] ] } },
{ "type": "Feature", "properties": { "geoid": "17031130100", "land_area": 1.839635, "total": 5418.0, "nh_white_alone": 4084.0, "nh_black_alone": 247.0, "nh_asian_alone": 892.0, "hispanic": 15.0, "other": 180.0 }, "geometry": { "type": "MultiPolygon", "coordinates": [ [ [ [ -87.728888, 41.994117 ], [ -87.726446, 41.99725 ], [ -87.720297, 41.997278 ], [ -87.718607, 41.997281 ], [ -87.711895, 41.997345 ], [ -87.71068, 41.997366 ], [ -87.709599, 41.99175 ], [ -87.709165, 41.990384 ], [ -87.711019, 41.990362 ], [ -87.716423, 41.990294 ], [ -87.718862, 41.990263 ], [ -87.718655, 41.98294 ], [ -87.728433, 41.982832 ], [ -87.728885, 41.993692 ], [ -87.728888, 41.994117 ] ] ] ] } },
{ "type": "Feature", "properties": { "geoid": "17031120400", "land_area": 1.064697, "total": 3992.0, "nh_white_alone": 1810.0, "nh_black_alone": 200.0, "nh_asian_alone": 692.0, "hispanic": 1012.0, "other": 278.0 }, "geometry": { "type": "MultiPolygon", "coordinates": [ [ [ [ -87.760568, 41.98796 ], [ -87.75683, 41.985407 ], [ -87.75628, 41.982649 ], [ -87.753851, 41.983514 ], [ -87.752082, 41.983043 ], [ -87.748257, 41.983567 ], [ -87.74808, 41.977943 ], [ -87.747993, 41.975341 ], [ -87.747912, 41.972881 ], [ -87.747559, 41.968535 ], [ -87.747722, 41.968029 ], [ -87.74789, 41.968026 ], [ -87.752635, 41.967967 ], [ -87.752652, 41.968881 ], [ -87.752802, 41.972439 ], [ -87.75521, 41.972965 ], [ -87.755226, 41.973426 ], [ -87.75533, 41.977076 ], [ -87.75533, 41.977453 ], [ -87.754954, 41.977222 ], [ -87.756322, 41.979885 ], [ -87.759123, 41.985176 ], [ -87.760568, 41.98796 ] ] ] ] } },
{ "type": "Feature", "properties": { "geoid": "17031110400", "land_area": 0.933971, "total": 4658.0, "nh_white_alone": 2925.0, "nh_black_alone": 34.0, "nh_asian_alone": 502.0, "hispanic": 980.0, "other": 217.0 }, "geometry": { "type": "MultiPolygon", "coordinates": [ [ [ [ -87.778288, 41.970305 ], [ -87.778232, 41.973172 ], [ -87.778216, 41.973929 ], [ -87.778143, 41.977481 ], [ -87.778151, 41.978614 ], [ -87.778085, 41.979829 ], [ -87.768506, 41.974384 ], [ -87.768481, 41.975683 ], [ -87.766311, 41.975707 ], [ -87.764174, 41.973327 ], [ -87.765353, 41.973009 ], [ -87.764132, 41.971655 ], [ -87.765058, 41.971616 ], [ -87.76756, 41.970329 ], [ -87.767505, 41.96869 ], [ -87.77283, 41.968617 ], [ -87.778234, 41.968533 ], [ -87.778288, 41.970305 ] ] ] ] } },
{ "type": "Feature", "properties": { "geoid": "17031110100", "land_area": 1.844325, "total": 5401.0, "nh_white_alone": 2747.0, "nh_black_alone": 130.0, "nh_asian_alone": 1220.0, "hispanic": 1218.0, "other": 86.0 }, "geometry": { "type": "MultiPolygon", "coordinates": [ [ [ [ -87.782861, 41.9974 ], [ -87.779974, 41.997414 ], [ -87.771509, 41.99642 ], [ -87.771676, 41.994481 ], [ -87.773739, 41.99312 ], [ -87.770981, 41.991356 ], [ -87.77081, 41.989075 ], [ -87.767894, 41.988732 ], [ -87.76615, 41.990074 ], [ -87.764411, 41.989406 ], [ -87.762627, 41.990684 ], [ -87.760568, 41.98796 ], [ -87.759123, 41.985176 ], [ -87.756322, 41.979885 ], [ -87.754954, 41.977222 ], [ -87.75533, 41.977453 ], [ -87.761213, 41.981065 ], [ -87.7635, 41.981149 ], [ -87.764716, 41.981141 ], [ -87.768377, 41.98112 ], [ -87.768345, 41.98294 ], [ -87.773191, 41.982921 ], [ -87.774352, 41.982918 ], [ -87.778038, 41.982905 ], [ -87.777963, 41.986559 ], [ -87.777894, 41.989963 ], [ -87.777891, 41.990191 ], [ -87.777833, 41.993771 ], [ -87.78116, 41.99533 ], [ -87.78287, 41.996274 ], [ -87.782861, 41.9974 ] ] ] ] } },
{ "type": "Feature", "properties": { "geoid": "17031100500", "land_area": 1.962095, "total": 5952.0, "nh_white_alone": 4306.0, "nh_black_alone": 55.0, "nh_asian_alone": 505.0, "hispanic": 820.0, "other": 266.0 }, "geometry": { "type": "MultiPolygon", "coordinates": [ [ [ [ -87.836608, 41.977471 ], [ -87.836579, 41.979761 ], [ -87.83315, 41.980399 ], [ -87.828764, 41.980449 ], [ -87.828567, 41.978556 ], [ -87.82997, 41.978525 ], [ -87.829535, 41.977051 ], [ -87.833741, 41.976215 ], [ -87.824429, 41.976042 ], [ -87.82352, 41.983093 ], [ -87.823396, 41.983982 ], [ -87.823327, 41.984509 ], [ -87.818056, 41.983797 ], [ -87.816832, 41.983534 ], [ -87.813432, 41.982675 ], [ -87.811886, 41.982632 ], [ -87.806942, 41.982771 ], [ -87.806985, 41.979118 ], [ -87.806992, 41.978653 ], [ -87.80706, 41.975494 ], [ -87.807067, 41.974538 ], [ -87.812005, 41.974416 ], [ -87.816917, 41.974289 ], [ -87.816953, 41.97066 ], [ -87.818408, 41.970622 ], [ -87.818525, 41.970619 ], [ -87.819427, 41.974104 ], [ -87.82185, 41.97416 ], [ -87.826735, 41.974034 ], [ -87.826741, 41.973141 ], [ -87.831728, 41.973056 ], [ -87.83342, 41.97392 ], [ -87.833622, 41.975007 ], [ -87.836627, 41.975222 ], [ -87.836608, 41.977471 ] ] ] ] } },
{ "type": "Feature", "properties": { "geoid": "17031100200", "land_area": 2.060321, "total": 7742.0, "nh_white_alone": 5174.0, "nh_black_alone": 37.0, "nh_asian_alone": 210.0, "hispanic": 2167.0, "other": 154.0 }, "geometry": { "type": "MultiPolygon", "coordinates": [ [ [ [ -87.806792, 41.997771 ], [ -87.806782, 41.998639 ], [ -87.80675, 42.001505 ], [ -87.799814, 42.001529 ], [ -87.799481, 41.999985 ], [ -87.797126, 42.000005 ], [ -87.797124, 42.00094 ], [ -87.795553, 42.00095 ], [ -87.79394, 42.000962 ], [ -87.790766, 42.000531 ], [ -87.790205, 42.000753 ], [ -87.787874, 41.999681 ], [ -87.783315, 42.000072 ], [ -87.781629, 42.002883 ], [ -87.780804, 42.00284 ], [ -87.779974, 41.997414 ], [ -87.782861, 41.9974 ], [ -87.787443, 41.997356 ], [ -87.787497, 41.995548 ], [ -87.787533, 41.993668 ], [ -87.787577, 41.991319 ], [ -87.7876, 41.990193 ], [ -87.787668, 41.986511 ], [ -87.787677, 41.985948 ], [ -87.787693, 41.985266 ], [ -87.796912, 41.990448 ], [ -87.799615, 41.99197 ], [ -87.806809, 41.996039 ], [ -87.806792, 41.997771 ] ] ] ] } },
{ "type": "Feature", "properties": { "geoid": "17031070700", "land_area": 0.646549, "total": 3787.0, "nh_white_alone": 2338.0, "nh_black_alone": 114.0, "nh_asian_alone": 650.0, "hispanic": 518.0, "other": 167.0 }, "geometry": { "type": "MultiPolygon", "coordinates": [ [ [ [ -87.682661, 41.932231 ], [ -87.678135, 41.932285 ], [ -87.673426, 41.932342 ], [ -87.668394, 41.932404 ], [ -87.668209, 41.926964 ], [ -87.668146, 41.925152 ], [ -87.671666, 41.925106 ], [ -87.674403, 41.925069 ], [ -87.675094, 41.926748 ], [ -87.679577, 41.928349 ], [ -87.682661, 41.932231 ] ] ] ] } },
{ "type": "Feature", "properties": { "geoid": "17031070300", "land_area": 0.324411, "total": 3711.0, "nh_white_alone": 2918.0, "nh_black_alone": 43.0, "nh_asian_alone": 386.0, "hispanic": 196.0, "other": 168.0 }, "geometry": { "type": "MultiPolygon", "coordinates": [ [ [ [ -87.653859, 41.932638 ], [ -87.649012, 41.93272 ], [ -87.648971, 41.931549 ], [ -87.648889, 41.929084 ], [ -87.648873, 41.928659 ], [ -87.648761, 41.925454 ], [ -87.651183, 41.925415 ], [ -87.65286, 41.925389 ], [ -87.653613, 41.925376 ], [ -87.653703, 41.928101 ], [ -87.653859, 41.932638 ] ] ] ] } },
{ "type": "Feature", "properties": { "geoid": "17031837300", "land_area": 0.368498, "total": 2164.0, "nh_white_alone": 57.0, "nh_black_alone": 1957.0, "nh_asian_alone": 7.0, "hispanic": 75.0, "other": 68.0 }, "geometry": { "type": "MultiPolygon", "coordinates": [ [ [ [ -87.710782, 41.873628 ], [ -87.705917, 41.873688 ], [ -87.701013, 41.873747 ], [ -87.700869, 41.869189 ], [ -87.705756, 41.869133 ], [ -87.70579, 41.870053 ], [ -87.71066, 41.870004 ], [ -87.710689, 41.870901 ], [ -87.710782, 41.873628 ] ] ] ] } },
{ "type": "Feature", "properties": { "geoid": "17031836900", "land_area": 0.164712, "total": 2181.0, "nh_white_alone": 56.0, "nh_black_alone": 1831.0, "nh_asian_alone": 0.0, "hispanic": 265.0, "other": 29.0 }, "geometry": { "type": "MultiPolygon", "coordinates": [ [ [ [ -87.711061, 41.882743 ], [ -87.70617, 41.882794 ], [ -87.701254, 41.882847 ], [ -87.701208, 41.881026 ], [ -87.706123, 41.880973 ], [ -87.711006, 41.880917 ], [ -87.711061, 41.882743 ] ] ] ] } },
{ "type": "Feature", "properties": { "geoid": "17031260600", "land_area": 0.318825, "total": 1793.0, "nh_white_alone": 56.0, "nh_black_alone": 1588.0, "nh_asian_alone": 9.0, "hispanic": 140.0, "other": 0.0 }, "geometry": { "type": "MultiPolygon", "coordinates": [ [ [ [ -87.735476, 41.880611 ], [ -87.730574, 41.880667 ], [ -87.730482, 41.877918 ], [ -87.730313, 41.873386 ], [ -87.732807, 41.873978 ], [ -87.735222, 41.87352 ], [ -87.73538, 41.877861 ], [ -87.735476, 41.880611 ] ] ] ] } },
{ "type": "Feature", "properties": { "geoid": "17031252102", "land_area": 0.670761, "total": 5766.0, "nh_white_alone": 71.0, "nh_black_alone": 4791.0, "nh_asian_alone": 38.0, "hispanic": 477.0, "other": 389.0 }, "geometry": { "type": "MultiPolygon", "coordinates": [ [ [ [ -87.764864, 41.880246 ], [ -87.760119, 41.880308 ], [ -87.758729, 41.880325 ], [ -87.755067, 41.880372 ], [ -87.754996, 41.878471 ], [ -87.754929, 41.876659 ], [ -87.754859, 41.874848 ], [ -87.754806, 41.872946 ], [ -87.764587, 41.872827 ], [ -87.764659, 41.874728 ], [ -87.764725, 41.876538 ], [ -87.764795, 41.878344 ], [ -87.764864, 41.880246 ] ] ] ] } },
{ "type": "Feature", "properties": { "geoid": "17031251800", "land_area": 0.997741, "total": 4532.0, "nh_white_alone": 20.0, "nh_black_alone": 4145.0, "nh_asian_alone": 0.0, "hispanic": 317.0, "other": 50.0 }, "geometry": { "type": "MultiPolygon", "coordinates": [ [ [ [ -87.755337, 41.887809 ], [ -87.752895, 41.887842 ], [ -87.750443, 41.887866 ], [ -87.748002, 41.887885 ], [ -87.74796, 41.887757 ], [ -87.745547, 41.887781 ], [ -87.740613, 41.887808 ], [ -87.74037, 41.880555 ], [ -87.745278, 41.880498 ], [ -87.747723, 41.880465 ], [ -87.749412, 41.880445 ], [ -87.750173, 41.880435 ], [ -87.755067, 41.880372 ], [ -87.755161, 41.883002 ], [ -87.755319, 41.887202 ], [ -87.755337, 41.887809 ] ] ] ] } },
{ "type": "Feature", "properties": { "geoid": "17031251300", "land_area": 0.653465, "total": 4515.0, "nh_white_alone": 141.0, "nh_black_alone": 3620.0, "nh_asian_alone": 3.0, "hispanic": 652.0, "other": 99.0 }, "geometry": { "type": "MultiPolygon", "coordinates": [ [ [ [ -87.775362, 41.901998 ], [ -87.772938, 41.902034 ], [ -87.770508, 41.902071 ], [ -87.769295, 41.90209 ], [ -87.765654, 41.902145 ], [ -87.765525, 41.898497 ], [ -87.765395, 41.894854 ], [ -87.769045, 41.894799 ], [ -87.770142, 41.894785 ], [ -87.772292, 41.894755 ], [ -87.775128, 41.894712 ], [ -87.775192, 41.896533 ], [ -87.775249, 41.898358 ], [ -87.775362, 41.901998 ] ] ] ] } },
{ "type": "Feature", "properties": { "geoid": "17031842100", "land_area": 2.034641, "total": 6780.0, "nh_white_alone": 257.0, "nh_black_alone": 2748.0, "nh_asian_alone": 39.0, "hispanic": 3618.0, "other": 118.0 }, "geometry": { "type": "MultiPolygon", "coordinates": [ [ [ [ -87.741518, 41.902427 ], [ -87.736146, 41.902513 ], [ -87.733683, 41.902554 ], [ -87.731225, 41.902592 ], [ -87.726303, 41.902671 ], [ -87.726249, 41.900847 ], [ -87.726193, 41.89902 ], [ -87.72614, 41.897201 ], [ -87.72608, 41.895368 ], [ -87.725972, 41.891694 ], [ -87.725873, 41.887957 ], [ -87.730786, 41.887944 ], [ -87.735714, 41.887878 ], [ -87.740613, 41.887808 ], [ -87.741203, 41.895093 ], [ -87.74148, 41.898772 ], [ -87.741518, 41.902427 ] ] ] ] } },
{ "type": "Feature", "properties": { "geoid": "17031300900", "land_area": 0.327299, "total": 4267.0, "nh_white_alone": 208.0, "nh_black_alone": 1.0, "nh_asian_alone": 0.0, "hispanic": 4058.0, "other": 0.0 }, "geometry": { "type": "MultiPolygon", "coordinates": [ [ [ [ -87.705255, 41.851765 ], [ -87.702813, 41.851799 ], [ -87.701581, 41.851818 ], [ -87.700364, 41.851838 ], [ -87.700196, 41.846395 ], [ -87.700148, 41.844613 ], [ -87.702584, 41.844552 ], [ -87.70504, 41.844518 ], [ -87.705148, 41.84814 ], [ -87.705255, 41.851765 ] ] ] ] } },
{ "type": "Feature", "properties": { "geoid": "17031292500", "land_area": 0.982499, "total": 3310.0, "nh_white_alone": 0.0, "nh_black_alone": 2626.0, "nh_asian_alone": 0.0, "hispanic": 679.0, "other": 5.0 }, "geometry": { "type": "MultiPolygon", "coordinates": [ [ [ [ -87.739767, 41.858654 ], [ -87.737176, 41.858692 ], [ -87.729841, 41.8588 ], [ -87.724955, 41.858868 ], [ -87.72485, 41.855014 ], [ -87.724761, 41.851651 ], [ -87.729617, 41.851589 ], [ -87.739423, 41.851351 ], [ -87.739767, 41.858654 ] ] ] ] } },
{ "type": "Feature", "properties": { "geoid": "17031292200", "land_area": 0.39416, "total": 2658.0, "nh_white_alone": 57.0, "nh_black_alone": 2135.0, "nh_asian_alone": 20.0, "hispanic": 238.0, "other": 208.0 }, "geometry": { "type": "MultiPolygon", "coordinates": [ [ [ [ -87.720066, 41.858921 ], [ -87.718882, 41.858931 ], [ -87.717662, 41.858946 ], [ -87.715206, 41.858974 ], [ -87.713986, 41.858988 ], [ -87.712771, 41.859 ], [ -87.710333, 41.859025 ], [ -87.710256, 41.856271 ], [ -87.713813, 41.85501 ], [ -87.718723, 41.853286 ], [ -87.719889, 41.852874 ], [ -87.719912, 41.853956 ], [ -87.720066, 41.858921 ] ] ] ] } },
{ "type": "Feature", "properties": { "geoid": "17031841500", "land_area": 0.432305, "total": 2735.0, "nh_white_alone": 90.0, "nh_black_alone": 2573.0, "nh_asian_alone": 0.0, "hispanic": 57.0, "other": 15.0 }, "geometry": { "type": "MultiPolygon", "coordinates": [ [ [ [ -87.710543, 41.866349 ], [ -87.705669, 41.866405 ], [ -87.705557, 41.86251 ], [ -87.705456, 41.859084 ], [ -87.702939, 41.858841 ], [ -87.70543, 41.857978 ], [ -87.710256, 41.856271 ], [ -87.710333, 41.859025 ], [ -87.710433, 41.862454 ], [ -87.710543, 41.866349 ] ] ] ] } },
{ "type": "Feature", "properties": { "geoid": "17031838700", "land_area": 0.658085, "total": 4136.0, "nh_white_alone": 247.0, "nh_black_alone": 3340.0, "nh_asian_alone": 0.0, "hispanic": 490.0, "other": 59.0 }, "geometry": { "type": "MultiPolygon", "coordinates": [ [ [ [ -87.72517, 41.866172 ], [ -87.721516, 41.866222 ], [ -87.720123, 41.86624 ], [ -87.715421, 41.86629 ], [ -87.715305, 41.862398 ], [ -87.715206, 41.858974 ], [ -87.717662, 41.858946 ], [ -87.718882, 41.858931 ], [ -87.720066, 41.858921 ], [ -87.722489, 41.858894 ], [ -87.724955, 41.858868 ], [ -87.725061, 41.862524 ], [ -87.72517, 41.866172 ] ] ] ] } },
{ "type": "Feature", "properties": { "geoid": "17031282700", "land_area": 0.439297, "total": 2239.0, "nh_white_alone": 628.0, "nh_black_alone": 789.0, "nh_asian_alone": 227.0, "hispanic": 474.0, "other": 121.0 }, "geometry": { "type": "MultiPolygon", "coordinates": [ [ [ [ -87.691371, 41.876035 ], [ -87.686269, 41.876084 ], [ -87.686256, 41.875778 ], [ -87.686235, 41.873891 ], [ -87.686165, 41.87116 ], [ -87.686038, 41.866613 ], [ -87.690445, 41.866568 ], [ -87.691081, 41.867839 ], [ -87.691193, 41.869295 ], [ -87.691235, 41.871111 ], [ -87.691361, 41.87572 ], [ -87.691371, 41.876035 ] ] ] ] } },
{ "type": "Feature", "properties": { "geoid": "17031832900", "land_area": 0.404584, "total": 2162.0, "nh_white_alone": 1093.0, "nh_black_alone": 32.0, "nh_asian_alone": 699.0, "hispanic": 277.0, "other": 61.0 }, "geometry": { "type": "MultiPolygon", "coordinates": [ [ [ [ -87.666739, 41.876351 ], [ -87.661853, 41.876438 ], [ -87.657003, 41.876519 ], [ -87.656853, 41.872254 ], [ -87.661026, 41.872169 ], [ -87.661724, 41.87211 ], [ -87.661714, 41.871752 ], [ -87.666616, 41.871626 ], [ -87.666686, 41.874251 ], [ -87.666739, 41.876351 ] ] ] ] } },
{ "type": "Feature", "properties": { "geoid": "17031808100", "land_area": 4.896434, "total": 3786.0, "nh_white_alone": 2856.0, "nh_black_alone": 159.0, "nh_asian_alone": 311.0, "hispanic": 418.0, "other": 42.0 }, "geometry": { "type": "MultiPolygon", "coordinates": [ [ [ [ -87.806718, 42.004474 ], [ -87.806698, 42.006318 ], [ -87.806638, 42.011713 ], [ -87.806593, 42.015337 ], [ -87.806564, 42.017822 ], [ -87.806547, 42.018965 ], [ -87.777132, 42.019208 ], [ -87.777011, 42.019207 ], [ -87.767142, 42.019168 ], [ -87.767342, 42.011938 ], [ -87.767525, 42.009057 ], [ -87.767673, 42.008423 ], [ -87.767872, 42.004261 ], [ -87.769393, 42.004954 ], [ -87.770436, 42.006341 ], [ -87.773345, 42.011949 ], [ -87.776944, 42.011982 ], [ -87.776922, 42.015457 ], [ -87.779118, 42.015539 ], [ -87.77906, 42.011991 ], [ -87.78063, 42.012 ], [ -87.788723, 42.011997 ], [ -87.782769, 42.005085 ], [ -87.782451, 42.004815 ], [ -87.782714, 42.00423 ], [ -87.790205, 42.000753 ], [ -87.790766, 42.000531 ], [ -87.79394, 42.000962 ], [ -87.795553, 42.00095 ], [ -87.797124, 42.00094 ], [ -87.797126, 42.000005 ], [ -87.799481, 41.999985 ], [ -87.799814, 42.001529 ], [ -87.80675, 42.001505 ], [ -87.806718, 42.004474 ] ] ] ] } },
{ "type": "Feature", "properties": { "geoid": "17031811100", "land_area": 3.648948, "total": 7184.0, "nh_white_alone": 3831.0, "nh_black_alone": 218.0, "nh_asian_alone": 358.0, "hispanic": 2744.0, "other": 33.0 }, "geometry": { "type": "MultiPolygon", "coordinates": [ [ [ [ -87.849588, 41.937286 ], [ -87.83606, 41.937559 ], [ -87.83481, 41.937576 ], [ -87.830005, 41.93768 ], [ -87.826317, 41.937749 ], [ -87.826254, 41.93775 ], [ -87.826112, 41.934127 ], [ -87.826057, 41.932534 ], [ -87.825961, 41.929806 ], [ -87.82597, 41.928197 ], [ -87.82596, 41.927099 ], [ -87.825821, 41.923163 ], [ -87.825545, 41.915124 ], [ -87.825444, 41.912203 ], [ -87.825457, 41.911015 ], [ -87.827957, 41.911965 ], [ -87.830096, 41.910613 ], [ -87.832371, 41.910492 ], [ -87.833576, 41.911445 ], [ -87.833187, 41.91656 ], [ -87.833709, 41.918077 ], [ -87.837435, 41.920296 ], [ -87.841118, 41.9234 ], [ -87.844929, 41.928919 ], [ -87.845463, 41.929676 ], [ -87.847802, 41.932547 ], [ -87.847756, 41.933292 ], [ -87.847439, 41.933866 ], [ -87.849588, 41.937286 ] ] ] ] } },
{ "type": "Feature", "properties": { "geoid": "17031730600", "land_area": 1.007256, "total": 3267.0, "nh_white_alone": 50.0, "nh_black_alone": 3152.0, "nh_asian_alone": 0.0, "hispanic": 44.0, "other": 21.0 }, "geometry": { "type": "MultiPolygon", "coordinates": [ [ [ [ -87.657496, 41.714032 ], [ -87.65332, 41.714084 ], [ -87.652887, 41.714093 ], [ -87.647883, 41.714145 ], [ -87.643003, 41.714214 ], [ -87.642972, 41.712373 ], [ -87.642834, 41.706917 ], [ -87.64648, 41.706883 ], [ -87.647694, 41.706873 ], [ -87.655657, 41.706794 ], [ -87.656019, 41.706786 ], [ -87.656146, 41.706784 ], [ -87.659764, 41.714004 ], [ -87.657496, 41.714032 ] ] ] ] } },
{ "type": "Feature", "properties": { "geoid": "17031810800", "land_area": 0.989819, "total": 5154.0, "nh_white_alone": 2595.0, "nh_black_alone": 16.0, "nh_asian_alone": 303.0, "hispanic": 2176.0, "other": 64.0 }, "geometry": { "type": "MultiPolygon", "coordinates": [ [ [ [ -87.826254, 41.93775 ], [ -87.823847, 41.937791 ], [ -87.822626, 41.937817 ], [ -87.81774, 41.937914 ], [ -87.816519, 41.937939 ], [ -87.81639, 41.934313 ], [ -87.816326, 41.932493 ], [ -87.816263, 41.930676 ], [ -87.8162, 41.928868 ], [ -87.816137, 41.927055 ], [ -87.816285, 41.925578 ], [ -87.818412, 41.925946 ], [ -87.82597, 41.928197 ], [ -87.825961, 41.929806 ], [ -87.826057, 41.932534 ], [ -87.826112, 41.934127 ], [ -87.826254, 41.93775 ] ] ] ] } },
{ "type": "Feature", "properties": { "geoid": "17031810502", "land_area": 1.793871, "total": 5740.0, "nh_white_alone": 4064.0, "nh_black_alone": 43.0, "nh_asian_alone": 432.0, "hispanic": 1195.0, "other": 6.0 }, "geometry": { "type": "MultiPolygon", "coordinates": [ [ [ [ -87.818266, 41.957942 ], [ -87.818256, 41.959752 ], [ -87.816426, 41.959798 ], [ -87.816395, 41.963424 ], [ -87.816378, 41.96705 ], [ -87.815703, 41.967067 ], [ -87.812063, 41.967159 ], [ -87.807173, 41.967281 ], [ -87.807185, 41.964641 ], [ -87.805216, 41.964125 ], [ -87.802547, 41.964673 ], [ -87.802568, 41.959243 ], [ -87.801355, 41.959247 ], [ -87.801355, 41.95906 ], [ -87.801301, 41.956723 ], [ -87.807291, 41.953866 ], [ -87.807269, 41.952765 ], [ -87.80972, 41.952708 ], [ -87.812225, 41.952651 ], [ -87.813433, 41.952624 ], [ -87.818303, 41.952501 ], [ -87.818266, 41.957942 ] ] ] ] } },
{ "type": "Feature", "properties": { "geoid": "17031730500", "land_area": 1.317608, "total": 4067.0, "nh_white_alone": 0.0, "nh_black_alone": 3934.0, "nh_asian_alone": 0.0, "hispanic": 1.0, "other": 132.0 }, "geometry": { "type": "MultiPolygon", "coordinates": [ [ [ [ -87.643211, 41.721503 ], [ -87.637157, 41.721574 ], [ -87.633446, 41.721637 ], [ -87.633329, 41.714924 ], [ -87.633307, 41.714277 ], [ -87.633035, 41.707044 ], [ -87.636763, 41.706995 ], [ -87.637977, 41.70698 ], [ -87.642834, 41.706917 ], [ -87.642972, 41.712373 ], [ -87.643003, 41.714214 ], [ -87.643196, 41.714805 ], [ -87.643108, 41.71762 ], [ -87.643211, 41.721503 ] ] ] ] } },
{ "type": "Feature", "properties": { "geoid": "17031670800", "land_area": 0.326299, "total": 1270.0, "nh_white_alone": 10.0, "nh_black_alone": 876.0, "nh_asian_alone": 0.0, "hispanic": 379.0, "other": 5.0 }, "geometry": { "type": "MultiPolygon", "coordinates": [ [ [ [ -87.664394, 41.786747 ], [ -87.661963, 41.786781 ], [ -87.659541, 41.786816 ], [ -87.659405, 41.781358 ], [ -87.659361, 41.779543 ], [ -87.664221, 41.779465 ], [ -87.664309, 41.78311 ], [ -87.664394, 41.786747 ] ] ] ] } },
{ "type": "Feature", "properties": { "geoid": "17031661100", "land_area": 1.295866, "total": 7052.0, "nh_white_alone": 333.0, "nh_black_alone": 1592.0, "nh_asian_alone": 0.0, "hispanic": 5063.0, "other": 64.0 }, "geometry": { "type": "MultiPolygon", "coordinates": [ [ [ [ -87.712349, 41.764245 ], [ -87.707701, 41.764308 ], [ -87.702813, 41.764389 ], [ -87.69792, 41.764458 ], [ -87.693029, 41.76454 ], [ -87.692926, 41.760892 ], [ -87.692919, 41.75798 ], [ -87.69282, 41.757303 ], [ -87.702615, 41.757216 ], [ -87.711521, 41.757072 ], [ -87.71233, 41.757192 ], [ -87.71254, 41.764242 ], [ -87.712349, 41.764245 ] ] ] ] } },
{ "type": "Feature", "properties": { "geoid": "17031661000", "land_area": 1.118966, "total": 4954.0, "nh_white_alone": 29.0, "nh_black_alone": 2546.0, "nh_asian_alone": 32.0, "hispanic": 2205.0, "other": 142.0 }, "geometry": { "type": "MultiPolygon", "coordinates": [ [ [ [ -87.693029, 41.76454 ], [ -87.68936, 41.764598 ], [ -87.688136, 41.764618 ], [ -87.683243, 41.764702 ], [ -87.683343, 41.768332 ], [ -87.67862, 41.768385 ], [ -87.678583, 41.764755 ], [ -87.678466, 41.757452 ], [ -87.680126, 41.757456 ], [ -87.683047, 41.757379 ], [ -87.683666, 41.757544 ], [ -87.686682, 41.757478 ], [ -87.687953, 41.757491 ], [ -87.69282, 41.757303 ], [ -87.692919, 41.75798 ], [ -87.692926, 41.760892 ], [ -87.693029, 41.76454 ] ] ] ] } },
{ "type": "Feature", "properties": { "geoid": "17031660500", "land_area": 0.657188, "total": 5650.0, "nh_white_alone": 270.0, "nh_black_alone": 269.0, "nh_asian_alone": 0.0, "hispanic": 5002.0, "other": 109.0 }, "geometry": { "type": "MultiPolygon", "coordinates": [ [ [ [ -87.712897, 41.778831 ], [ -87.712726, 41.778832 ], [ -87.707988, 41.778893 ], [ -87.705559, 41.778935 ], [ -87.703137, 41.778973 ], [ -87.703116, 41.778047 ], [ -87.703095, 41.777144 ], [ -87.703052, 41.775322 ], [ -87.702967, 41.771675 ], [ -87.705382, 41.771637 ], [ -87.70781, 41.771599 ], [ -87.712549, 41.771523 ], [ -87.712724, 41.771522 ], [ -87.712811, 41.775167 ], [ -87.712897, 41.778831 ] ] ] ] } },
{ "type": "Feature", "properties": { "geoid": "17031650400", "land_area": 1.102193, "total": 6907.0, "nh_white_alone": 276.0, "nh_black_alone": 96.0, "nh_asian_alone": 77.0, "hispanic": 6458.0, "other": 0.0 }, "geometry": { "type": "MultiPolygon", "coordinates": [ [ [ [ -87.722576, 41.771374 ], [ -87.717673, 41.77145 ], [ -87.712724, 41.771522 ], [ -87.712652, 41.767851 ], [ -87.71254, 41.764242 ], [ -87.71233, 41.757192 ], [ -87.713431, 41.757478 ], [ -87.722261, 41.761571 ], [ -87.722355, 41.7641 ], [ -87.722441, 41.765929 ], [ -87.722462, 41.766824 ], [ -87.722576, 41.771374 ] ] ] ] } },
{ "type": "Feature", "properties": { "geoid": "17031650301", "land_area": 0.985558, "total": 4696.0, "nh_white_alone": 604.0, "nh_black_alone": 2.0, "nh_asian_alone": 42.0, "hispanic": 4022.0, "other": 26.0 }, "geometry": { "type": "MultiPolygon", "coordinates": [ [ [ [ -87.737397, 41.778487 ], [ -87.733745, 41.778529 ], [ -87.728863, 41.778584 ], [ -87.72276, 41.778658 ], [ -87.722623, 41.773192 ], [ -87.722576, 41.771374 ], [ -87.726234, 41.771331 ], [ -87.72989, 41.771287 ], [ -87.732327, 41.77126 ], [ -87.737223, 41.771201 ], [ -87.737331, 41.774851 ], [ -87.737361, 41.776655 ], [ -87.737397, 41.778487 ] ] ] ] } },
{ "type": "Feature", "properties": { "geoid": "17031640500", "land_area": 0.661917, "total": 4091.0, "nh_white_alone": 1399.0, "nh_black_alone": 75.0, "nh_asian_alone": 0.0, "hispanic": 2428.0, "other": 189.0 }, "geometry": { "type": "MultiPolygon", "coordinates": [ [ [ [ -87.800899, 41.777292 ], [ -87.791018, 41.77753 ], [ -87.786152, 41.777606 ], [ -87.781265, 41.777676 ], [ -87.78112, 41.774011 ], [ -87.790886, 41.773861 ], [ -87.800806, 41.773709 ], [ -87.800865, 41.775807 ], [ -87.801016, 41.776265 ], [ -87.800899, 41.777292 ] ] ] ] } },
{ "type": "Feature", "properties": { "geoid": "17031640100", "land_area": 0.305457, "total": 1464.0, "nh_white_alone": 128.0, "nh_black_alone": 0.0, "nh_asian_alone": 0.0, "hispanic": 1325.0, "other": 11.0 }, "geometry": { "type": "MultiPolygon", "coordinates": [ [ [ [ -87.742222, 41.78334 ], [ -87.741399, 41.784596 ], [ -87.741422, 41.785742 ], [ -87.737756, 41.785782 ], [ -87.73757, 41.782138 ], [ -87.737397, 41.778487 ], [ -87.742293, 41.778429 ], [ -87.742222, 41.78334 ] ] ] ] } },
{ "type": "Feature", "properties": { "geoid": "17031691200", "land_area": 1.003068, "total": 1878.0, "nh_white_alone": 19.0, "nh_black_alone": 1818.0, "nh_asian_alone": 0.0, "hispanic": 18.0, "other": 23.0 }, "geometry": { "type": "MultiPolygon", "coordinates": [ [ [ [ -87.6399, 41.756146 ], [ -87.639236, 41.757997 ], [ -87.635702, 41.758058 ], [ -87.632052, 41.758117 ], [ -87.631377, 41.758128 ], [ -87.628005, 41.758182 ], [ -87.624759, 41.758237 ], [ -87.624644, 41.754594 ], [ -87.624546, 41.75096 ], [ -87.625395, 41.750936 ], [ -87.634229, 41.750783 ], [ -87.639316, 41.750711 ], [ -87.639759, 41.750705 ], [ -87.639803, 41.752518 ], [ -87.6399, 41.756146 ] ] ] ] } },
{ "type": "Feature", "properties": { "geoid": "17031690400", "land_area": 0.651075, "total": 3319.0, "nh_white_alone": 0.0, "nh_black_alone": 2924.0, "nh_asian_alone": 81.0, "hispanic": 310.0, "other": 4.0 }, "geometry": { "type": "MultiPolygon", "coordinates": [ [ [ [ -87.625223, 41.772774 ], [ -87.621078, 41.772896 ], [ -87.620292, 41.772881 ], [ -87.617943, 41.772925 ], [ -87.61545, 41.77297 ], [ -87.6154, 41.77097 ], [ -87.615355, 41.76934 ], [ -87.615262, 41.765711 ], [ -87.620098, 41.765612 ], [ -87.624907, 41.765514 ], [ -87.624944, 41.769157 ], [ -87.625111, 41.769154 ], [ -87.625223, 41.772774 ] ] ] ] } },
{ "type": "Feature", "properties": { "geoid": "17031681400", "land_area": 0.646368, "total": 1811.0, "nh_white_alone": 3.0, "nh_black_alone": 1663.0, "nh_asian_alone": 1.0, "hispanic": 0.0, "other": 144.0 }, "geometry": { "type": "MultiPolygon", "coordinates": [ [ [ [ -87.654116, 41.765057 ], [ -87.651689, 41.765092 ], [ -87.648055, 41.765148 ], [ -87.645631, 41.765184 ], [ -87.644413, 41.765203 ], [ -87.644366, 41.763383 ], [ -87.644321, 41.761564 ], [ -87.644275, 41.759745 ], [ -87.644232, 41.757994 ], [ -87.646659, 41.757957 ], [ -87.649081, 41.75792 ], [ -87.651505, 41.757878 ], [ -87.653929, 41.757846 ], [ -87.653973, 41.759596 ], [ -87.654116, 41.765057 ] ] ] ] } },
{ "type": "Feature", "properties": { "geoid": "17031681100", "land_area": 0.652438, "total": 2367.0, "nh_white_alone": 4.0, "nh_black_alone": 1889.0, "nh_asian_alone": 0.0, "hispanic": 474.0, "other": 0.0 }, "geometry": { "type": "MultiPolygon", "coordinates": [ [ [ [ -87.65431, 41.772333 ], [ -87.651882, 41.772369 ], [ -87.648235, 41.772421 ], [ -87.647024, 41.77244 ], [ -87.645813, 41.772455 ], [ -87.644597, 41.772472 ], [ -87.644507, 41.768838 ], [ -87.644413, 41.765203 ], [ -87.645631, 41.765184 ], [ -87.648055, 41.765148 ], [ -87.651689, 41.765092 ], [ -87.654116, 41.765057 ], [ -87.654211, 41.768693 ], [ -87.65431, 41.772333 ] ] ] ] } },
{ "type": "Feature", "properties": { "geoid": "17031672000", "land_area": 0.995092, "total": 3787.0, "nh_white_alone": 6.0, "nh_black_alone": 2220.0, "nh_asian_alone": 0.0, "hispanic": 1517.0, "other": 44.0 }, "geometry": { "type": "MultiPolygon", "coordinates": [ [ [ [ -87.678583, 41.764755 ], [ -87.674745, 41.764799 ], [ -87.671103, 41.764834 ], [ -87.669887, 41.764846 ], [ -87.667461, 41.764868 ], [ -87.663796, 41.764909 ], [ -87.66364, 41.759454 ], [ -87.663607, 41.757677 ], [ -87.66729, 41.757631 ], [ -87.667367, 41.757665 ], [ -87.669713, 41.757649 ], [ -87.670834, 41.757623 ], [ -87.670901, 41.757563 ], [ -87.673339, 41.757524 ], [ -87.678466, 41.757452 ], [ -87.678583, 41.764755 ] ] ] ] } },
{ "type": "Feature", "properties": { "geoid": "17031671500", "land_area": 0.741246, "total": 2451.0, "nh_white_alone": 6.0, "nh_black_alone": 1564.0, "nh_asian_alone": 0.0, "hispanic": 868.0, "other": 13.0 }, "geometry": { "type": "MultiPolygon", "coordinates": [ [ [ [ -87.67862, 41.768385 ], [ -87.673625, 41.768441 ], [ -87.671198, 41.768471 ], [ -87.669986, 41.768485 ], [ -87.668774, 41.768496 ], [ -87.668825, 41.770314 ], [ -87.668886, 41.772132 ], [ -87.668946, 41.773952 ], [ -87.66407, 41.774013 ], [ -87.664021, 41.772192 ], [ -87.663968, 41.770372 ], [ -87.663898, 41.768552 ], [ -87.663796, 41.764909 ], [ -87.667461, 41.764868 ], [ -87.669887, 41.764846 ], [ -87.671103, 41.764834 ], [ -87.674745, 41.764799 ], [ -87.678583, 41.764755 ], [ -87.67862, 41.768385 ] ] ] ] } },
{ "type": "Feature", "properties": { "geoid": "17031671200", "land_area": 0.244922, "total": 664.0, "nh_white_alone": 0.0, "nh_black_alone": 371.0, "nh_asian_alone": 0.0, "hispanic": 273.0, "other": 20.0 }, "geometry": { "type": "MultiPolygon", "coordinates": [ [ [ [ -87.669079, 41.779383 ], [ -87.664221, 41.779465 ], [ -87.66407, 41.774013 ], [ -87.668946, 41.773952 ], [ -87.669079, 41.779383 ] ] ] ] } },
{ "type": "Feature", "properties": { "geoid": "17031840300", "land_area": 0.831049, "total": 3548.0, "nh_white_alone": 525.0, "nh_black_alone": 87.0, "nh_asian_alone": 1081.0, "hispanic": 1766.0, "other": 89.0 }, "geometry": { "type": "MultiPolygon", "coordinates": [ [ [ [ -87.687449, 41.834632 ], [ -87.684574, 41.83555 ], [ -87.680004, 41.836931 ], [ -87.677949, 41.837119 ], [ -87.675441, 41.837163 ], [ -87.675441, 41.837048 ], [ -87.675314, 41.831819 ], [ -87.67528, 41.83039 ], [ -87.677721, 41.830364 ], [ -87.684459, 41.830289 ], [ -87.68424, 41.823 ], [ -87.68608, 41.822956 ], [ -87.686191, 41.825178 ], [ -87.686945, 41.826633 ], [ -87.687286, 41.827671 ], [ -87.687449, 41.834632 ] ] ] ] } },
{ "type": "Feature", "properties": { "geoid": "17031580100", "land_area": 0.763337, "total": 2167.0, "nh_white_alone": 374.0, "nh_black_alone": 9.0, "nh_asian_alone": 884.0, "hispanic": 900.0, "other": 0.0 }, "geometry": { "type": "MultiPolygon", "coordinates": [ [ [ [ -87.694967, 41.832279 ], [ -87.687449, 41.834632 ], [ -87.687286, 41.827671 ], [ -87.686945, 41.826633 ], [ -87.686191, 41.825178 ], [ -87.68608, 41.822956 ], [ -87.689727, 41.822882 ], [ -87.694627, 41.822786 ], [ -87.694662, 41.824614 ], [ -87.694715, 41.826475 ], [ -87.694794, 41.829088 ], [ -87.694843, 41.829278 ], [ -87.694961, 41.832139 ], [ -87.694967, 41.832279 ] ] ] ] } },
{ "type": "Feature", "properties": { "geoid": "17031570500", "land_area": 0.423598, "total": 2535.0, "nh_white_alone": 319.0, "nh_black_alone": 196.0, "nh_asian_alone": 85.0, "hispanic": 1916.0, "other": 19.0 }, "geometry": { "type": "MultiPolygon", "coordinates": [ [ [ [ -87.738013, 41.800382 ], [ -87.734391, 41.800424 ], [ -87.731335, 41.800478 ], [ -87.730724, 41.800571 ], [ -87.728282, 41.800947 ], [ -87.728271, 41.800491 ], [ -87.723373, 41.800546 ], [ -87.723369, 41.800362 ], [ -87.728208, 41.79831 ], [ -87.728168, 41.796831 ], [ -87.730623, 41.796807 ], [ -87.731838, 41.796792 ], [ -87.733062, 41.796612 ], [ -87.733677, 41.796774 ], [ -87.735512, 41.796755 ], [ -87.735486, 41.795755 ], [ -87.735493, 41.795599 ], [ -87.737857, 41.795292 ], [ -87.738033, 41.799455 ], [ -87.738013, 41.800382 ] ] ] ] } },
{ "type": "Feature", "properties": { "geoid": "17031561000", "land_area": 1.328253, "total": 5904.0, "nh_white_alone": 2994.0, "nh_black_alone": 0.0, "nh_asian_alone": 167.0, "hispanic": 2473.0, "other": 270.0 }, "geometry": { "type": "MultiPolygon", "coordinates": [ [ [ [ -87.801528, 41.791939 ], [ -87.797725, 41.792028 ], [ -87.795236, 41.792087 ], [ -87.794018, 41.79211 ], [ -87.791576, 41.792156 ], [ -87.787912, 41.792226 ], [ -87.78547, 41.792273 ], [ -87.783026, 41.792319 ], [ -87.781806, 41.792349 ], [ -87.781539, 41.785011 ], [ -87.785199, 41.784951 ], [ -87.78642, 41.784932 ], [ -87.787642, 41.784911 ], [ -87.791303, 41.784853 ], [ -87.793731, 41.784816 ], [ -87.797442, 41.78476 ], [ -87.801216, 41.784688 ], [ -87.80133, 41.787331 ], [ -87.80145, 41.790132 ], [ -87.801508, 41.791445 ], [ -87.801528, 41.791939 ] ] ] ] } },
{ "type": "Feature", "properties": { "geoid": "17031560900", "land_area": 1.31926, "total": 5175.0, "nh_white_alone": 2727.0, "nh_black_alone": 2.0, "nh_asian_alone": 42.0, "hispanic": 2261.0, "other": 143.0 }, "geometry": { "type": "MultiPolygon", "coordinates": [ [ [ [ -87.802094, 41.797847 ], [ -87.796859, 41.799551 ], [ -87.795436, 41.799434 ], [ -87.794214, 41.799457 ], [ -87.791864, 41.79949 ], [ -87.790383, 41.799556 ], [ -87.788128, 41.799602 ], [ -87.785689, 41.799639 ], [ -87.782031, 41.799668 ], [ -87.78192, 41.796044 ], [ -87.781806, 41.792349 ], [ -87.783026, 41.792319 ], [ -87.78547, 41.792273 ], [ -87.787912, 41.792226 ], [ -87.791576, 41.792156 ], [ -87.794018, 41.79211 ], [ -87.795236, 41.792087 ], [ -87.797725, 41.792028 ], [ -87.801528, 41.791939 ], [ -87.801575, 41.793461 ], [ -87.801717, 41.795759 ], [ -87.801904, 41.796295 ], [ -87.802094, 41.797847 ] ] ] ] } },
{ "type": "Feature", "properties": { "geoid": "17031520200", "land_area": 1.108055, "total": 3485.0, "nh_white_alone": 435.0, "nh_black_alone": 102.0, "nh_asian_alone": 0.0, "hispanic": 2888.0, "other": 60.0 }, "geometry": { "type": "MultiPolygon", "coordinates": [ [ [ [ -87.545454, 41.707327 ], [ -87.542212, 41.711056 ], [ -87.542196, 41.713824 ], [ -87.542539, 41.716002 ], [ -87.542715, 41.71756 ], [ -87.543268, 41.719826 ], [ -87.542919, 41.72286 ], [ -87.538923, 41.722913 ], [ -87.536543, 41.722942 ], [ -87.535286, 41.721398 ], [ -87.535288, 41.71955 ], [ -87.535279, 41.711973 ], [ -87.535289, 41.708217 ], [ -87.541339, 41.708192 ], [ -87.541339, 41.704583 ], [ -87.541342, 41.702757 ], [ -87.543823, 41.702763 ], [ -87.545867, 41.702767 ], [ -87.545454, 41.707327 ] ] ] ] } },
{ "type": "Feature", "properties": { "geoid": "17031838800", "land_area": 17.863256, "total": 2396.0, "nh_white_alone": 62.0, "nh_black_alone": 1323.0, "nh_asian_alone": 0.0, "hispanic": 913.0, "other": 98.0 }, "geometry": { "type": "MultiPolygon", "coordinates": [ [ [ [ -87.6019, 41.685062 ], [ -87.601601, 41.686138 ], [ -87.59829, 41.692368 ], [ -87.59485, 41.698762 ], [ -87.591928, 41.703134 ], [ -87.587072, 41.706574 ], [ -87.5873, 41.70775 ], [ -87.586051, 41.707765 ], [ -87.573663, 41.707966 ], [ -87.566927, 41.708066 ], [ -87.564511, 41.708103 ], [ -87.559662, 41.708168 ], [ -87.559603, 41.702777 ], [ -87.558206, 41.702772 ], [ -87.545867, 41.702767 ], [ -87.543823, 41.702763 ], [ -87.545197, 41.700885 ], [ -87.545161, 41.695463 ], [ -87.545129, 41.682733 ], [ -87.545128, 41.673826 ], [ -87.546435, 41.668017 ], [ -87.546288, 41.661117 ], [ -87.544594, 41.659115 ], [ -87.549542, 41.661933 ], [ -87.552449, 41.663895 ], [ -87.556408, 41.670347 ], [ -87.557719, 41.669356 ], [ -87.559257, 41.66897 ], [ -87.558896, 41.661172 ], [ -87.559286, 41.659189 ], [ -87.581387, 41.659212 ], [ -87.58715, 41.660377 ], [ -87.589278, 41.660388 ], [ -87.600195, 41.673091 ], [ -87.601544, 41.675667 ], [ -87.601733, 41.676896 ], [ -87.6019, 41.685062 ] ] ] ] } },
{ "type": "Feature", "properties": { "geoid": "17031620300", "land_area": 0.992183, "total": 6507.0, "nh_white_alone": 1019.0, "nh_black_alone": 1.0, "nh_asian_alone": 48.0, "hispanic": 5439.0, "other": 0.0 }, "geometry": { "type": "MultiPolygon", "coordinates": [ [ [ [ -87.737984, 41.793071 ], [ -87.734191, 41.79311 ], [ -87.730513, 41.793137 ], [ -87.728062, 41.793161 ], [ -87.723159, 41.793204 ], [ -87.723061, 41.789577 ], [ -87.722961, 41.785937 ], [ -87.727851, 41.785886 ], [ -87.729075, 41.785873 ], [ -87.7303, 41.785862 ], [ -87.733968, 41.785821 ], [ -87.737756, 41.785782 ], [ -87.73773, 41.787628 ], [ -87.737984, 41.793071 ] ] ] ] } },
{ "type": "Feature", "properties": { "geoid": "17031611800", "land_area": 0.327809, "total": 1353.0, "nh_white_alone": 0.0, "nh_black_alone": 528.0, "nh_asian_alone": 0.0, "hispanic": 825.0, "other": 0.0 }, "geometry": { "type": "MultiPolygon", "coordinates": [ [ [ [ -87.669645, 41.801276 ], [ -87.664776, 41.801318 ], [ -87.664582, 41.794024 ], [ -87.667016, 41.793996 ], [ -87.669443, 41.793969 ], [ -87.669544, 41.797634 ], [ -87.669645, 41.801276 ] ] ] ] } },
{ "type": "Feature", "properties": { "geoid": "17031611700", "land_area": 0.32831, "total": 1703.0, "nh_white_alone": 33.0, "nh_black_alone": 249.0, "nh_asian_alone": 0.0, "hispanic": 1421.0, "other": 0.0 }, "geometry": { "type": "MultiPolygon", "coordinates": [ [ [ [ -87.674507, 41.801233 ], [ -87.673294, 41.801245 ], [ -87.67086, 41.801266 ], [ -87.669645, 41.801276 ], [ -87.669544, 41.797634 ], [ -87.669443, 41.793969 ], [ -87.671874, 41.793943 ], [ -87.674301, 41.793916 ], [ -87.674382, 41.796663 ], [ -87.674406, 41.797584 ], [ -87.674507, 41.801233 ] ] ] ] } },
{ "type": "Feature", "properties": { "geoid": "17031843800", "land_area": 1.309516, "total": 1960.0, "nh_white_alone": 406.0, "nh_black_alone": 594.0, "nh_asian_alone": 112.0, "hispanic": 840.0, "other": 8.0 }, "geometry": { "type": "MultiPolygon", "coordinates": [ [ [ [ -87.645538, 41.808864 ], [ -87.640679, 41.808952 ], [ -87.635839, 41.809046 ], [ -87.635622, 41.801767 ], [ -87.635362, 41.794478 ], [ -87.640329, 41.794387 ], [ -87.64516, 41.794302 ], [ -87.645345, 41.801584 ], [ -87.645416, 41.804313 ], [ -87.645538, 41.808864 ] ] ] ] } },
{ "type": "Feature", "properties": { "geoid": "17031842600", "land_area": 3.679417, "total": 4223.0, "nh_white_alone": 1635.0, "nh_black_alone": 304.0, "nh_asian_alone": 650.0, "hispanic": 1478.0, "other": 156.0 }, "geometry": { "type": "MultiPolygon", "coordinates": [ [ [ [ -87.665462, 41.82315 ], [ -87.65598, 41.823316 ], [ -87.645928, 41.823459 ], [ -87.641063, 41.823523 ], [ -87.639841, 41.823539 ], [ -87.636354, 41.823583 ], [ -87.636151, 41.821833 ], [ -87.636036, 41.818152 ], [ -87.635205, 41.816358 ], [ -87.635996, 41.81635 ], [ -87.64125, 41.816258 ], [ -87.640722, 41.810782 ], [ -87.640679, 41.808952 ], [ -87.645538, 41.808864 ], [ -87.650397, 41.808795 ], [ -87.650343, 41.806972 ], [ -87.655198, 41.806912 ], [ -87.65524, 41.808734 ], [ -87.657672, 41.808699 ], [ -87.660106, 41.808669 ], [ -87.662534, 41.808637 ], [ -87.664973, 41.808604 ], [ -87.665064, 41.812222 ], [ -87.665109, 41.81406 ], [ -87.665148, 41.815871 ], [ -87.665462, 41.82315 ] ] ] ] } },
{ "type": "Feature", "properties": { "geoid": "17031839800", "land_area": 0.266175, "total": 2747.0, "nh_white_alone": 1355.0, "nh_black_alone": 37.0, "nh_asian_alone": 782.0, "hispanic": 573.0, "other": 0.0 }, "geometry": { "type": "MultiPolygon", "coordinates": [ [ [ [ -87.646278, 41.838046 ], [ -87.643848, 41.838076 ], [ -87.641416, 41.838107 ], [ -87.641368, 41.836285 ], [ -87.640098, 41.83448 ], [ -87.641325, 41.834464 ], [ -87.641235, 41.830815 ], [ -87.643673, 41.830781 ], [ -87.643757, 41.834432 ], [ -87.646194, 41.834399 ], [ -87.646202, 41.83483 ], [ -87.646278, 41.838046 ] ] ] ] } },
{ "type": "Feature", "properties": { "geoid": "17031839700", "land_area": 0.618387, "total": 4910.0, "nh_white_alone": 1665.0, "nh_black_alone": 120.0, "nh_asian_alone": 1205.0, "hispanic": 1751.0, "other": 169.0 }, "geometry": { "type": "MultiPolygon", "coordinates": [ [ [ [ -87.661801, 41.83784 ], [ -87.66085, 41.837848 ], [ -87.659583, 41.835204 ], [ -87.655946, 41.835188 ], [ -87.653514, 41.835226 ], [ -87.651074, 41.835271 ], [ -87.651063, 41.834766 ], [ -87.648628, 41.834797 ], [ -87.646202, 41.83483 ], [ -87.646194, 41.834399 ], [ -87.643757, 41.834432 ], [ -87.643673, 41.830781 ], [ -87.646106, 41.83075 ], [ -87.648541, 41.830719 ], [ -87.653392, 41.830653 ], [ -87.657326, 41.830601 ], [ -87.657371, 41.83123 ], [ -87.661711, 41.835377 ], [ -87.661801, 41.83784 ] ] ] ] } },
{ "type": "Feature", "properties": { "geoid": "17031840100", "land_area": 0.332956, "total": 2879.0, "nh_white_alone": 783.0, "nh_black_alone": 98.0, "nh_asian_alone": 1299.0, "hispanic": 481.0, "other": 218.0 }, "geometry": { "type": "MultiPolygon", "coordinates": [ [ [ [ -87.6416, 41.846301 ], [ -87.639728, 41.846299 ], [ -87.63835, 41.84593 ], [ -87.638291, 41.843617 ], [ -87.636512, 41.843643 ], [ -87.636376, 41.838173 ], [ -87.641416, 41.838107 ], [ -87.641458, 41.83993 ], [ -87.641497, 41.84175 ], [ -87.64158, 41.845393 ], [ -87.6416, 41.846301 ] ] ] ] } },
{ "type": "Feature", "properties": { "geoid": "17031450300", "land_area": 1.366771, "total": 2968.0, "nh_white_alone": 0.0, "nh_black_alone": 2776.0, "nh_asian_alone": 7.0, "hispanic": 32.0, "other": 153.0 }, "geometry": { "type": "MultiPolygon", "coordinates": [ [ [ [ -87.585824, 41.751506 ], [ -87.585596, 41.751509 ], [ -87.581618, 41.748649 ], [ -87.580235, 41.747655 ], [ -87.575857, 41.744504 ], [ -87.571761, 41.741559 ], [ -87.570933, 41.740962 ], [ -87.566028, 41.737433 ], [ -87.565701, 41.737198 ], [ -87.565997, 41.737193 ], [ -87.573302, 41.737091 ], [ -87.580573, 41.736987 ], [ -87.585637, 41.736913 ], [ -87.585729, 41.740554 ], [ -87.585799, 41.744198 ], [ -87.585824, 41.751506 ] ] ] ] } },
{ "type": "Feature", "properties": { "geoid": "17031440700", "land_area": 0.327461, "total": 1428.0, "nh_white_alone": 0.0, "nh_black_alone": 1116.0, "nh_asian_alone": 22.0, "hispanic": 290.0, "other": 0.0 }, "geometry": { "type": "MultiPolygon", "coordinates": [ [ [ [ -87.614528, 41.736503 ], [ -87.611284, 41.736552 ], [ -87.609673, 41.73658 ], [ -87.604823, 41.736649 ], [ -87.604734, 41.733001 ], [ -87.609581, 41.732926 ], [ -87.614431, 41.732849 ], [ -87.614528, 41.736503 ] ] ] ] } },
{ "type": "Feature", "properties": { "geoid": "17031440202", "land_area": 0.781698, "total": 2608.0, "nh_white_alone": 24.0, "nh_black_alone": 2440.0, "nh_asian_alone": 0.0, "hispanic": 20.0, "other": 124.0 }, "geometry": { "type": "MultiPolygon", "coordinates": [ [ [ [ -87.614819, 41.745638 ], [ -87.612311, 41.744305 ], [ -87.61235, 41.745678 ], [ -87.608719, 41.74574 ], [ -87.607472, 41.744388 ], [ -87.606295, 41.745778 ], [ -87.605084, 41.745798 ], [ -87.605033, 41.74397 ], [ -87.604927, 41.74027 ], [ -87.604823, 41.736649 ], [ -87.609673, 41.73658 ], [ -87.611284, 41.736552 ], [ -87.614528, 41.736503 ], [ -87.614675, 41.741984 ], [ -87.614819, 41.745638 ] ] ] ] } },
{ "type": "Feature", "properties": { "geoid": "17031440101", "land_area": 0.377008, "total": 3582.0, "nh_white_alone": 0.0, "nh_black_alone": 3509.0, "nh_asian_alone": 44.0, "hispanic": 29.0, "other": 0.0 }, "geometry": { "type": "MultiPolygon", "coordinates": [ [ [ [ -87.605215, 41.751286 ], [ -87.601547, 41.751327 ], [ -87.597915, 41.751364 ], [ -87.597235, 41.751369 ], [ -87.597849, 41.747691 ], [ -87.598269, 41.745867 ], [ -87.598938, 41.745859 ], [ -87.598895, 41.745407 ], [ -87.601392, 41.745836 ], [ -87.605084, 41.745798 ], [ -87.605135, 41.747627 ], [ -87.605189, 41.749457 ], [ -87.605215, 41.751286 ] ] ] ] } },
{ "type": "Feature", "properties": { "geoid": "17031834200", "land_area": 0.97544, "total": 4687.0, "nh_white_alone": 8.0, "nh_black_alone": 4479.0, "nh_asian_alone": 2.0, "hispanic": 71.0, "other": 127.0 }, "geometry": { "type": "MultiPolygon", "coordinates": [ [ [ [ -87.595523, 41.758696 ], [ -87.5908, 41.758724 ], [ -87.588368, 41.758745 ], [ -87.586136, 41.758764 ], [ -87.585738, 41.758768 ], [ -87.581042, 41.758822 ], [ -87.576142, 41.758876 ], [ -87.576066, 41.755242 ], [ -87.575982, 41.751606 ], [ -87.580867, 41.751545 ], [ -87.585596, 41.751509 ], [ -87.585824, 41.751506 ], [ -87.585821, 41.751672 ], [ -87.590008, 41.754689 ], [ -87.59121, 41.755553 ], [ -87.593075, 41.756893 ], [ -87.595614, 41.758696 ], [ -87.595523, 41.758696 ] ] ] ] } },
{ "type": "Feature", "properties": { "geoid": "17031491100", "land_area": 1.321949, "total": 4062.0, "nh_white_alone": 40.0, "nh_black_alone": 3850.0, "nh_asian_alone": 7.0, "hispanic": 68.0, "other": 97.0 }, "geometry": { "type": "MultiPolygon", "coordinates": [ [ [ [ -87.642834, 41.706917 ], [ -87.637977, 41.70698 ], [ -87.636763, 41.706995 ], [ -87.633035, 41.707044 ], [ -87.632478, 41.707051 ], [ -87.633017, 41.705234 ], [ -87.63294, 41.702484 ], [ -87.632877, 41.699755 ], [ -87.632778, 41.696115 ], [ -87.63274, 41.694183 ], [ -87.632645, 41.692472 ], [ -87.636336, 41.692428 ], [ -87.637534, 41.692415 ], [ -87.642378, 41.692356 ], [ -87.642608, 41.699641 ], [ -87.642834, 41.706917 ] ] ] ] } },
{ "type": "Feature", "properties": { "geoid": "17031490500", "land_area": 1.424111, "total": 1971.0, "nh_white_alone": 89.0, "nh_black_alone": 1806.0, "nh_asian_alone": 48.0, "hispanic": 21.0, "other": 7.0 }, "geometry": { "type": "MultiPolygon", "coordinates": [ [ [ [ -87.62373, 41.721703 ], [ -87.618986, 41.721809 ], [ -87.616561, 41.721851 ], [ -87.614143, 41.721892 ], [ -87.604482, 41.722044 ], [ -87.603182, 41.722048 ], [ -87.604857, 41.714755 ], [ -87.605074, 41.71381 ], [ -87.605124, 41.713587 ], [ -87.605189, 41.7133 ], [ -87.613944, 41.713162 ], [ -87.613952, 41.713444 ], [ -87.614401, 41.713437 ], [ -87.620117, 41.714542 ], [ -87.622761, 41.716921 ], [ -87.623562, 41.71915 ], [ -87.62373, 41.721703 ] ] ] ] } },
{ "type": "Feature", "properties": { "geoid": "17031480200", "land_area": 0.286108, "total": 1029.0, "nh_white_alone": 0.0, "nh_black_alone": 987.0, "nh_asian_alone": 6.0, "hispanic": 36.0, "other": 0.0 }, "geometry": { "type": "MultiPolygon", "coordinates": [ [ [ [ -87.595308, 41.736783 ], [ -87.590276, 41.736852 ], [ -87.589346, 41.736864 ], [ -87.585637, 41.736913 ], [ -87.585567, 41.733281 ], [ -87.585677, 41.733266 ], [ -87.589269, 41.733219 ], [ -87.592797, 41.733159 ], [ -87.594829, 41.735934 ], [ -87.595308, 41.736783 ] ] ] ] } },
{ "type": "Feature", "properties": { "geoid": "17031480100", "land_area": 0.659618, "total": 1989.0, "nh_white_alone": 0.0, "nh_black_alone": 1962.0, "nh_asian_alone": 0.0, "hispanic": 0.0, "other": 27.0 }, "geometry": { "type": "MultiPolygon", "coordinates": [ [ [ [ -87.585637, 41.736913 ], [ -87.580573, 41.736987 ], [ -87.573302, 41.737091 ], [ -87.565997, 41.737193 ], [ -87.565914, 41.733542 ], [ -87.571987, 41.73346 ], [ -87.57259, 41.733451 ], [ -87.573203, 41.733443 ], [ -87.585567, 41.733281 ], [ -87.585637, 41.736913 ] ] ] ] } },
{ "type": "Feature", "properties": { "geoid": "17031460100", "land_area": 2.964055, "total": 2351.0, "nh_white_alone": 177.0, "nh_black_alone": 1694.0, "nh_asian_alone": 0.0, "hispanic": 382.0, "other": 98.0 }, "geometry": { "type": "MultiPolygon", "coordinates": [ [ [ [ -87.554072, 41.751895 ], [ -87.552288, 41.751919 ], [ -87.552246, 41.751919 ], [ -87.547703, 41.754753 ], [ -87.544418816740304, 41.754662194024 ], [ -87.543265, 41.751997 ], [ -87.531061, 41.748068 ], [ -87.529266969511497, 41.7328594691148 ], [ -87.536545, 41.729635 ], [ -87.539445, 41.734035 ], [ -87.542983, 41.733834 ], [ -87.543075, 41.737485 ], [ -87.545311, 41.737463 ], [ -87.54536, 41.739281 ], [ -87.541735, 41.739335 ], [ -87.541837, 41.744759 ], [ -87.545476, 41.744734 ], [ -87.546685, 41.744718 ], [ -87.551418, 41.744659 ], [ -87.551497, 41.744658 ], [ -87.55294, 41.744637 ], [ -87.553975, 41.744622 ], [ -87.554008, 41.746441 ], [ -87.554043, 41.74826 ], [ -87.554077, 41.750078 ], [ -87.554072, 41.751895 ] ] ] ] } },
{ "type": "Feature", "properties": { "geoid": "17031840800", "land_area": 0.328679, "total": 3457.0, "nh_white_alone": 37.0, "nh_black_alone": 37.0, "nh_asian_alone": 58.0, "hispanic": 3325.0, "other": 0.0 }, "geometry": { "type": "MultiPolygon", "coordinates": [ [ [ [ -87.70991, 41.84445 ], [ -87.70504, 41.844518 ], [ -87.70493, 41.840877 ], [ -87.704823, 41.837233 ], [ -87.709714, 41.837145 ], [ -87.709811, 41.840798 ], [ -87.70991, 41.84445 ] ] ] ] } },
{ "type": "Feature", "properties": { "geoid": "17031430400", "land_area": 0.54773, "total": 3014.0, "nh_white_alone": 116.0, "nh_black_alone": 2625.0, "nh_asian_alone": 0.0, "hispanic": 151.0, "other": 122.0 }, "geometry": { "type": "MultiPolygon", "coordinates": [ [ [ [ -87.59513, 41.760556 ], [ -87.59472, 41.762345 ], [ -87.593324, 41.762354 ], [ -87.593374, 41.764177 ], [ -87.593826, 41.766004 ], [ -87.592445, 41.766011 ], [ -87.590994, 41.766015 ], [ -87.58945, 41.766118 ], [ -87.586329, 41.766121 ], [ -87.586281, 41.764233 ], [ -87.586232, 41.76241 ], [ -87.586185, 41.760589 ], [ -87.586136, 41.758764 ], [ -87.588368, 41.758745 ], [ -87.5908, 41.758724 ], [ -87.595523, 41.758696 ], [ -87.59513, 41.760556 ] ] ] ] } },
{ "type": "Feature", "properties": { "geoid": "17031430300", "land_area": 0.406133, "total": 2708.0, "nh_white_alone": 35.0, "nh_black_alone": 2411.0, "nh_asian_alone": 1.0, "hispanic": 261.0, "other": 0.0 }, "geometry": { "type": "MultiPolygon", "coordinates": [ [ [ [ -87.592845, 41.770565 ], [ -87.592221, 41.773275 ], [ -87.591169, 41.773285 ], [ -87.586296, 41.773339 ], [ -87.586238, 41.769698 ], [ -87.586377, 41.768651 ], [ -87.586329, 41.766121 ], [ -87.58945, 41.766118 ], [ -87.590994, 41.766015 ], [ -87.592445, 41.766011 ], [ -87.592845, 41.770565 ] ] ] ] } },
{ "type": "Feature", "properties": { "geoid": "17031420400", "land_area": 0.245128, "total": 1463.0, "nh_white_alone": 202.0, "nh_black_alone": 806.0, "nh_asian_alone": 262.0, "hispanic": 148.0, "other": 45.0 }, "geometry": { "type": "MultiPolygon", "coordinates": [ [ [ [ -87.606037, 41.785874 ], [ -87.601191, 41.785928 ], [ -87.601148, 41.784111 ], [ -87.601068, 41.780468 ], [ -87.60593, 41.78041 ], [ -87.606009, 41.784058 ], [ -87.606037, 41.785874 ] ] ] ] } },
{ "type": "Feature", "properties": { "geoid": "17031411100", "land_area": 0.283324, "total": 2359.0, "nh_white_alone": 1382.0, "nh_black_alone": 52.0, "nh_asian_alone": 418.0, "hispanic": 159.0, "other": 348.0 }, "geometry": { "type": "MultiPolygon", "coordinates": [ [ [ [ -87.591676, 41.794784 ], [ -87.589202, 41.795077 ], [ -87.587507, 41.795185 ], [ -87.587944, 41.793358 ], [ -87.58831, 41.791541 ], [ -87.588987, 41.791526 ], [ -87.589128, 41.787876 ], [ -87.586635, 41.787901 ], [ -87.586595, 41.786143 ], [ -87.589308, 41.786118 ], [ -87.590342, 41.786106 ], [ -87.591475, 41.786096 ], [ -87.591596, 41.791498 ], [ -87.591676, 41.794784 ] ] ] ] } },
{ "type": "Feature", "properties": { "geoid": "17031410700", "land_area": 0.259923, "total": 2494.0, "nh_white_alone": 978.0, "nh_black_alone": 722.0, "nh_asian_alone": 389.0, "hispanic": 206.0, "other": 199.0 }, "geometry": { "type": "MultiPolygon", "coordinates": [ [ [ [ -87.596677, 41.800923 ], [ -87.591821, 41.800976 ], [ -87.591786, 41.799512 ], [ -87.591748, 41.798046 ], [ -87.592085, 41.795448 ], [ -87.593349, 41.795111 ], [ -87.596544, 41.795066 ], [ -87.59661, 41.797987 ], [ -87.596677, 41.800923 ] ] ] ] } },
{ "type": "Feature", "properties": { "geoid": "17031390700", "land_area": 0.608424, "total": 5837.0, "nh_white_alone": 1594.0, "nh_black_alone": 3045.0, "nh_asian_alone": 558.0, "hispanic": 128.0, "other": 512.0 }, "geometry": { "type": "MultiPolygon", "coordinates": [ [ [ [ -87.592432, 41.809686 ], [ -87.589312, 41.810745 ], [ -87.587786394481199, 41.8112158023417 ], [ -87.586976381862399, 41.810224615459497 ], [ -87.583667044834399, 41.806175084162099 ], [ -87.582187, 41.804364 ], [ -87.582035617271799, 41.803950424777497 ], [ -87.581509117372093, 41.8025120353674 ], [ -87.581947, 41.802443 ], [ -87.586441, 41.802492 ], [ -87.587557, 41.802479 ], [ -87.587861, 41.802475 ], [ -87.591852, 41.802421 ], [ -87.591882, 41.804235 ], [ -87.591916, 41.806054 ], [ -87.59207, 41.809383 ], [ -87.592432, 41.809686 ] ] ] ] } },
{ "type": "Feature", "properties": { "geoid": "17031390500", "land_area": 0.326519, "total": 1753.0, "nh_white_alone": 676.0, "nh_black_alone": 708.0, "nh_asian_alone": 65.0, "hispanic": 130.0, "other": 174.0 }, "geometry": { "type": "MultiPolygon", "coordinates": [ [ [ [ -87.6017, 41.809588 ], [ -87.599265, 41.809614 ], [ -87.596832, 41.809642 ], [ -87.5968, 41.807825 ], [ -87.596768, 41.806003 ], [ -87.596737, 41.804181 ], [ -87.596707, 41.802366 ], [ -87.601367, 41.802315 ], [ -87.601558, 41.802313 ], [ -87.601629, 41.805948 ], [ -87.6017, 41.809588 ] ] ] ] } },
{ "type": "Feature", "properties": { "geoid": "17031390100", "land_area": 0.482752, "total": 1887.0, "nh_white_alone": 178.0, "nh_black_alone": 1449.0, "nh_asian_alone": 64.0, "hispanic": 66.0, "other": 130.0 }, "geometry": { "type": "MultiPolygon", "coordinates": [ [ [ [ -87.598882, 41.816905 ], [ -87.596664, 41.816841 ], [ -87.592462791873103, 41.8169381622697 ], [ -87.587786394481199, 41.8112158023417 ], [ -87.589312, 41.810745 ], [ -87.592432, 41.809686 ], [ -87.596832, 41.809642 ], [ -87.596854, 41.814147 ], [ -87.598882, 41.816905 ] ] ] ] } },
{ "type": "Feature", "properties": { "geoid": "17031280900", "land_area": 0.114689, "total": 1253.0, "nh_white_alone": 186.0, "nh_black_alone": 932.0, "nh_asian_alone": 115.0, "hispanic": 0.0, "other": 20.0 }, "geometry": { "type": "MultiPolygon", "coordinates": [ [ [ [ -87.686431, 41.881162 ], [ -87.68396, 41.881159 ], [ -87.683901, 41.878624 ], [ -87.683828, 41.87612 ], [ -87.686269, 41.876084 ], [ -87.686365, 41.878589 ], [ -87.686431, 41.881162 ] ] ] ] } },
{ "type": "Feature", "properties": { "geoid": "17031770500", "land_area": 6.753655, "total": 4292.0, "nh_white_alone": 485.0, "nh_black_alone": 0.0, "nh_asian_alone": 0.0, "hispanic": 3788.0, "other": 19.0 }, "geometry": { "type": "MultiPolygon", "coordinates": [ [ [ [ -87.959935, 42.02516 ], [ -87.956326, 42.022481 ], [ -87.95433, 42.021244 ], [ -87.950018, 42.019994 ], [ -87.940516, 42.01806 ], [ -87.932305, 42.016334 ], [ -87.920723, 42.013253 ], [ -87.920695, 42.011528 ], [ -87.920619, 42.010775 ], [ -87.92056, 42.008465 ], [ -87.920464, 42.005629 ], [ -87.920505, 42.005077 ], [ -87.920754, 42.003968 ], [ -87.920838, 42.003945 ], [ -87.921516, 42.003853 ], [ -87.929067, 42.004964 ], [ -87.929219, 42.004991 ], [ -87.929251, 42.004996 ], [ -87.933506, 42.005583 ], [ -87.934299, 42.005696 ], [ -87.935283, 42.005871 ], [ -87.935473, 42.005912 ], [ -87.940247, 42.007172 ], [ -87.940097, 42.000792 ], [ -87.94007, 41.99973 ], [ -87.940032, 41.998131 ], [ -87.939946, 41.993481 ], [ -87.947171, 41.993383 ], [ -87.952891, 41.99328 ], [ -87.959231, 41.99317 ], [ -87.959369, 41.99413 ], [ -87.95964, 42.011433 ], [ -87.959713, 42.015025 ], [ -87.959714, 42.015094 ], [ -87.95972, 42.015301 ], [ -87.959722, 42.015371 ], [ -87.959904, 42.023484 ], [ -87.959919, 42.024294 ], [ -87.959925, 42.024639 ], [ -87.959935, 42.02516 ] ] ] ] } },
{ "type": "Feature", "properties": { "geoid": "17031060900", "land_area": 0.499066, "total": 7283.0, "nh_white_alone": 5386.0, "nh_black_alone": 327.0, "nh_asian_alone": 425.0, "hispanic": 781.0, "other": 364.0 }, "geometry": { "type": "MultiPolygon", "coordinates": [ [ [ [ -87.64962, 41.951198 ], [ -87.647849, 41.951642 ], [ -87.645032, 41.952352 ], [ -87.644352, 41.952727 ], [ -87.640738, 41.953851 ], [ -87.637418987275595, 41.948733054716797 ], [ -87.640986, 41.94737 ], [ -87.642207, 41.946872 ], [ -87.642379, 41.946775 ], [ -87.64375, 41.946309 ], [ -87.644426, 41.946081 ], [ -87.645549, 41.947929 ], [ -87.64738, 41.947325 ], [ -87.649486, 41.947315 ], [ -87.649542, 41.949115 ], [ -87.64962, 41.951198 ] ] ] ] } },
{ "type": "Feature", "properties": { "geoid": "17031832100", "land_area": 0.222094, "total": 3957.0, "nh_white_alone": 2052.0, "nh_black_alone": 1042.0, "nh_asian_alone": 82.0, "hispanic": 517.0, "other": 264.0 }, "geometry": { "type": "MultiPolygon", "coordinates": [ [ [ [ -87.656848, 41.953972 ], [ -87.656792, 41.954452 ], [ -87.656136, 41.954462 ], [ -87.654545, 41.954488 ], [ -87.6497, 41.954561 ], [ -87.649654, 41.952748 ], [ -87.64962, 41.951198 ], [ -87.654444, 41.951124 ], [ -87.656806, 41.951087 ], [ -87.656848, 41.953972 ] ] ] ] } },
{ "type": "Feature", "properties": { "geoid": "17031060400", "land_area": 0.325029, "total": 3533.0, "nh_white_alone": 2870.0, "nh_black_alone": 38.0, "nh_asian_alone": 226.0, "hispanic": 211.0, "other": 188.0 }, "geometry": { "type": "MultiPolygon", "coordinates": [ [ [ [ -87.669049, 41.95429 ], [ -87.667519, 41.95431 ], [ -87.664215, 41.954355 ], [ -87.664125, 41.950976 ], [ -87.664067, 41.948889 ], [ -87.664015, 41.947068 ], [ -87.667652, 41.94701 ], [ -87.668858, 41.94699 ], [ -87.668956, 41.95064 ], [ -87.669049, 41.95429 ] ] ] ] } },
{ "type": "Feature", "properties": { "geoid": "17031250800", "land_area": 0.574711, "total": 2742.0, "nh_white_alone": 11.0, "nh_black_alone": 1810.0, "nh_asian_alone": 24.0, "hispanic": 850.0, "other": 47.0 }, "geometry": { "type": "MultiPolygon", "coordinates": [ [ [ [ -87.755926, 41.909 ], [ -87.755796, 41.909501 ], [ -87.752647, 41.909541 ], [ -87.751035, 41.909563 ], [ -87.746114, 41.909626 ], [ -87.746036, 41.905988 ], [ -87.748502, 41.905961 ], [ -87.74842, 41.902327 ], [ -87.752099, 41.902289 ], [ -87.755774, 41.902249 ], [ -87.75586, 41.905875 ], [ -87.755926, 41.909 ] ] ] ] } },
{ "type": "Feature", "properties": { "geoid": "17031250500", "land_area": 2.061581, "total": 7509.0, "nh_white_alone": 2526.0, "nh_black_alone": 1401.0, "nh_asian_alone": 248.0, "hispanic": 2890.0, "other": 444.0 }, "geometry": { "type": "MultiPolygon", "coordinates": [ [ [ [ -87.80623, 41.92336 ], [ -87.804207, 41.922812 ], [ -87.797011, 41.920252 ], [ -87.795116, 41.919538 ], [ -87.789348, 41.917485 ], [ -87.787423, 41.916795 ], [ -87.785226, 41.916452 ], [ -87.785177, 41.914592 ], [ -87.785119, 41.91278 ], [ -87.785002, 41.909148 ], [ -87.793841, 41.909039 ], [ -87.794798, 41.909027 ], [ -87.802113, 41.908934 ], [ -87.805748, 41.908904 ], [ -87.805826, 41.910706 ], [ -87.805891, 41.912533 ], [ -87.806005, 41.916189 ], [ -87.806122, 41.919856 ], [ -87.806226, 41.923093 ], [ -87.80623, 41.92336 ] ] ] ] } },
{ "type": "Feature", "properties": { "geoid": "17031051300", "land_area": 0.322113, "total": 2810.0, "nh_white_alone": 1968.0, "nh_black_alone": 129.0, "nh_asian_alone": 36.0, "hispanic": 515.0, "other": 162.0 }, "geometry": { "type": "MultiPolygon", "coordinates": [ [ [ [ -87.678355, 41.939573 ], [ -87.67344, 41.939633 ], [ -87.673352, 41.935987 ], [ -87.673541, 41.935985 ], [ -87.673426, 41.932342 ], [ -87.678135, 41.932285 ], [ -87.678237, 41.93593 ], [ -87.678355, 41.939573 ] ] ] ] } },
{ "type": "Feature", "properties": { "geoid": "17031050800", "land_area": 0.162818, "total": 1448.0, "nh_white_alone": 957.0, "nh_black_alone": 9.0, "nh_asian_alone": 66.0, "hispanic": 331.0, "other": 85.0 }, "geometry": { "type": "MultiPolygon", "coordinates": [ [ [ [ -87.683406, 41.9468 ], [ -87.678553, 41.946864 ], [ -87.678453, 41.943216 ], [ -87.683301, 41.943157 ], [ -87.683406, 41.9468 ] ] ] ] } },
{ "type": "Feature", "properties": { "geoid": "17031050300", "land_area": 0.380031, "total": 2973.0, "nh_white_alone": 1605.0, "nh_black_alone": 99.0, "nh_asian_alone": 481.0, "hispanic": 566.0, "other": 222.0 }, "geometry": { "type": "MultiPolygon", "coordinates": [ [ [ [ -87.694794, 41.961273 ], [ -87.692353, 41.961289 ], [ -87.691804, 41.961292 ], [ -87.688683, 41.961313 ], [ -87.68863, 41.959492 ], [ -87.688547, 41.956756 ], [ -87.688467, 41.954032 ], [ -87.690877, 41.954013 ], [ -87.692068, 41.954007 ], [ -87.694446, 41.953994 ], [ -87.694794, 41.961273 ] ] ] ] } },
{ "type": "Feature", "properties": { "geoid": "17031050200", "land_area": 0.652253, "total": 5862.0, "nh_white_alone": 4389.0, "nh_black_alone": 194.0, "nh_asian_alone": 331.0, "hispanic": 687.0, "other": 261.0 }, "geometry": { "type": "MultiPolygon", "coordinates": [ [ [ [ -87.688683, 41.961313 ], [ -87.68383, 41.961385 ], [ -87.683149, 41.961399 ], [ -87.678959, 41.961458 ], [ -87.678866, 41.957806 ], [ -87.678754, 41.954162 ], [ -87.681183, 41.954131 ], [ -87.684829, 41.954075 ], [ -87.688467, 41.954032 ], [ -87.688547, 41.956756 ], [ -87.68863, 41.959492 ], [ -87.688683, 41.961313 ] ] ] ] } },
{ "type": "Feature", "properties": { "geoid": "17031040401", "land_area": 0.385796, "total": 3441.0, "nh_white_alone": 2112.0, "nh_black_alone": 110.0, "nh_asian_alone": 332.0, "hispanic": 633.0, "other": 254.0 }, "geometry": { "type": "MultiPolygon", "coordinates": [ [ [ [ -87.689151, 41.975892 ], [ -87.686732, 41.975927 ], [ -87.68429, 41.975961 ], [ -87.683691, 41.97597 ], [ -87.684272, 41.975433 ], [ -87.684193, 41.973128 ], [ -87.684166, 41.972325 ], [ -87.682395, 41.972348 ], [ -87.682336, 41.970529 ], [ -87.68288, 41.969175 ], [ -87.682865, 41.968702 ], [ -87.686474, 41.968647 ], [ -87.688907, 41.968615 ], [ -87.688965, 41.970412 ], [ -87.68903, 41.97225 ], [ -87.689151, 41.975892 ] ] ] ] } },
{ "type": "Feature", "properties": { "geoid": "17031040402", "land_area": 0.602581, "total": 4209.0, "nh_white_alone": 3138.0, "nh_black_alone": 87.0, "nh_asian_alone": 138.0, "hispanic": 674.0, "other": 172.0 }, "geometry": { "type": "MultiPolygon", "coordinates": [ [ [ [ -87.684272, 41.975433 ], [ -87.683691, 41.97597 ], [ -87.679404, 41.976033 ], [ -87.677885, 41.976054 ], [ -87.676407, 41.976075 ], [ -87.674408, 41.976103 ], [ -87.674357, 41.974279 ], [ -87.674313, 41.973368 ], [ -87.674174, 41.968822 ], [ -87.677697, 41.968776 ], [ -87.679186, 41.968756 ], [ -87.680408, 41.968739 ], [ -87.682419, 41.968708 ], [ -87.682865, 41.968702 ], [ -87.68288, 41.969175 ], [ -87.682336, 41.970529 ], [ -87.682395, 41.972348 ], [ -87.684166, 41.972325 ], [ -87.684193, 41.973128 ], [ -87.684272, 41.975433 ] ] ] ] } },
{ "type": "Feature", "properties": { "geoid": "17031040201", "land_area": 0.721413, "total": 7083.0, "nh_white_alone": 5197.0, "nh_black_alone": 219.0, "nh_asian_alone": 354.0, "hispanic": 963.0, "other": 350.0 }, "geometry": { "type": "MultiPolygon", "coordinates": [ [ [ [ -87.698952, 41.976733 ], [ -87.692396, 41.976704 ], [ -87.692347, 41.975867 ], [ -87.691613, 41.976334 ], [ -87.689169, 41.976346 ], [ -87.689151, 41.975892 ], [ -87.68903, 41.97225 ], [ -87.688965, 41.970412 ], [ -87.688907, 41.968615 ], [ -87.691349, 41.968593 ], [ -87.693798, 41.968572 ], [ -87.696244, 41.968553 ], [ -87.698689, 41.968532 ], [ -87.698762, 41.970723 ], [ -87.698839, 41.973086 ], [ -87.698923, 41.975818 ], [ -87.698952, 41.976733 ] ] ] ] } },
{ "type": "Feature", "properties": { "geoid": "17031830700", "land_area": 0.861986, "total": 4285.0, "nh_white_alone": 2035.0, "nh_black_alone": 1210.0, "nh_asian_alone": 494.0, "hispanic": 442.0, "other": 104.0 }, "geometry": { "type": "MultiPolygon", "coordinates": [ [ [ [ -87.664935, 41.961647 ], [ -87.659585, 41.961716 ], [ -87.659644, 41.963522 ], [ -87.659627, 41.965367 ], [ -87.65965, 41.967198 ], [ -87.65967, 41.969025 ], [ -87.657625, 41.969052 ], [ -87.654822, 41.96909 ], [ -87.654798, 41.967272 ], [ -87.654787, 41.96543 ], [ -87.654777, 41.964446 ], [ -87.654769, 41.963607 ], [ -87.654748, 41.961779 ], [ -87.656343, 41.961756 ], [ -87.655975, 41.958424 ], [ -87.656234, 41.958144 ], [ -87.656136, 41.954462 ], [ -87.656792, 41.954452 ], [ -87.66225, 41.954378 ], [ -87.664258, 41.957621 ], [ -87.665954, 41.961635 ], [ -87.664935, 41.961647 ] ] ] ] } },
{ "type": "Feature", "properties": { "geoid": "17031031700", "land_area": 0.477478, "total": 5851.0, "nh_white_alone": 3622.0, "nh_black_alone": 829.0, "nh_asian_alone": 299.0, "hispanic": 757.0, "other": 344.0 }, "geometry": { "type": "MultiPolygon", "coordinates": [ [ [ [ -87.667497, 41.9689 ], [ -87.666199, 41.968923 ], [ -87.65967, 41.969025 ], [ -87.65965, 41.967198 ], [ -87.659627, 41.965367 ], [ -87.659644, 41.963522 ], [ -87.659585, 41.961716 ], [ -87.664935, 41.961647 ], [ -87.665954, 41.961635 ], [ -87.666348, 41.96345 ], [ -87.666734, 41.965271 ], [ -87.667119, 41.967078 ], [ -87.667497, 41.9689 ] ] ] ] } },
{ "type": "Feature", "properties": { "geoid": "17031031000", "land_area": 0.424897, "total": 4108.0, "nh_white_alone": 2624.0, "nh_black_alone": 185.0, "nh_asian_alone": 503.0, "hispanic": 604.0, "other": 192.0 }, "geometry": { "type": "MultiPolygon", "coordinates": [ [ [ [ -87.674408, 41.976103 ], [ -87.668417, 41.976191 ], [ -87.668208, 41.974366 ], [ -87.667835, 41.971875 ], [ -87.667497, 41.9689 ], [ -87.669439, 41.968877 ], [ -87.674174, 41.968822 ], [ -87.674313, 41.973368 ], [ -87.674357, 41.974279 ], [ -87.674408, 41.976103 ] ] ] ] } },
{ "type": "Feature", "properties": { "geoid": "17031030500", "land_area": 0.618133, "total": 6518.0, "nh_white_alone": 3886.0, "nh_black_alone": 420.0, "nh_asian_alone": 332.0, "hispanic": 1219.0, "other": 661.0 }, "geometry": { "type": "MultiPolygon", "coordinates": [ [ [ [ -87.670028, 41.990798 ], [ -87.665165, 41.990856 ], [ -87.661576, 41.990904 ], [ -87.660266, 41.990002 ], [ -87.660181, 41.98727 ], [ -87.66017, 41.986951 ], [ -87.660126, 41.985462 ], [ -87.660069, 41.983622 ], [ -87.663551, 41.98357 ], [ -87.668757, 41.98349 ], [ -87.668964, 41.98445 ], [ -87.669411, 41.986282 ], [ -87.669731, 41.987641 ], [ -87.669797, 41.988047 ], [ -87.670028, 41.990798 ] ] ] ] } },
{ "type": "Feature", "properties": { "geoid": "17031030200", "land_area": 0.666198, "total": 5791.0, "nh_white_alone": 3104.0, "nh_black_alone": 262.0, "nh_asian_alone": 494.0, "hispanic": 1580.0, "other": 351.0 }, "geometry": { "type": "MultiPolygon", "coordinates": [ [ [ [ -87.670623, 41.998075 ], [ -87.667962, 41.998109 ], [ -87.665436, 41.998136 ], [ -87.660553, 41.998189 ], [ -87.660459, 41.996374 ], [ -87.660406, 41.994553 ], [ -87.660339, 41.992286 ], [ -87.660266, 41.990002 ], [ -87.661576, 41.990904 ], [ -87.665165, 41.990856 ], [ -87.670028, 41.990798 ], [ -87.670151, 41.99444 ], [ -87.670304, 41.996941 ], [ -87.670623, 41.998075 ] ] ] ] } },
{ "type": "Feature", "properties": { "geoid": "17031020702", "land_area": 0.704323, "total": 8057.0, "nh_white_alone": 3605.0, "nh_black_alone": 348.0, "nh_asian_alone": 1943.0, "hispanic": 2053.0, "other": 108.0 }, "geometry": { "type": "MultiPolygon", "coordinates": [ [ [ [ -87.71068, 41.997366 ], [ -87.709344, 41.997389 ], [ -87.709362, 41.999213 ], [ -87.708237, 41.999232 ], [ -87.708162, 41.99741 ], [ -87.704514, 41.997476 ], [ -87.70086, 41.997539 ], [ -87.699642, 41.997561 ], [ -87.699516, 41.993978 ], [ -87.699403, 41.990443 ], [ -87.704254, 41.990415 ], [ -87.707371, 41.990395 ], [ -87.709165, 41.990384 ], [ -87.709599, 41.99175 ], [ -87.71068, 41.997366 ] ] ] ] } },
{ "type": "Feature", "properties": { "geoid": "17031830600", "land_area": 0.661394, "total": 4665.0, "nh_white_alone": 1792.0, "nh_black_alone": 911.0, "nh_asian_alone": 385.0, "hispanic": 1388.0, "other": 189.0 }, "geometry": { "type": "MultiPolygon", "coordinates": [ [ [ [ -87.680171, 42.005206 ], [ -87.675227, 42.005302 ], [ -87.674025, 42.005319 ], [ -87.670593, 42.005374 ], [ -87.670543, 42.003549 ], [ -87.668111, 42.003587 ], [ -87.667962, 41.998109 ], [ -87.670623, 41.998075 ], [ -87.675012, 41.997993 ], [ -87.675207, 41.997989 ], [ -87.676837, 41.997959 ], [ -87.677938, 42.000357 ], [ -87.680171, 42.005206 ] ] ] ] } },
{ "type": "Feature", "properties": { "geoid": "17031210100", "land_area": 0.836118, "total": 4206.0, "nh_white_alone": 2007.0, "nh_black_alone": 96.0, "nh_asian_alone": 261.0, "hispanic": 1716.0, "other": 126.0 }, "geometry": { "type": "MultiPolygon", "coordinates": [ [ [ [ -87.707822, 41.946631 ], [ -87.70415, 41.946651 ], [ -87.702926, 41.946654 ], [ -87.698031, 41.946683 ], [ -87.696208, 41.946696 ], [ -87.695199, 41.942369 ], [ -87.692462, 41.939427 ], [ -87.697823, 41.939393 ], [ -87.700277, 41.939377 ], [ -87.701502, 41.939368 ], [ -87.702725, 41.939363 ], [ -87.707698, 41.939331 ], [ -87.707625, 41.939928 ], [ -87.707716, 41.942733 ], [ -87.707822, 41.946631 ] ] ] ] } },
{ "type": "Feature", "properties": { "geoid": "17031200200", "land_area": 0.818684, "total": 4601.0, "nh_white_alone": 427.0, "nh_black_alone": 98.0, "nh_asian_alone": 110.0, "hispanic": 3955.0, "other": 11.0 }, "geometry": { "type": "MultiPolygon", "coordinates": [ [ [ [ -87.741893, 41.931595 ], [ -87.738024, 41.931645 ], [ -87.736815, 41.931661 ], [ -87.735574, 41.931676 ], [ -87.731461, 41.931734 ], [ -87.729569, 41.928081 ], [ -87.727702, 41.924473 ], [ -87.731667, 41.924426 ], [ -87.732891, 41.924411 ], [ -87.73657, 41.924365 ], [ -87.741631, 41.924303 ], [ -87.741746, 41.927278 ], [ -87.741893, 41.931595 ] ] ] ] } },
{ "type": "Feature", "properties": { "geoid": "17031231200", "land_area": 0.656674, "total": 6098.0, "nh_white_alone": 107.0, "nh_black_alone": 3355.0, "nh_asian_alone": 3.0, "hispanic": 2332.0, "other": 301.0 }, "geometry": { "type": "MultiPolygon", "coordinates": [ [ [ [ -87.726303, 41.902671 ], [ -87.723865, 41.902691 ], [ -87.721431, 41.902713 ], [ -87.720215, 41.902723 ], [ -87.716562, 41.902754 ], [ -87.716434, 41.899107 ], [ -87.716314, 41.895461 ], [ -87.718755, 41.895437 ], [ -87.719973, 41.895427 ], [ -87.722412, 41.895401 ], [ -87.723637, 41.89539 ], [ -87.72608, 41.895368 ], [ -87.72614, 41.897201 ], [ -87.726193, 41.89902 ], [ -87.726249, 41.900847 ], [ -87.726303, 41.902671 ] ] ] ] } },
{ "type": "Feature", "properties": { "geoid": "17031836600", "land_area": 0.634181, "total": 2906.0, "nh_white_alone": 703.0, "nh_black_alone": 800.0, "nh_asian_alone": 12.0, "hispanic": 1236.0, "other": 155.0 }, "geometry": { "type": "MultiPolygon", "coordinates": [ [ [ [ -87.711675, 41.902788 ], [ -87.70679, 41.90285 ], [ -87.706674, 41.899195 ], [ -87.701951, 41.899238 ], [ -87.701881, 41.896418 ], [ -87.702204, 41.895595 ], [ -87.706556, 41.895553 ], [ -87.711436, 41.895507 ], [ -87.712655, 41.895495 ], [ -87.713873, 41.895483 ], [ -87.713997, 41.89913 ], [ -87.714057, 41.90095 ], [ -87.711551, 41.900148 ], [ -87.714583, 41.90277 ], [ -87.711675, 41.902788 ] ] ] ] } },
{ "type": "Feature", "properties": { "geoid": "17031230700", "land_area": 0.647089, "total": 5345.0, "nh_white_alone": 398.0, "nh_black_alone": 929.0, "nh_asian_alone": 479.0, "hispanic": 3539.0, "other": 0.0 }, "geometry": { "type": "MultiPolygon", "coordinates": [ [ [ [ -87.726491, 41.909354 ], [ -87.72633, 41.909879 ], [ -87.721673, 41.909936 ], [ -87.721443, 41.90994 ], [ -87.7167, 41.909997 ], [ -87.716777, 41.90942 ], [ -87.716682, 41.906374 ], [ -87.716562, 41.902754 ], [ -87.720215, 41.902723 ], [ -87.721431, 41.902713 ], [ -87.723865, 41.902691 ], [ -87.726303, 41.902671 ], [ -87.726386, 41.905376 ], [ -87.726408, 41.906156 ], [ -87.726491, 41.909354 ] ] ] ] } },
{ "type": "Feature", "properties": { "geoid": "17031230400", "land_area": 0.338511, "total": 2122.0, "nh_white_alone": 447.0, "nh_black_alone": 232.0, "nh_asian_alone": 7.0, "hispanic": 1352.0, "other": 84.0 }, "geometry": { "type": "MultiPolygon", "coordinates": [ [ [ [ -87.726454, 41.91378 ], [ -87.724246, 41.9138 ], [ -87.722109, 41.913651 ], [ -87.71666, 41.913687 ], [ -87.716656, 41.913549 ], [ -87.71657, 41.910762 ], [ -87.7167, 41.909997 ], [ -87.721443, 41.90994 ], [ -87.721673, 41.909936 ], [ -87.72633, 41.909879 ], [ -87.72645, 41.913645 ], [ -87.726454, 41.91378 ] ] ] ] } },
{ "type": "Feature", "properties": { "geoid": "17031222500", "land_area": 0.160675, "total": 1241.0, "nh_white_alone": 955.0, "nh_black_alone": 52.0, "nh_asian_alone": 86.0, "hispanic": 138.0, "other": 10.0 }, "geometry": { "type": "MultiPolygon", "coordinates": [ [ [ [ -87.702089, 41.917445 ], [ -87.699994, 41.917461 ], [ -87.697201, 41.917489 ], [ -87.697094, 41.913907 ], [ -87.697093, 41.91388 ], [ -87.699191, 41.913906 ], [ -87.701979, 41.913885 ], [ -87.702089, 41.917445 ] ] ] ] } },
{ "type": "Feature", "properties": { "geoid": "17031832400", "land_area": 0.323051, "total": 3487.0, "nh_white_alone": 2185.0, "nh_black_alone": 251.0, "nh_asian_alone": 228.0, "hispanic": 693.0, "other": 130.0 }, "geometry": { "type": "MultiPolygon", "coordinates": [ [ [ [ -87.697201, 41.917489 ], [ -87.692306, 41.917531 ], [ -87.688596, 41.917563 ], [ -87.68741, 41.917568 ], [ -87.687362, 41.915701 ], [ -87.687316, 41.913995 ], [ -87.692203, 41.91395 ], [ -87.697094, 41.913907 ], [ -87.697201, 41.917489 ] ] ] ] } },
{ "type": "Feature", "properties": { "geoid": "17031221400", "land_area": 0.355032, "total": 2995.0, "nh_white_alone": 1553.0, "nh_black_alone": 107.0, "nh_asian_alone": 328.0, "hispanic": 678.0, "other": 329.0 }, "geometry": { "type": "MultiPolygon", "coordinates": [ [ [ [ -87.697413, 41.924807 ], [ -87.692843, 41.924852 ], [ -87.692712, 41.920065 ], [ -87.691332, 41.919228 ], [ -87.688596, 41.917563 ], [ -87.692306, 41.917531 ], [ -87.697201, 41.917489 ], [ -87.697219, 41.918142 ], [ -87.69732, 41.921689 ], [ -87.697362, 41.922907 ], [ -87.697413, 41.924807 ] ] ] ] } },
{ "type": "Feature", "properties": { "geoid": "17031221300", "land_area": 0.330104, "total": 2769.0, "nh_white_alone": 1444.0, "nh_black_alone": 131.0, "nh_asian_alone": 180.0, "hispanic": 891.0, "other": 123.0 }, "geometry": { "type": "MultiPolygon", "coordinates": [ [ [ [ -87.702318, 41.924763 ], [ -87.698636, 41.924796 ], [ -87.697413, 41.924807 ], [ -87.697362, 41.922907 ], [ -87.69732, 41.921689 ], [ -87.697219, 41.918142 ], [ -87.697201, 41.917489 ], [ -87.699994, 41.917461 ], [ -87.702089, 41.917445 ], [ -87.702212, 41.921503 ], [ -87.702318, 41.924763 ] ] ] ] } },
{ "type": "Feature", "properties": { "geoid": "17031210900", "land_area": 0.555364, "total": 3060.0, "nh_white_alone": 1603.0, "nh_black_alone": 207.0, "nh_asian_alone": 41.0, "hispanic": 1054.0, "other": 155.0 }, "geometry": { "type": "MultiPolygon", "coordinates": [ [ [ [ -87.697823, 41.939393 ], [ -87.692462, 41.939427 ], [ -87.689974, 41.936659 ], [ -87.687986, 41.936062 ], [ -87.687924, 41.933079 ], [ -87.687904, 41.93217 ], [ -87.692773, 41.93213 ], [ -87.694957, 41.932111 ], [ -87.697618, 41.932096 ], [ -87.697627, 41.932553 ], [ -87.697658, 41.933704 ], [ -87.697683, 41.934457 ], [ -87.697823, 41.939393 ] ] ] ] } },
{ "type": "Feature", "properties": { "geoid": "17031210501", "land_area": 0.313076, "total": 2899.0, "nh_white_alone": 1122.0, "nh_black_alone": 112.0, "nh_asian_alone": 168.0, "hispanic": 1372.0, "other": 125.0 }, "geometry": { "type": "MultiPolygon", "coordinates": [ [ [ [ -87.727185, 41.939095 ], [ -87.723919, 41.939133 ], [ -87.720694, 41.939174 ], [ -87.717399, 41.939216 ], [ -87.717333, 41.937393 ], [ -87.717287, 41.935382 ], [ -87.717278, 41.935091 ], [ -87.71879, 41.936013 ], [ -87.7208, 41.936651 ], [ -87.722182, 41.935483 ], [ -87.724022, 41.93546 ], [ -87.72708, 41.935431 ], [ -87.727185, 41.939095 ] ] ] ] } },
{ "type": "Feature", "properties": { "geoid": "17031243400", "land_area": 0.32839, "total": 2972.0, "nh_white_alone": 1491.0, "nh_black_alone": 128.0, "nh_asian_alone": 179.0, "hispanic": 732.0, "other": 442.0 }, "geometry": { "type": "MultiPolygon", "coordinates": [ [ [ [ -87.662405, 41.89615 ], [ -87.65751, 41.896228 ], [ -87.657385, 41.895227 ], [ -87.657444, 41.893498 ], [ -87.657347, 41.888944 ], [ -87.658926, 41.888924 ], [ -87.662211, 41.889005 ], [ -87.662328, 41.893416 ], [ -87.662354, 41.894328 ], [ -87.662405, 41.89615 ] ] ] ] } },
{ "type": "Feature", "properties": { "geoid": "17031191301", "land_area": 0.674995, "total": 4856.0, "nh_white_alone": 244.0, "nh_black_alone": 291.0, "nh_asian_alone": 365.0, "hispanic": 3855.0, "other": 101.0 }, "geometry": { "type": "MultiPolygon", "coordinates": [ [ [ [ -87.785443, 41.923678 ], [ -87.779356, 41.923771 ], [ -87.778147, 41.923789 ], [ -87.775716, 41.923827 ], [ -87.775093, 41.923383 ], [ -87.775045, 41.922016 ], [ -87.77562, 41.921049 ], [ -87.775604, 41.920559 ], [ -87.774977, 41.91995 ], [ -87.774909, 41.917919 ], [ -87.775515, 41.917911 ], [ -87.77547, 41.916552 ], [ -87.785226, 41.916452 ], [ -87.785277, 41.918228 ], [ -87.785411, 41.922631 ], [ -87.785443, 41.923678 ] ] ] ] } },
{ "type": "Feature", "properties": { "geoid": "17031190702", "land_area": 0.383493, "total": 4392.0, "nh_white_alone": 501.0, "nh_black_alone": 567.0, "nh_asian_alone": 0.0, "hispanic": 3324.0, "other": 0.0 }, "geometry": { "type": "MultiPolygon", "coordinates": [ [ [ [ -87.766131, 41.928085 ], [ -87.761217, 41.928158 ], [ -87.758776, 41.928652 ], [ -87.756314, 41.928683 ], [ -87.756214, 41.925964 ], [ -87.756146, 41.924107 ], [ -87.761068, 41.924045 ], [ -87.765991, 41.923981 ], [ -87.766055, 41.925804 ], [ -87.766131, 41.928085 ] ] ] ] } },
{ "type": "Feature", "properties": { "geoid": "17031190300", "land_area": 0.660302, "total": 5728.0, "nh_white_alone": 1127.0, "nh_black_alone": 196.0, "nh_asian_alone": 211.0, "hispanic": 4131.0, "other": 63.0 }, "geometry": { "type": "MultiPolygon", "coordinates": [ [ [ [ -87.7665, 41.938575 ], [ -87.761596, 41.938638 ], [ -87.75669, 41.9387 ], [ -87.756624, 41.936876 ], [ -87.756557, 41.935052 ], [ -87.756487, 41.933226 ], [ -87.75642, 41.931399 ], [ -87.761335, 41.931337 ], [ -87.765018, 41.931294 ], [ -87.766246, 41.931277 ], [ -87.76631, 41.9331 ], [ -87.766372, 41.934928 ], [ -87.766435, 41.936752 ], [ -87.7665, 41.938575 ] ] ] ] } },
{ "type": "Feature", "properties": { "geoid": "17031190200", "land_area": 0.660108, "total": 5766.0, "nh_white_alone": 713.0, "nh_black_alone": 308.0, "nh_asian_alone": 140.0, "hispanic": 4431.0, "other": 174.0 }, "geometry": { "type": "MultiPolygon", "coordinates": [ [ [ [ -87.75669, 41.9387 ], [ -87.75179, 41.938764 ], [ -87.74934, 41.938795 ], [ -87.746873, 41.938826 ], [ -87.746815, 41.937003 ], [ -87.746741, 41.935181 ], [ -87.746667, 41.933355 ], [ -87.746595, 41.931533 ], [ -87.751505, 41.931467 ], [ -87.75642, 41.931399 ], [ -87.756487, 41.933226 ], [ -87.756557, 41.935052 ], [ -87.756624, 41.936876 ], [ -87.75669, 41.9387 ] ] ] ] } },
{ "type": "Feature", "properties": { "geoid": "17031180100", "land_area": 1.068354, "total": 7040.0, "nh_white_alone": 2516.0, "nh_black_alone": 437.0, "nh_asian_alone": 191.0, "hispanic": 3874.0, "other": 22.0 }, "geometry": { "type": "MultiPolygon", "coordinates": [ [ [ [ -87.806747, 41.937996 ], [ -87.803985, 41.938035 ], [ -87.80303, 41.938051 ], [ -87.799387, 41.938105 ], [ -87.798132, 41.938122 ], [ -87.796915, 41.93814 ], [ -87.792036, 41.938219 ], [ -87.790796, 41.938238 ], [ -87.790659, 41.934594 ], [ -87.790638, 41.930942 ], [ -87.796692, 41.930868 ], [ -87.797915, 41.930852 ], [ -87.800978, 41.930818 ], [ -87.802826, 41.930797 ], [ -87.806251, 41.930789 ], [ -87.806495, 41.930815 ], [ -87.806556, 41.932563 ], [ -87.806624, 41.934511 ], [ -87.806747, 41.937996 ] ] ] ] } },
{ "type": "Feature", "properties": { "geoid": "17031170400", "land_area": 0.769031, "total": 4074.0, "nh_white_alone": 2530.0, "nh_black_alone": 194.0, "nh_asian_alone": 106.0, "hispanic": 1085.0, "other": 159.0 }, "geometry": { "type": "MultiPolygon", "coordinates": [ [ [ [ -87.818505, 41.950751 ], [ -87.818303, 41.952501 ], [ -87.813433, 41.952624 ], [ -87.812225, 41.952651 ], [ -87.80972, 41.952708 ], [ -87.807269, 41.952765 ], [ -87.807134, 41.948899 ], [ -87.807005, 41.945265 ], [ -87.810655, 41.945192 ], [ -87.811825, 41.945171 ], [ -87.814337, 41.94512 ], [ -87.815799, 41.9451 ], [ -87.818009, 41.945257 ], [ -87.818283, 41.946424 ], [ -87.818388, 41.948411 ], [ -87.818505, 41.950751 ] ] ] ] } },
{ "type": "Feature", "properties": { "geoid": "17031161300", "land_area": 0.497602, "total": 3890.0, "nh_white_alone": 1405.0, "nh_black_alone": 67.0, "nh_asian_alone": 109.0, "hispanic": 2171.0, "other": 138.0 }, "geometry": { "type": "MultiPolygon", "coordinates": [ [ [ [ -87.735627, 41.946267 ], [ -87.733748, 41.946293 ], [ -87.73128, 41.946323 ], [ -87.727401, 41.946373 ], [ -87.727377, 41.945614 ], [ -87.727345, 41.94456 ], [ -87.727328, 41.943984 ], [ -87.727185, 41.939095 ], [ -87.729644, 41.939062 ], [ -87.732994, 41.939016 ], [ -87.734567, 41.938995 ], [ -87.734651, 41.941727 ], [ -87.734679, 41.942636 ], [ -87.734764, 41.94553 ], [ -87.73477, 41.945749 ], [ -87.735627, 41.946267 ] ] ] ] } },
{ "type": "Feature", "properties": { "geoid": "17031243300", "land_area": 0.327093, "total": 2340.0, "nh_white_alone": 1612.0, "nh_black_alone": 59.0, "nh_asian_alone": 178.0, "hispanic": 331.0, "other": 160.0 }, "geometry": { "type": "MultiPolygon", "coordinates": [ [ [ [ -87.667292, 41.896074 ], [ -87.662405, 41.89615 ], [ -87.662354, 41.894328 ], [ -87.662328, 41.893416 ], [ -87.662211, 41.889005 ], [ -87.66281, 41.888718 ], [ -87.667069, 41.888852 ], [ -87.667212, 41.893343 ], [ -87.667237, 41.894257 ], [ -87.667292, 41.896074 ] ] ] ] } },
{ "type": "Feature", "properties": { "geoid": "17031062800", "land_area": 0.325611, "total": 3925.0, "nh_white_alone": 2837.0, "nh_black_alone": 20.0, "nh_asian_alone": 173.0, "hispanic": 677.0, "other": 218.0 }, "geometry": { "type": "MultiPolygon", "coordinates": [ [ [ [ -87.663821, 41.939765 ], [ -87.661084, 41.9398 ], [ -87.658969, 41.939838 ], [ -87.658807, 41.935279 ], [ -87.658776, 41.934376 ], [ -87.65871, 41.932556 ], [ -87.661129, 41.932518 ], [ -87.663568, 41.93248 ], [ -87.663624, 41.934297 ], [ -87.663655, 41.935208 ], [ -87.663821, 41.939765 ] ] ] ] } },
{ "type": "Feature", "properties": { "geoid": "17031062500", "land_area": 0.161003, "total": 1435.0, "nh_white_alone": 1109.0, "nh_black_alone": 7.0, "nh_asian_alone": 175.0, "hispanic": 128.0, "other": 16.0 }, "geometry": { "type": "MultiPolygon", "coordinates": [ [ [ [ -87.67356, 41.943277 ], [ -87.668763, 41.943343 ], [ -87.668662, 41.939697 ], [ -87.67344, 41.939633 ], [ -87.673515, 41.941455 ], [ -87.67356, 41.943277 ] ] ] ] } },
{ "type": "Feature", "properties": { "geoid": "17031831900", "land_area": 0.32432, "total": 2991.0, "nh_white_alone": 2439.0, "nh_black_alone": 82.0, "nh_asian_alone": 96.0, "hispanic": 267.0, "other": 107.0 }, "geometry": { "type": "MultiPolygon", "coordinates": [ [ [ [ -87.673625, 41.946928 ], [ -87.668858, 41.94699 ], [ -87.667652, 41.94701 ], [ -87.664015, 41.947068 ], [ -87.663917, 41.943418 ], [ -87.668763, 41.943343 ], [ -87.67356, 41.943277 ], [ -87.673625, 41.946928 ] ] ] ] } },
{ "type": "Feature", "properties": { "geoid": "17031500200", "land_area": 2.042414, "total": 1769.0, "nh_white_alone": 0.0, "nh_black_alone": 1560.0, "nh_asian_alone": 89.0, "hispanic": 120.0, "other": 0.0 }, "geometry": { "type": "MultiPolygon", "coordinates": [ [ [ [ -87.609012, 41.696444 ], [ -87.607553, 41.702838 ], [ -87.607354, 41.703757 ], [ -87.606518, 41.707433 ], [ -87.596317, 41.70761 ], [ -87.5873, 41.70775 ], [ -87.587072, 41.706574 ], [ -87.591928, 41.703134 ], [ -87.59485, 41.698762 ], [ -87.59829, 41.692368 ], [ -87.600362, 41.692843 ], [ -87.607205, 41.692804 ], [ -87.60986, 41.692771 ], [ -87.609012, 41.696444 ] ] ] ] } },
{ "type": "Feature", "properties": { "geoid": "17031750600", "land_area": 1.31635, "total": 3418.0, "nh_white_alone": 36.0, "nh_black_alone": 3182.0, "nh_asian_alone": 0.0, "hispanic": 163.0, "other": 37.0 }, "geometry": { "type": "MultiPolygon", "coordinates": [ [ [ [ -87.661844, 41.692117 ], [ -87.660545, 41.692136 ], [ -87.656975, 41.692182 ], [ -87.649676, 41.692268 ], [ -87.648889, 41.692276 ], [ -87.647243, 41.692298 ], [ -87.642378, 41.692356 ], [ -87.642266, 41.68872 ], [ -87.642208, 41.686903 ], [ -87.642152, 41.685082 ], [ -87.647016, 41.685017 ], [ -87.649446, 41.684986 ], [ -87.651875, 41.684952 ], [ -87.656742, 41.684886 ], [ -87.661599, 41.68482 ], [ -87.660786, 41.689293 ], [ -87.663371, 41.689665 ], [ -87.661844, 41.692117 ] ] ] ] } },
{ "type": "Feature", "properties": { "geoid": "17031530400", "land_area": 1.312063, "total": 2102.0, "nh_white_alone": 11.0, "nh_black_alone": 1932.0, "nh_asian_alone": 0.0, "hispanic": 17.0, "other": 142.0 }, "geometry": { "type": "MultiPolygon", "coordinates": [ [ [ [ -87.661365, 41.677544 ], [ -87.656519, 41.677611 ], [ -87.652208, 41.67767 ], [ -87.651744, 41.677677 ], [ -87.646778, 41.677746 ], [ -87.641907, 41.677815 ], [ -87.641843, 41.675993 ], [ -87.64167, 41.670539 ], [ -87.651411, 41.670393 ], [ -87.652627, 41.670373 ], [ -87.657114, 41.670306 ], [ -87.658795, 41.670335 ], [ -87.659547, 41.670319 ], [ -87.661151, 41.67033 ], [ -87.661365, 41.677544 ] ] ] ] } },
{ "type": "Feature", "properties": { "geoid": "17031491400", "land_area": 0.829869, "total": 2515.0, "nh_white_alone": 11.0, "nh_black_alone": 2344.0, "nh_asian_alone": 0.0, "hispanic": 41.0, "other": 119.0 }, "geometry": { "type": "MultiPolygon", "coordinates": [ [ [ [ -87.623104, 41.692585 ], [ -87.618262, 41.692652 ], [ -87.613376, 41.692738 ], [ -87.60986, 41.692771 ], [ -87.611439, 41.685725 ], [ -87.611395, 41.685442 ], [ -87.612322, 41.685433 ], [ -87.612513, 41.685432 ], [ -87.6168, 41.685385 ], [ -87.61805, 41.685375 ], [ -87.62289, 41.685322 ], [ -87.622997, 41.688956 ], [ -87.623077, 41.691678 ], [ -87.623104, 41.692585 ] ] ] ] } },
{ "type": "Feature", "properties": { "geoid": "17031814200", "land_area": 2.449564, "total": 8078.0, "nh_white_alone": 248.0, "nh_black_alone": 311.0, "nh_asian_alone": 17.0, "hispanic": 7501.0, "other": 1.0 }, "geometry": { "type": "MultiPolygon", "coordinates": [ [ [ [ -87.753952, 41.844744 ], [ -87.751423, 41.844784 ], [ -87.748978, 41.844928 ], [ -87.74864, 41.844758 ], [ -87.746502, 41.844857 ], [ -87.744193, 41.844828 ], [ -87.744047, 41.844841 ], [ -87.743724, 41.844872 ], [ -87.739221, 41.845979 ], [ -87.739198, 41.845473 ], [ -87.738908, 41.837137 ], [ -87.739152, 41.836718 ], [ -87.738875, 41.834283 ], [ -87.738654, 41.822132 ], [ -87.741254, 41.822232 ], [ -87.74354, 41.822167 ], [ -87.743605, 41.829316 ], [ -87.753508, 41.829174 ], [ -87.753582, 41.833789 ], [ -87.753607, 41.834704 ], [ -87.75363, 41.835614 ], [ -87.753672, 41.838354 ], [ -87.753718, 41.839972 ], [ -87.753752, 41.840863 ], [ -87.753952, 41.844744 ] ] ] ] } },
{ "type": "Feature", "properties": { "geoid": "17031720200", "land_area": 1.672473, "total": 3868.0, "nh_white_alone": 1797.0, "nh_black_alone": 1767.0, "nh_asian_alone": 1.0, "hispanic": 196.0, "other": 107.0 }, "geometry": { "type": "MultiPolygon", "coordinates": [ [ [ [ -87.673616, 41.710152 ], [ -87.672062, 41.710188 ], [ -87.672255, 41.717443 ], [ -87.672353, 41.721124 ], [ -87.669151, 41.721164 ], [ -87.668339, 41.721181 ], [ -87.66742, 41.721188 ], [ -87.663477, 41.721246 ], [ -87.663029, 41.718387 ], [ -87.659764, 41.714004 ], [ -87.656146, 41.706784 ], [ -87.658641, 41.706748 ], [ -87.662084, 41.706701 ], [ -87.667105, 41.706615 ], [ -87.670697, 41.706563 ], [ -87.672081, 41.706538 ], [ -87.673506, 41.708031 ], [ -87.673616, 41.710152 ] ] ] ] } },
{ "type": "Feature", "properties": { "geoid": "17031711400", "land_area": 0.745157, "total": 2672.0, "nh_white_alone": 14.0, "nh_black_alone": 2316.0, "nh_asian_alone": 0.0, "hispanic": 305.0, "other": 37.0 }, "geometry": { "type": "MultiPolygon", "coordinates": [ [ [ [ -87.663065, 41.73579 ], [ -87.660635, 41.735827 ], [ -87.658205, 41.735862 ], [ -87.656987, 41.735879 ], [ -87.65334, 41.735935 ], [ -87.652128, 41.735953 ], [ -87.648492, 41.736003 ], [ -87.643611, 41.73607 ], [ -87.643521, 41.732551 ], [ -87.64341, 41.728769 ], [ -87.644526, 41.730001 ], [ -87.647951, 41.7287 ], [ -87.646513, 41.732527 ], [ -87.650816, 41.732435 ], [ -87.652026, 41.732417 ], [ -87.653239, 41.732386 ], [ -87.655668, 41.732366 ], [ -87.656885, 41.73235 ], [ -87.66053, 41.732298 ], [ -87.662961, 41.732189 ], [ -87.663015, 41.733972 ], [ -87.663065, 41.73579 ] ] ] ] } },
{ "type": "Feature", "properties": { "geoid": "17031711100", "land_area": 0.653926, "total": 2575.0, "nh_white_alone": 0.0, "nh_black_alone": 2575.0, "nh_asian_alone": 0.0, "hispanic": 0.0, "other": 0.0 }, "geometry": { "type": "MultiPolygon", "coordinates": [ [ [ [ -87.663252, 41.743077 ], [ -87.657185, 41.74316 ], [ -87.65597, 41.743177 ], [ -87.653539, 41.743216 ], [ -87.653441, 41.739577 ], [ -87.653392, 41.737754 ], [ -87.65334, 41.735935 ], [ -87.656987, 41.735879 ], [ -87.658205, 41.735862 ], [ -87.660635, 41.735827 ], [ -87.663065, 41.73579 ], [ -87.663157, 41.739432 ], [ -87.663205, 41.741252 ], [ -87.663252, 41.743077 ] ] ] ] } },
{ "type": "Feature", "properties": { "geoid": "17031710200", "land_area": 0.741782, "total": 3676.0, "nh_white_alone": 0.0, "nh_black_alone": 3676.0, "nh_asian_alone": 0.0, "hispanic": 0.0, "other": 0.0 }, "geometry": { "type": "MultiPolygon", "coordinates": [ [ [ [ -87.658777, 41.757734 ], [ -87.653929, 41.757846 ], [ -87.651505, 41.757878 ], [ -87.649081, 41.75792 ], [ -87.646659, 41.757957 ], [ -87.644232, 41.757994 ], [ -87.644184, 41.756088 ], [ -87.644089, 41.752455 ], [ -87.646515, 41.752425 ], [ -87.647727, 41.752408 ], [ -87.64894, 41.75239 ], [ -87.650151, 41.752372 ], [ -87.651363, 41.752354 ], [ -87.653786, 41.752318 ], [ -87.658634, 41.752248 ], [ -87.658777, 41.757734 ] ] ] ] } },
{ "type": "Feature", "properties": { "geoid": "17031700501", "land_area": 1.67034, "total": 6924.0, "nh_white_alone": 203.0, "nh_black_alone": 6445.0, "nh_asian_alone": 52.0, "hispanic": 156.0, "other": 68.0 }, "geometry": { "type": "MultiPolygon", "coordinates": [ [ [ [ -87.702394, 41.749774 ], [ -87.701919, 41.749773 ], [ -87.695068, 41.749869 ], [ -87.688959, 41.750011 ], [ -87.682847, 41.750109 ], [ -87.678239, 41.750167 ], [ -87.67836, 41.746532 ], [ -87.678037, 41.744733 ], [ -87.677901, 41.74288 ], [ -87.682679, 41.742816 ], [ -87.687715, 41.742735 ], [ -87.687719, 41.742288 ], [ -87.689828, 41.742254 ], [ -87.695536, 41.742166 ], [ -87.69554, 41.742607 ], [ -87.698311, 41.742561 ], [ -87.698305, 41.742102 ], [ -87.702185, 41.742039 ], [ -87.702292, 41.746152 ], [ -87.702343, 41.747978 ], [ -87.702394, 41.749774 ] ] ] ] } },
{ "type": "Feature", "properties": { "geoid": "17031823400", "land_area": 5.160342, "total": 4962.0, "nh_white_alone": 1195.0, "nh_black_alone": 1494.0, "nh_asian_alone": 0.0, "hispanic": 2228.0, "other": 45.0 }, "geometry": { "type": "MultiPolygon", "coordinates": [ [ [ [ -87.709901, 41.676837 ], [ -87.705939, 41.676891 ], [ -87.700284, 41.67697 ], [ -87.695354, 41.677048 ], [ -87.686363, 41.677205 ], [ -87.685602, 41.677214 ], [ -87.685474, 41.673574 ], [ -87.685341, 41.669926 ], [ -87.685278, 41.668105 ], [ -87.685157, 41.66446 ], [ -87.685098, 41.66264 ], [ -87.687525, 41.662596 ], [ -87.68741, 41.659871 ], [ -87.687796, 41.658869 ], [ -87.687357, 41.65705 ], [ -87.684886, 41.65709 ], [ -87.684806, 41.655365 ], [ -87.680072, 41.655443 ], [ -87.680026, 41.653663 ], [ -87.679899, 41.652791 ], [ -87.679927, 41.652461 ], [ -87.687855, 41.652531 ], [ -87.689919, 41.6525 ], [ -87.701626, 41.652201 ], [ -87.704167, 41.651948 ], [ -87.7043, 41.654961 ], [ -87.704304, 41.655016 ], [ -87.704481, 41.659545 ], [ -87.704528, 41.660707 ], [ -87.708094, 41.662257 ], [ -87.709528, 41.662236 ], [ -87.709557, 41.665692 ], [ -87.709762, 41.669507 ], [ -87.710178, 41.675057 ], [ -87.709901, 41.676837 ] ] ] ] } },
{ "type": "Feature", "properties": { "geoid": "17031823500", "land_area": 1.112872, "total": 4213.0, "nh_white_alone": 1137.0, "nh_black_alone": 971.0, "nh_asian_alone": 0.0, "hispanic": 1999.0, "other": 106.0 }, "geometry": { "type": "MultiPolygon", "coordinates": [ [ [ [ -87.68741, 41.659871 ], [ -87.687525, 41.662596 ], [ -87.685098, 41.66264 ], [ -87.685157, 41.66446 ], [ -87.685278, 41.668105 ], [ -87.685341, 41.669926 ], [ -87.685474, 41.673574 ], [ -87.685602, 41.677214 ], [ -87.684377, 41.677237 ], [ -87.681681, 41.6773 ], [ -87.680696, 41.677257 ], [ -87.680587, 41.673656 ], [ -87.680582, 41.673547 ], [ -87.680553, 41.672618 ], [ -87.680466, 41.669885 ], [ -87.680333, 41.665737 ], [ -87.680291, 41.664546 ], [ -87.680207, 41.662703 ], [ -87.680106, 41.659989 ], [ -87.680072, 41.655443 ], [ -87.684806, 41.655365 ], [ -87.684886, 41.65709 ], [ -87.687357, 41.65705 ], [ -87.687796, 41.658869 ], [ -87.68741, 41.659871 ] ] ] ] } },
{ "type": "Feature", "properties": { "geoid": "17031823304", "land_area": 3.553267, "total": 5977.0, "nh_white_alone": 2782.0, "nh_black_alone": 1420.0, "nh_asian_alone": 28.0, "hispanic": 1546.0, "other": 201.0 }, "geometry": { "type": "MultiPolygon", "coordinates": [ [ [ [ -87.720065, 41.683967 ], [ -87.718911, 41.683983 ], [ -87.715154, 41.684042 ], [ -87.711516, 41.684093 ], [ -87.71136, 41.680438 ], [ -87.71013, 41.680479 ], [ -87.705285, 41.680579 ], [ -87.705417, 41.684187 ], [ -87.700553, 41.684263 ], [ -87.700624, 41.686134 ], [ -87.699473, 41.687933 ], [ -87.695717, 41.688032 ], [ -87.695895, 41.691625 ], [ -87.695953, 41.692537 ], [ -87.696152, 41.69896 ], [ -87.6912, 41.698986 ], [ -87.690967, 41.692284 ], [ -87.690943, 41.691688 ], [ -87.690874, 41.688145 ], [ -87.690823, 41.684402 ], [ -87.685864, 41.684475 ], [ -87.68576, 41.678619 ], [ -87.686363, 41.677205 ], [ -87.695354, 41.677048 ], [ -87.700284, 41.67697 ], [ -87.705939, 41.676891 ], [ -87.709901, 41.676837 ], [ -87.710178, 41.675057 ], [ -87.709762, 41.669507 ], [ -87.719414, 41.669416 ], [ -87.719522, 41.671152 ], [ -87.719739, 41.676673 ], [ -87.719889, 41.680321 ], [ -87.720065, 41.683967 ] ] ] ] } },
{ "type": "Feature", "properties": { "geoid": "17031820502", "land_area": 3.645914, "total": 5873.0, "nh_white_alone": 3291.0, "nh_black_alone": 339.0, "nh_asian_alone": 10.0, "hispanic": 2172.0, "other": 61.0 }, "geometry": { "type": "MultiPolygon", "coordinates": [ [ [ [ -87.812039, 41.774378 ], [ -87.80805, 41.774382 ], [ -87.805692, 41.774432 ], [ -87.804362, 41.772386 ], [ -87.801016, 41.776265 ], [ -87.800865, 41.775807 ], [ -87.800806, 41.773709 ], [ -87.800677, 41.770485 ], [ -87.800578, 41.7697 ], [ -87.800657, 41.766362 ], [ -87.800287, 41.762699 ], [ -87.800011, 41.75584 ], [ -87.799992, 41.755392 ], [ -87.799814, 41.750508 ], [ -87.799798, 41.749917 ], [ -87.799744, 41.748134 ], [ -87.799572, 41.744457 ], [ -87.799467, 41.741954 ], [ -87.799457, 41.741717 ], [ -87.799417, 41.740798 ], [ -87.799339, 41.738967 ], [ -87.799318, 41.738457 ], [ -87.799246, 41.736639 ], [ -87.799196, 41.735317 ], [ -87.799102, 41.7335 ], [ -87.808825, 41.733412 ], [ -87.809092, 41.74046 ], [ -87.809127, 41.741409 ], [ -87.809393, 41.74789 ], [ -87.809593, 41.753446 ], [ -87.809992, 41.762485 ], [ -87.810097, 41.766693 ], [ -87.81018, 41.768741 ], [ -87.810203, 41.769502 ], [ -87.810825, 41.772499 ], [ -87.812039, 41.774378 ] ] ] ] } },
{ "type": "Feature", "properties": { "geoid": "17031530600", "land_area": 0.966243, "total": 2620.0, "nh_white_alone": 0.0, "nh_black_alone": 2596.0, "nh_asian_alone": 0.0, "hispanic": 17.0, "other": 7.0 }, "geometry": { "type": "MultiPolygon", "coordinates": [ [ [ [ -87.622658, 41.678026 ], [ -87.617821, 41.678099 ], [ -87.616592, 41.678117 ], [ -87.613911, 41.678158 ], [ -87.618314, 41.659097 ], [ -87.618876, 41.659079 ], [ -87.619846, 41.661134 ], [ -87.621746, 41.661734 ], [ -87.621951, 41.66326 ], [ -87.622088, 41.663452 ], [ -87.622232, 41.666347 ], [ -87.62244, 41.670733 ], [ -87.622522, 41.673467 ], [ -87.622658, 41.678026 ] ] ] ] } },
{ "type": "Feature", "properties": { "geoid": "17031823200", "land_area": 7.502426, "total": 4494.0, "nh_white_alone": 2251.0, "nh_black_alone": 345.0, "nh_asian_alone": 247.0, "hispanic": 1375.0, "other": 276.0 }, "geometry": { "type": "MultiPolygon", "coordinates": [ [ [ [ -87.778572, 41.682971 ], [ -87.773166, 41.683049 ], [ -87.768725, 41.683111 ], [ -87.759212, 41.68324 ], [ -87.758912, 41.683246 ], [ -87.758917, 41.683384 ], [ -87.759205, 41.690418 ], [ -87.75921, 41.690553 ], [ -87.750266, 41.690833 ], [ -87.749383, 41.690698 ], [ -87.744584, 41.690765 ], [ -87.73973, 41.690891 ], [ -87.739449, 41.683632 ], [ -87.738827, 41.678921 ], [ -87.738843, 41.676884 ], [ -87.738957, 41.676361 ], [ -87.73911, 41.675127 ], [ -87.738887, 41.66904 ], [ -87.738769, 41.667974 ], [ -87.738498, 41.661739 ], [ -87.738384, 41.655738 ], [ -87.738375, 41.655462 ], [ -87.748336, 41.660622 ], [ -87.749734, 41.661541 ], [ -87.758051, 41.666233 ], [ -87.766551, 41.670733 ], [ -87.778159, 41.674082 ], [ -87.778206, 41.675603 ], [ -87.778239, 41.676861 ], [ -87.778385, 41.679514 ], [ -87.778572, 41.682971 ] ] ] ] } },
{ "type": "Feature", "properties": { "geoid": "17031822802", "land_area": 1.305003, "total": 3400.0, "nh_white_alone": 2630.0, "nh_black_alone": 72.0, "nh_asian_alone": 0.0, "hispanic": 670.0, "other": 28.0 }, "geometry": { "type": "MultiPolygon", "coordinates": [ [ [ [ -87.740133, 41.701903 ], [ -87.736481, 41.701964 ], [ -87.730448, 41.702064 ], [ -87.724389, 41.702167 ], [ -87.720759, 41.702225 ], [ -87.720639, 41.698566 ], [ -87.720519, 41.69595 ], [ -87.72052, 41.694854 ], [ -87.720317, 41.691271 ], [ -87.730073, 41.691141 ], [ -87.730175, 41.694748 ], [ -87.730275, 41.697459 ], [ -87.730313, 41.698407 ], [ -87.735157, 41.698322 ], [ -87.740001, 41.698244 ], [ -87.740133, 41.701903 ] ] ] ] } },
{ "type": "Feature", "properties": { "geoid": "17031821900", "land_area": 1.905035, "total": 5115.0, "nh_white_alone": 2885.0, "nh_black_alone": 788.0, "nh_asian_alone": 214.0, "hispanic": 974.0, "other": 254.0 }, "geometry": { "type": "MultiPolygon", "coordinates": [ [ [ [ -87.711356, 41.713314 ], [ -87.705266, 41.713401 ], [ -87.704034, 41.713419 ], [ -87.701585, 41.713461 ], [ -87.698856, 41.713474 ], [ -87.696673, 41.713513 ], [ -87.696774, 41.717164 ], [ -87.695548, 41.717178 ], [ -87.694313, 41.717191 ], [ -87.69184, 41.717211 ], [ -87.691713, 41.717203 ], [ -87.686926, 41.717262 ], [ -87.687034, 41.720894 ], [ -87.682067, 41.72094 ], [ -87.681962, 41.717284 ], [ -87.681843, 41.713672 ], [ -87.686804, 41.713619 ], [ -87.691732, 41.713566 ], [ -87.691646, 41.710837 ], [ -87.691535, 41.707218 ], [ -87.696451, 41.707151 ], [ -87.701371, 41.707085 ], [ -87.701325, 41.706186 ], [ -87.705038, 41.706141 ], [ -87.711123, 41.706079 ], [ -87.711299, 41.711491 ], [ -87.711356, 41.713314 ] ] ] ] } },
{ "type": "Feature", "properties": { "geoid": "17031820800", "land_area": 5.632378, "total": 3403.0, "nh_white_alone": 1000.0, "nh_black_alone": 26.0, "nh_asian_alone": 33.0, "hispanic": 2342.0, "other": 2.0 }, "geometry": { "type": "MultiPolygon", "coordinates": [ [ [ [ -87.802112, 41.810321 ], [ -87.799621, 41.810361 ], [ -87.782375, 41.810799 ], [ -87.782504, 41.814341 ], [ -87.75946, 41.81484 ], [ -87.753855, 41.814932 ], [ -87.75296, 41.814677 ], [ -87.750524, 41.814774 ], [ -87.748942, 41.814736 ], [ -87.753119, 41.813442 ], [ -87.752961, 41.812974 ], [ -87.752998, 41.811142 ], [ -87.752901, 41.807566 ], [ -87.752912, 41.807494 ], [ -87.752836, 41.803843 ], [ -87.752736, 41.800187 ], [ -87.762538, 41.800058 ], [ -87.767397, 41.799984 ], [ -87.77228, 41.799884 ], [ -87.775933, 41.799787 ], [ -87.778381, 41.799737 ], [ -87.782031, 41.799668 ], [ -87.785689, 41.799639 ], [ -87.788128, 41.799602 ], [ -87.790383, 41.799556 ], [ -87.791864, 41.79949 ], [ -87.794214, 41.799457 ], [ -87.795436, 41.799434 ], [ -87.796859, 41.799551 ], [ -87.802094, 41.797847 ], [ -87.801738, 41.798559 ], [ -87.801791, 41.799297 ], [ -87.801764, 41.800777 ], [ -87.801961, 41.806424 ], [ -87.802042, 41.808501 ], [ -87.802112, 41.810321 ] ] ] ] } },
{ "type": "Feature", "properties": { "geoid": "17031842200", "land_area": 1.407941, "total": 3807.0, "nh_white_alone": 2661.0, "nh_black_alone": 370.0, "nh_asian_alone": 408.0, "hispanic": 94.0, "other": 274.0 }, "geometry": { "type": "MultiPolygon", "coordinates": [ [ [ [ -87.657923, 41.907196 ], [ -87.656873, 41.910785 ], [ -87.655912, 41.910794 ], [ -87.653107, 41.91084 ], [ -87.649501, 41.9109 ], [ -87.648272, 41.91092 ], [ -87.647076, 41.910937 ], [ -87.643431, 41.911018 ], [ -87.643299, 41.906447 ], [ -87.64322, 41.903716 ], [ -87.643092, 41.900413 ], [ -87.642929, 41.896476 ], [ -87.644139, 41.896456 ], [ -87.644713, 41.897497 ], [ -87.647832, 41.898041 ], [ -87.65126, 41.899722 ], [ -87.655118, 41.900646 ], [ -87.657364, 41.903502 ], [ -87.658011, 41.904147 ], [ -87.657923, 41.907196 ] ] ] ] } },
{ "type": "Feature", "properties": { "geoid": "17031240500", "land_area": 0.233803, "total": 2329.0, "nh_white_alone": 1817.0, "nh_black_alone": 13.0, "nh_asian_alone": 156.0, "hispanic": 261.0, "other": 82.0 }, "geometry": { "type": "MultiPolygon", "coordinates": [ [ [ [ -87.687316, 41.913995 ], [ -87.684682, 41.914035 ], [ -87.683155, 41.914059 ], [ -87.68242, 41.913582 ], [ -87.677463, 41.91047 ], [ -87.679907, 41.91044 ], [ -87.682347, 41.910393 ], [ -87.684782, 41.910357 ], [ -87.687221, 41.910321 ], [ -87.687316, 41.913995 ] ] ] ] } },
{ "type": "Feature", "properties": { "geoid": "17031240700", "land_area": 0.165872, "total": 1509.0, "nh_white_alone": 801.0, "nh_black_alone": 164.0, "nh_asian_alone": 35.0, "hispanic": 462.0, "other": 47.0 }, "geometry": { "type": "MultiPolygon", "coordinates": [ [ [ [ -87.697094, 41.913907 ], [ -87.692203, 41.91395 ], [ -87.69211, 41.910277 ], [ -87.694542, 41.910249 ], [ -87.697034, 41.910227 ], [ -87.697093, 41.91388 ], [ -87.697094, 41.913907 ] ] ] ] } },
{ "type": "Feature", "properties": { "geoid": "17031240900", "land_area": 0.958058, "total": 1247.0, "nh_white_alone": 429.0, "nh_black_alone": 224.0, "nh_asian_alone": 138.0, "hispanic": 372.0, "other": 84.0 }, "geometry": { "type": "MultiPolygon", "coordinates": [ [ [ [ -87.707, 41.909855 ], [ -87.706877, 41.910147 ], [ -87.701866, 41.910172 ], [ -87.699091, 41.910189 ], [ -87.697034, 41.910227 ], [ -87.696947, 41.905664 ], [ -87.696879, 41.902925 ], [ -87.696815, 41.900199 ], [ -87.696791, 41.899283 ], [ -87.701951, 41.899238 ], [ -87.706674, 41.899195 ], [ -87.70679, 41.90285 ], [ -87.706903, 41.906477 ], [ -87.707, 41.909855 ] ] ] ] } },
{ "type": "Feature", "properties": { "geoid": "17031260200", "land_area": 0.328451, "total": 1209.0, "nh_white_alone": 8.0, "nh_black_alone": 1022.0, "nh_asian_alone": 22.0, "hispanic": 143.0, "other": 14.0 }, "geometry": { "type": "MultiPolygon", "coordinates": [ [ [ [ -87.730786, 41.887944 ], [ -87.725873, 41.887957 ], [ -87.72567, 41.880727 ], [ -87.730574, 41.880667 ], [ -87.730786, 41.887944 ] ] ] ] } },
{ "type": "Feature", "properties": { "geoid": "17031270500", "land_area": 0.561347, "total": 1426.0, "nh_white_alone": 63.0, "nh_black_alone": 1363.0, "nh_asian_alone": 0.0, "hispanic": 0.0, "other": 0.0 }, "geometry": { "type": "MultiPolygon", "coordinates": [ [ [ [ -87.72082, 41.881897 ], [ -87.713845, 41.881266 ], [ -87.711061, 41.882743 ], [ -87.711006, 41.880917 ], [ -87.715894, 41.880856 ], [ -87.715658, 41.873568 ], [ -87.715559, 41.870839 ], [ -87.715535, 41.869943 ], [ -87.720239, 41.869869 ], [ -87.720271, 41.870785 ], [ -87.720365, 41.873515 ], [ -87.720655, 41.875799 ], [ -87.720706, 41.877149 ], [ -87.720829, 41.880788 ], [ -87.72082, 41.881897 ] ] ] ] } },
{ "type": "Feature", "properties": { "geoid": "17031271300", "land_area": 0.327413, "total": 953.0, "nh_white_alone": 22.0, "nh_black_alone": 814.0, "nh_asian_alone": 0.0, "hispanic": 21.0, "other": 96.0 }, "geometry": { "type": "MultiPolygon", "coordinates": [ [ [ [ -87.711006, 41.880917 ], [ -87.706123, 41.880973 ], [ -87.705971, 41.875876 ], [ -87.705926, 41.874256 ], [ -87.705917, 41.873688 ], [ -87.710782, 41.873628 ], [ -87.71079, 41.873904 ], [ -87.711006, 41.880917 ] ] ] ] } },
{ "type": "Feature", "properties": { "geoid": "17031310500", "land_area": 0.161938, "total": 1356.0, "nh_white_alone": 326.0, "nh_black_alone": 67.0, "nh_asian_alone": 31.0, "hispanic": 932.0, "other": 0.0 }, "geometry": { "type": "MultiPolygon", "coordinates": [ [ [ [ -87.656429, 41.857953 ], [ -87.653388, 41.857997 ], [ -87.653051, 41.852545 ], [ -87.656276, 41.852483 ], [ -87.65637, 41.856136 ], [ -87.656429, 41.857953 ] ] ] ] } },
{ "type": "Feature", "properties": { "geoid": "17031320400", "land_area": 0.804124, "total": 3530.0, "nh_white_alone": 1976.0, "nh_black_alone": 583.0, "nh_asian_alone": 511.0, "hispanic": 333.0, "other": 127.0 }, "geometry": { "type": "MultiPolygon", "coordinates": [ [ [ [ -87.627806, 41.882042 ], [ -87.624477, 41.882109 ], [ -87.623009, 41.880844 ], [ -87.622896, 41.880846 ], [ -87.620791, 41.880873 ], [ -87.616505507392901, 41.880913535073901 ], [ -87.616343258847706, 41.873275940095297 ], [ -87.622729, 41.873182 ], [ -87.624135, 41.873162 ], [ -87.624311, 41.874453 ], [ -87.627541, 41.874373 ], [ -87.627545, 41.874552 ], [ -87.627652, 41.87693 ], [ -87.627724, 41.880094 ], [ -87.627806, 41.882042 ] ] ] ] } },
{ "type": "Feature", "properties": { "geoid": "17031400300", "land_area": 1.385551, "total": 1311.0, "nh_white_alone": 74.0, "nh_black_alone": 1164.0, "nh_asian_alone": 11.0, "hispanic": 6.0, "other": 56.0 }, "geometry": { "type": "MultiPolygon", "coordinates": [ [ [ [ -87.625792, 41.798114 ], [ -87.624501, 41.798138 ], [ -87.617697, 41.798436 ], [ -87.616074, 41.798465 ], [ -87.613933, 41.79845 ], [ -87.606318, 41.798613 ], [ -87.606216, 41.794965 ], [ -87.606059, 41.78713 ], [ -87.606037, 41.785874 ], [ -87.610918, 41.785788 ], [ -87.61576, 41.785699 ], [ -87.615802, 41.787523 ], [ -87.615889, 41.791172 ], [ -87.615981, 41.794801 ], [ -87.620846, 41.794723 ], [ -87.625701, 41.794643 ], [ -87.625792, 41.798114 ] ] ] ] } },
{ "type": "Feature", "properties": { "geoid": "17031420200", "land_area": 0.277261, "total": 2011.0, "nh_white_alone": 359.0, "nh_black_alone": 1363.0, "nh_asian_alone": 142.0, "hispanic": 47.0, "other": 100.0 }, "geometry": { "type": "MultiPolygon", "coordinates": [ [ [ [ -87.596332, 41.786014 ], [ -87.591475, 41.786096 ], [ -87.590342, 41.786106 ], [ -87.59029, 41.783353 ], [ -87.591528, 41.780566 ], [ -87.596204, 41.780522 ], [ -87.596332, 41.786014 ] ] ] ] } },
{ "type": "Feature", "properties": { "geoid": "17031470100", "land_area": 1.589028, "total": 2304.0, "nh_white_alone": 0.0, "nh_black_alone": 2116.0, "nh_asian_alone": 0.0, "hispanic": 111.0, "other": 77.0 }, "geometry": { "type": "MultiPolygon", "coordinates": [ [ [ [ -87.604507, 41.723596 ], [ -87.603606, 41.723396 ], [ -87.60285, 41.729384 ], [ -87.602224, 41.732127 ], [ -87.601404, 41.733078 ], [ -87.600545, 41.736708 ], [ -87.595308, 41.736783 ], [ -87.594829, 41.735934 ], [ -87.592797, 41.733159 ], [ -87.588713, 41.72622 ], [ -87.587452, 41.723266 ], [ -87.586639, 41.722323 ], [ -87.59165, 41.72225 ], [ -87.594793, 41.722195 ], [ -87.598425, 41.722142 ], [ -87.603182, 41.722048 ], [ -87.604482, 41.722044 ], [ -87.604492, 41.722548 ], [ -87.604507, 41.723596 ] ] ] ] } },
{ "type": "Feature", "properties": { "geoid": "17031491000", "land_area": 1.277974, "total": 3412.0, "nh_white_alone": 457.0, "nh_black_alone": 2783.0, "nh_asian_alone": 0.0, "hispanic": 148.0, "other": 24.0 }, "geometry": { "type": "MultiPolygon", "coordinates": [ [ [ [ -87.633017, 41.705234 ], [ -87.632478, 41.707051 ], [ -87.628295, 41.707101 ], [ -87.625919, 41.707133 ], [ -87.623523, 41.707165 ], [ -87.623417, 41.703519 ], [ -87.623314, 41.699871 ], [ -87.623235, 41.697141 ], [ -87.623209, 41.696228 ], [ -87.623104, 41.692585 ], [ -87.627907, 41.692527 ], [ -87.632645, 41.692472 ], [ -87.63274, 41.694183 ], [ -87.632778, 41.696115 ], [ -87.632877, 41.699755 ], [ -87.63294, 41.702484 ], [ -87.633017, 41.705234 ] ] ] ] } },
{ "type": "Feature", "properties": { "geoid": "17031836700", "land_area": 1.22783, "total": 3150.0, "nh_white_alone": 343.0, "nh_black_alone": 1714.0, "nh_asian_alone": 0.0, "hispanic": 1093.0, "other": 0.0 }, "geometry": { "type": "MultiPolygon", "coordinates": [ [ [ [ -87.711436, 41.895507 ], [ -87.706556, 41.895553 ], [ -87.702204, 41.895595 ], [ -87.699911, 41.895629 ], [ -87.696703, 41.895654 ], [ -87.696671, 41.894333 ], [ -87.691668, 41.892332 ], [ -87.691754, 41.891732 ], [ -87.691474, 41.888371 ], [ -87.701412, 41.888235 ], [ -87.706335, 41.888175 ], [ -87.711219, 41.888113 ], [ -87.711326, 41.891843 ], [ -87.711436, 41.895507 ] ] ] ] } },
{ "type": "Feature", "properties": { "geoid": "17031831300", "land_area": 0.576183, "total": 1310.0, "nh_white_alone": 0.0, "nh_black_alone": 173.0, "nh_asian_alone": 0.0, "hispanic": 1100.0, "other": 37.0 }, "geometry": { "type": "MultiPolygon", "coordinates": [ [ [ [ -87.748502, 41.905961 ], [ -87.746036, 41.905988 ], [ -87.746114, 41.909626 ], [ -87.745913, 41.91071 ], [ -87.74594, 41.912375 ], [ -87.74599, 41.913924 ], [ -87.74601, 41.914493 ], [ -87.741301, 41.913906 ], [ -87.741381, 41.909676 ], [ -87.741657, 41.907754 ], [ -87.741518, 41.902427 ], [ -87.745978, 41.902352 ], [ -87.74842, 41.902327 ], [ -87.748502, 41.905961 ] ] ] ] } },
{ "type": "Feature", "properties": { "geoid": "17031833100", "land_area": 0.922812, "total": 9022.0, "nh_white_alone": 5625.0, "nh_black_alone": 549.0, "nh_asian_alone": 1866.0, "hispanic": 572.0, "other": 410.0 }, "geometry": { "type": "MultiPolygon", "coordinates": [ [ [ [ -87.666852, 41.881455 ], [ -87.657143, 41.881652 ], [ -87.65436, 41.8817 ], [ -87.652031, 41.8817 ], [ -87.64736, 41.881778 ], [ -87.647322, 41.880492 ], [ -87.647202, 41.876672 ], [ -87.649538, 41.876637 ], [ -87.651874, 41.876601 ], [ -87.657003, 41.876519 ], [ -87.661853, 41.876438 ], [ -87.666739, 41.876351 ], [ -87.666852, 41.881455 ] ] ] ] } },
{ "type": "Feature", "properties": { "geoid": "17031840200", "land_area": 0.826355, "total": 2233.0, "nh_white_alone": 325.0, "nh_black_alone": 1.0, "nh_asian_alone": 1468.0, "hispanic": 393.0, "other": 46.0 }, "geometry": { "type": "MultiPolygon", "coordinates": [ [ [ [ -87.657074, 41.848187 ], [ -87.649678, 41.848279 ], [ -87.64442, 41.849411 ], [ -87.644161, 41.849437 ], [ -87.643958, 41.849471 ], [ -87.641546, 41.847238 ], [ -87.6416, 41.846301 ], [ -87.64158, 41.845393 ], [ -87.644023, 41.845359 ], [ -87.646449, 41.845327 ], [ -87.646431, 41.844513 ], [ -87.646369, 41.841657 ], [ -87.646278, 41.838046 ], [ -87.648705, 41.838013 ], [ -87.649408, 41.838005 ], [ -87.652372, 41.841447 ], [ -87.656693, 41.846508 ], [ -87.658043, 41.847724 ], [ -87.657074, 41.848187 ] ] ] ] } },
{ "type": "Feature", "properties": { "geoid": "17031843600", "land_area": 0.410895, "total": 2974.0, "nh_white_alone": 72.0, "nh_black_alone": 2658.0, "nh_asian_alone": 0.0, "hispanic": 32.0, "other": 212.0 }, "geometry": { "type": "MultiPolygon", "coordinates": [ [ [ [ -87.611499, 41.81128 ], [ -87.606605, 41.811354 ], [ -87.606565, 41.809533 ], [ -87.606407, 41.802251 ], [ -87.611286, 41.802169 ], [ -87.611328, 41.804002 ], [ -87.611371, 41.805822 ], [ -87.611499, 41.81128 ] ] ] ] } },
{ "type": "Feature", "properties": { "geoid": "17031835800", "land_area": 0.284425, "total": 2031.0, "nh_white_alone": 14.0, "nh_black_alone": 1822.0, "nh_asian_alone": 0.0, "hispanic": 195.0, "other": 0.0 }, "geometry": { "type": "MultiPolygon", "coordinates": [ [ [ [ -87.621407, 41.816564 ], [ -87.616792, 41.816635 ], [ -87.61669, 41.81301 ], [ -87.616639, 41.811197 ], [ -87.61654, 41.807563 ], [ -87.616802, 41.807559 ], [ -87.618107, 41.807538 ], [ -87.618153, 41.809359 ], [ -87.618204, 41.811173 ], [ -87.619642, 41.811151 ], [ -87.62126, 41.811125 ], [ -87.621407, 41.816564 ] ] ] ] } },
{ "type": "Feature", "properties": { "geoid": "17031210502", "land_area": 0.345944, "total": 4300.0, "nh_white_alone": 1121.0, "nh_black_alone": 68.0, "nh_asian_alone": 110.0, "hispanic": 2535.0, "other": 466.0 }, "geometry": { "type": "MultiPolygon", "coordinates": [ [ [ [ -87.72708, 41.935431 ], [ -87.724022, 41.93546 ], [ -87.722182, 41.935483 ], [ -87.7208, 41.936651 ], [ -87.71879, 41.936013 ], [ -87.717278, 41.935091 ], [ -87.717237, 41.933735 ], [ -87.717195, 41.931911 ], [ -87.719636, 41.93188 ], [ -87.722088, 41.931851 ], [ -87.7233, 41.931838 ], [ -87.724538, 41.931821 ], [ -87.726979, 41.93179 ], [ -87.72708, 41.935431 ] ] ] ] } },
{ "type": "Feature", "properties": { "geoid": "17031220701", "land_area": 0.266386, "total": 2851.0, "nh_white_alone": 1225.0, "nh_black_alone": 0.0, "nh_asian_alone": 40.0, "hispanic": 1496.0, "other": 90.0 }, "geometry": { "type": "MultiPolygon", "coordinates": [ [ [ [ -87.726236, 41.927672 ], [ -87.724421, 41.92769 ], [ -87.721974, 41.927728 ], [ -87.721918, 41.927738 ], [ -87.719519, 41.927769 ], [ -87.717074, 41.927804 ], [ -87.716994, 41.924603 ], [ -87.719438, 41.924573 ], [ -87.721882, 41.924542 ], [ -87.725551, 41.924499 ], [ -87.726236, 41.927672 ] ] ] ] } },
{ "type": "Feature", "properties": { "geoid": "17031252201", "land_area": 0.38679, "total": 3128.0, "nh_white_alone": 89.0, "nh_black_alone": 2969.0, "nh_asian_alone": 0.0, "hispanic": 64.0, "other": 6.0 }, "geometry": { "type": "MultiPolygon", "coordinates": [ [ [ [ -87.755067, 41.880372 ], [ -87.750173, 41.880435 ], [ -87.749412, 41.880445 ], [ -87.749349, 41.878545 ], [ -87.749282, 41.876731 ], [ -87.749145, 41.873027 ], [ -87.754806, 41.872946 ], [ -87.754859, 41.874848 ], [ -87.754929, 41.876659 ], [ -87.754996, 41.878471 ], [ -87.755067, 41.880372 ] ] ] ] } },
{ "type": "Feature", "properties": { "geoid": "17031030706", "land_area": 0.392424, "total": 2717.0, "nh_white_alone": 1471.0, "nh_black_alone": 518.0, "nh_asian_alone": 439.0, "hispanic": 99.0, "other": 190.0 }, "geometry": { "type": "MultiPolygon", "coordinates": [ [ [ [ -87.657266, 41.981843 ], [ -87.655864, 41.981867 ], [ -87.655915, 41.983692 ], [ -87.655192, 41.983802 ], [ -87.652141630556301, 41.984233823181398 ], [ -87.652012864926704, 41.983904461547702 ], [ -87.650344063170195, 41.979635936829801 ], [ -87.650294226660094, 41.979508463105397 ], [ -87.649907, 41.978518 ], [ -87.649019553341802, 41.9770423232128 ], [ -87.651074, 41.976477 ], [ -87.652152, 41.97644 ], [ -87.654284, 41.976407 ], [ -87.654993, 41.976396 ], [ -87.655713, 41.976385 ], [ -87.655764, 41.978211 ], [ -87.655032, 41.978223 ], [ -87.655079, 41.979801 ], [ -87.653779, 41.979834 ], [ -87.653942, 41.98075 ], [ -87.65514, 41.981879 ], [ -87.655106, 41.980725 ], [ -87.655088, 41.980051 ], [ -87.657217, 41.980015 ], [ -87.657266, 41.981843 ] ] ] ] } },
{ "type": "Feature", "properties": { "geoid": "17031301100", "land_area": 0.211425, "total": 2403.0, "nh_white_alone": 349.0, "nh_black_alone": 140.0, "nh_asian_alone": 0.0, "hispanic": 1914.0, "other": 0.0 }, "geometry": { "type": "MultiPolygon", "coordinates": [ [ [ [ -87.700364, 41.851838 ], [ -87.699089, 41.851853 ], [ -87.69898, 41.848157 ], [ -87.698561, 41.847841 ], [ -87.695333, 41.847883 ], [ -87.694741, 41.847469 ], [ -87.694711, 41.846458 ], [ -87.694661, 41.844701 ], [ -87.700137, 41.844252 ], [ -87.700148, 41.844613 ], [ -87.700196, 41.846395 ], [ -87.700364, 41.851838 ] ] ] ] } },
{ "type": "Feature", "properties": { "geoid": "17031010202", "land_area": 0.351253, "total": 2482.0, "nh_white_alone": 863.0, "nh_black_alone": 664.0, "nh_asian_alone": 221.0, "hispanic": 656.0, "other": 78.0 }, "geometry": { "type": "MultiPolygon", "coordinates": [ [ [ [ -87.676855, 42.019411 ], [ -87.67331, 42.019387 ], [ -87.67311, 42.019386 ], [ -87.67133, 42.019374 ], [ -87.671054, 42.018026 ], [ -87.670329, 42.017056 ], [ -87.670312, 42.015994 ], [ -87.670198, 42.012714 ], [ -87.675678, 42.012617 ], [ -87.676018, 42.015679 ], [ -87.676539, 42.0179 ], [ -87.676855, 42.019411 ] ] ] ] } },
{ "type": "Feature", "properties": { "geoid": "17031410100", "land_area": 0.220901, "total": 2287.0, "nh_white_alone": 528.0, "nh_black_alone": 981.0, "nh_asian_alone": 493.0, "hispanic": 77.0, "other": 208.0 }, "geometry": { "type": "MultiPolygon", "coordinates": [ [ [ [ -87.591852, 41.802421 ], [ -87.587861, 41.802475 ], [ -87.587557, 41.802479 ], [ -87.586441, 41.802492 ], [ -87.581947, 41.802443 ], [ -87.581509117372093, 41.8025120353674 ], [ -87.580865248891001, 41.800752996846903 ], [ -87.580823116893498, 41.800637892894997 ], [ -87.58232, 41.799645 ], [ -87.58551, 41.799592 ], [ -87.587021, 41.799566 ], [ -87.58731, 41.799564 ], [ -87.587497, 41.801029 ], [ -87.591821, 41.800976 ], [ -87.591852, 41.802421 ] ] ] ] } },
{ "type": "Feature", "properties": { "geoid": "17031410900", "land_area": 0.387624, "total": 3693.0, "nh_white_alone": 1797.0, "nh_black_alone": 717.0, "nh_asian_alone": 468.0, "hispanic": 520.0, "other": 191.0 }, "geometry": { "type": "MultiPolygon", "coordinates": [ [ [ [ -87.587507, 41.795185 ], [ -87.587242, 41.798096 ], [ -87.58731, 41.799564 ], [ -87.587021, 41.799566 ], [ -87.58551, 41.799592 ], [ -87.58232, 41.799645 ], [ -87.580823116893498, 41.800637892894997 ], [ -87.5808168119014, 41.800620667756299 ], [ -87.580161, 41.798829 ], [ -87.576916056452205, 41.796940085613699 ], [ -87.575801, 41.796291 ], [ -87.576208059362003, 41.795163068992501 ], [ -87.579775, 41.795282 ], [ -87.582538, 41.795243 ], [ -87.585411, 41.795212 ], [ -87.587265, 41.795188 ], [ -87.587507, 41.795185 ] ] ] ] } },
{ "type": "Feature", "properties": { "geoid": "17031540102", "land_area": 5.297055, "total": 3403.0, "nh_white_alone": 27.0, "nh_black_alone": 3349.0, "nh_asian_alone": 0.0, "hispanic": 0.0, "other": 27.0 }, "geometry": { "type": "MultiPolygon", "coordinates": [ [ [ [ -87.618314, 41.659097 ], [ -87.613911, 41.678158 ], [ -87.613776, 41.678934 ], [ -87.612322, 41.685433 ], [ -87.611395, 41.685442 ], [ -87.607057, 41.685481 ], [ -87.602535, 41.68612 ], [ -87.601601, 41.686138 ], [ -87.6019, 41.685062 ], [ -87.601733, 41.676896 ], [ -87.601544, 41.675667 ], [ -87.600195, 41.673091 ], [ -87.589278, 41.660388 ], [ -87.585199, 41.65566 ], [ -87.589473, 41.655358 ], [ -87.590838, 41.655586 ], [ -87.592577, 41.655324 ], [ -87.596818, 41.655729 ], [ -87.596968, 41.656227 ], [ -87.598239, 41.657217 ], [ -87.607563, 41.657321 ], [ -87.607571, 41.651856 ], [ -87.611351, 41.651854 ], [ -87.612337, 41.656051 ], [ -87.61728, 41.656834 ], [ -87.618917, 41.6564 ], [ -87.618314, 41.659097 ] ] ] ] } },
{ "type": "Feature", "properties": { "geoid": "17031980000", "land_area": 19.890204, "total": 0.0, "nh_white_alone": 0.0, "nh_black_alone": 0.0, "nh_asian_alone": 0.0, "hispanic": 0.0, "other": 0.0 }, "geometry": { "type": "MultiPolygon", "coordinates": [ [ [ [ -87.940247, 42.007172 ], [ -87.935473, 42.005912 ], [ -87.935283, 42.005871 ], [ -87.934299, 42.005696 ], [ -87.933506, 42.005583 ], [ -87.929251, 42.004996 ], [ -87.929219, 42.004991 ], [ -87.929067, 42.004964 ], [ -87.921516, 42.003853 ], [ -87.920838, 42.003945 ], [ -87.920754, 42.003968 ], [ -87.920505, 42.005077 ], [ -87.920464, 42.005629 ], [ -87.91891, 42.005401 ], [ -87.915263, 42.005102 ], [ -87.912856, 42.004739 ], [ -87.908887, 42.003822 ], [ -87.907903, 42.003618 ], [ -87.903723, 42.003724 ], [ -87.903523, 42.003677 ], [ -87.903302, 42.003649 ], [ -87.902846, 42.003523 ], [ -87.902507, 42.003402 ], [ -87.899122, 42.00177 ], [ -87.89603, 42.001837 ], [ -87.891062, 42.001855 ], [ -87.888671, 42.000268 ], [ -87.884541, 41.998959 ], [ -87.884531, 41.998223 ], [ -87.884493, 41.997971 ], [ -87.884532, 41.995132 ], [ -87.884329, 41.993205 ], [ -87.879185, 41.988105 ], [ -87.879041, 41.981044 ], [ -87.878972, 41.97715 ], [ -87.877874, 41.973039 ], [ -87.876746, 41.969302 ], [ -87.876507, 41.967384 ], [ -87.876847, 41.965388 ], [ -87.878138, 41.962979 ], [ -87.879393, 41.96156 ], [ -87.880726, 41.960479 ], [ -87.883703, 41.958134 ], [ -87.884297, 41.957526 ], [ -87.890763, 41.95803 ], [ -87.893087, 41.958086 ], [ -87.893248, 41.954707 ], [ -87.892663, 41.95213 ], [ -87.892661, 41.950712 ], [ -87.897162, 41.950637 ], [ -87.901349, 41.950999 ], [ -87.902082, 41.951036 ], [ -87.90667, 41.951546 ], [ -87.908677, 41.951963 ], [ -87.914454, 41.953536 ], [ -87.914451, 41.956808 ], [ -87.915854, 41.957449 ], [ -87.916804, 41.957701 ], [ -87.920171, 41.958165 ], [ -87.920229, 41.97184 ], [ -87.920476, 41.993886 ], [ -87.938967, 41.993515 ], [ -87.939946, 41.993481 ], [ -87.940032, 41.998131 ], [ -87.94007, 41.99973 ], [ -87.940097, 42.000792 ], [ -87.940247, 42.007172 ] ] ] ] } },
{ "type": "Feature", "properties": { "geoid": "17031140302", "land_area": 0.41472, "total": 3407.0, "nh_white_alone": 1251.0, "nh_black_alone": 199.0, "nh_asian_alone": 429.0, "hispanic": 1267.0, "other": 261.0 }, "geometry": { "type": "MultiPolygon", "coordinates": [ [ [ [ -87.728233, 41.975532 ], [ -87.724598, 41.97557 ], [ -87.724174, 41.975575 ], [ -87.723028, 41.974586 ], [ -87.718384, 41.973092 ], [ -87.718355, 41.971992 ], [ -87.718304, 41.970168 ], [ -87.723192, 41.970116 ], [ -87.728081, 41.970064 ], [ -87.728132, 41.971884 ], [ -87.728233, 41.975532 ] ] ] ] } },
{ "type": "Feature", "properties": { "geoid": "17031220702", "land_area": 0.575196, "total": 3903.0, "nh_white_alone": 1542.0, "nh_black_alone": 232.0, "nh_asian_alone": 131.0, "hispanic": 1901.0, "other": 97.0 }, "geometry": { "type": "MultiPolygon", "coordinates": [ [ [ [ -87.731461, 41.931734 ], [ -87.726979, 41.93179 ], [ -87.724538, 41.931821 ], [ -87.7233, 41.931838 ], [ -87.722088, 41.931851 ], [ -87.719636, 41.93188 ], [ -87.717195, 41.931911 ], [ -87.717145, 41.930091 ], [ -87.717088, 41.928255 ], [ -87.717074, 41.927804 ], [ -87.719519, 41.927769 ], [ -87.721918, 41.927738 ], [ -87.721974, 41.927728 ], [ -87.724421, 41.92769 ], [ -87.726236, 41.927672 ], [ -87.725551, 41.924499 ], [ -87.726769, 41.924484 ], [ -87.727702, 41.924473 ], [ -87.729569, 41.928081 ], [ -87.731461, 41.931734 ] ] ] ] } },
{ "type": "Feature", "properties": { "geoid": "17031490901", "land_area": 0.845452, "total": 2758.0, "nh_white_alone": 47.0, "nh_black_alone": 2644.0, "nh_asian_alone": 0.0, "hispanic": 23.0, "other": 44.0 }, "geometry": { "type": "MultiPolygon", "coordinates": [ [ [ [ -87.623314, 41.699871 ], [ -87.622074, 41.698069 ], [ -87.620237, 41.698091 ], [ -87.618437, 41.699487 ], [ -87.613559, 41.699559 ], [ -87.609234, 41.699611 ], [ -87.610033, 41.696422 ], [ -87.609012, 41.696444 ], [ -87.60986, 41.692771 ], [ -87.613376, 41.692738 ], [ -87.618262, 41.692652 ], [ -87.623104, 41.692585 ], [ -87.623209, 41.696228 ], [ -87.623235, 41.697141 ], [ -87.623314, 41.699871 ] ] ] ] } },
{ "type": "Feature", "properties": { "geoid": "17031080201", "land_area": 0.135375, "total": 3446.0, "nh_white_alone": 2987.0, "nh_black_alone": 0.0, "nh_asian_alone": 210.0, "hispanic": 53.0, "other": 196.0 }, "geometry": { "type": "MultiPolygon", "coordinates": [ [ [ [ -87.63323, 41.911164 ], [ -87.633076, 41.911161 ], [ -87.631682, 41.911181 ], [ -87.628886, 41.911223 ], [ -87.628831, 41.909482 ], [ -87.628785, 41.907799 ], [ -87.630106, 41.907857 ], [ -87.631596, 41.907834 ], [ -87.633121, 41.907696 ], [ -87.63323, 41.911164 ] ] ] ] } },
{ "type": "Feature", "properties": { "geoid": "17031080202", "land_area": 0.15524, "total": 3987.0, "nh_white_alone": 3280.0, "nh_black_alone": 103.0, "nh_asian_alone": 277.0, "hispanic": 197.0, "other": 130.0 }, "geometry": { "type": "MultiPolygon", "coordinates": [ [ [ [ -87.633121, 41.907696 ], [ -87.631596, 41.907834 ], [ -87.630106, 41.907857 ], [ -87.628785, 41.907799 ], [ -87.628743, 41.905819 ], [ -87.628678, 41.903942 ], [ -87.629986, 41.903923 ], [ -87.630716, 41.903914 ], [ -87.632847, 41.90388 ], [ -87.633002, 41.903877 ], [ -87.633062, 41.905755 ], [ -87.633121, 41.907696 ] ] ] ] } },
{ "type": "Feature", "properties": { "geoid": "17031320102", "land_area": 0.453642, "total": 5040.0, "nh_white_alone": 2260.0, "nh_black_alone": 168.0, "nh_asian_alone": 1548.0, "hispanic": 741.0, "other": 323.0 }, "geometry": { "type": "MultiPolygon", "coordinates": [ [ [ [ -87.628004, 41.887506 ], [ -87.625243, 41.888856 ], [ -87.624355, 41.88893 ], [ -87.62274, 41.888863 ], [ -87.620464, 41.888585 ], [ -87.62061, 41.887659 ], [ -87.620557, 41.884514 ], [ -87.620718, 41.884515 ], [ -87.620857, 41.881835 ], [ -87.620791, 41.880873 ], [ -87.622896, 41.880846 ], [ -87.623009, 41.880844 ], [ -87.624477, 41.882109 ], [ -87.627806, 41.882042 ], [ -87.627911, 41.884491 ], [ -87.62794, 41.885749 ], [ -87.628004, 41.887506 ] ] ] ] } },
{ "type": "Feature", "properties": { "geoid": "17031380600", "land_area": 0.838894, "total": 4952.0, "nh_white_alone": 351.0, "nh_black_alone": 4037.0, "nh_asian_alone": 83.0, "hispanic": 8.0, "other": 473.0 }, "geometry": { "type": "MultiPolygon", "coordinates": [ [ [ [ -87.629357, 41.823676 ], [ -87.628968, 41.823681 ], [ -87.628618, 41.823685 ], [ -87.626422, 41.823714 ], [ -87.621602, 41.823775 ], [ -87.618214, 41.823817 ], [ -87.617259, 41.82383 ], [ -87.616732, 41.823838 ], [ -87.616702, 41.822652 ], [ -87.616633, 41.820238 ], [ -87.616583, 41.818438 ], [ -87.616558, 41.817539 ], [ -87.616529, 41.816638 ], [ -87.616792, 41.816635 ], [ -87.621407, 41.816564 ], [ -87.626271, 41.81649 ], [ -87.629126, 41.816451 ], [ -87.629191, 41.819161 ], [ -87.629357, 41.823676 ] ] ] ] } },
{ "type": "Feature", "properties": { "geoid": "17031612200", "land_area": 0.898079, "total": 4038.0, "nh_white_alone": 0.0, "nh_black_alone": 1106.0, "nh_asian_alone": 0.0, "hispanic": 2932.0, "other": 0.0 }, "geometry": { "type": "MultiPolygon", "coordinates": [ [ [ [ -87.660106, 41.808669 ], [ -87.657672, 41.808699 ], [ -87.65524, 41.808734 ], [ -87.655198, 41.806912 ], [ -87.650343, 41.806972 ], [ -87.650397, 41.808795 ], [ -87.645538, 41.808864 ], [ -87.645416, 41.804313 ], [ -87.645345, 41.801584 ], [ -87.650204, 41.801517 ], [ -87.651415, 41.801501 ], [ -87.655059, 41.801452 ], [ -87.659918, 41.801382 ], [ -87.659964, 41.803206 ], [ -87.659985, 41.804098 ], [ -87.660005, 41.804753 ], [ -87.660012, 41.805029 ], [ -87.660106, 41.808669 ] ] ] ] } },
{ "type": "Feature", "properties": { "geoid": "17031010201", "land_area": 0.504464, "total": 7361.0, "nh_white_alone": 1287.0, "nh_black_alone": 2147.0, "nh_asian_alone": 354.0, "hispanic": 3137.0, "other": 436.0 }, "geometry": { "type": "MultiPolygon", "coordinates": [ [ [ [ -87.684653, 42.019485 ], [ -87.680448, 42.019447 ], [ -87.676855, 42.019411 ], [ -87.676539, 42.0179 ], [ -87.676018, 42.015679 ], [ -87.675678, 42.012617 ], [ -87.68027, 42.012536 ], [ -87.682683, 42.012497 ], [ -87.683086, 42.012323 ], [ -87.683688, 42.014035 ], [ -87.684083, 42.015151 ], [ -87.684653, 42.019485 ] ] ] ] } },
{ "type": "Feature", "properties": { "geoid": "17031010400", "land_area": 0.548761, "total": 4545.0, "nh_white_alone": 3338.0, "nh_black_alone": 254.0, "nh_asian_alone": 500.0, "hispanic": 255.0, "other": 198.0 }, "geometry": { "type": "MultiPolygon", "coordinates": [ [ [ [ -87.663453, 42.01283 ], [ -87.661325472618103, 42.012861457982801 ], [ -87.661084, 42.012348 ], [ -87.658326257568206, 42.008020725629898 ], [ -87.657656, 42.006969 ], [ -87.656898596103204, 42.004221183215499 ], [ -87.656795378363498, 42.003846715327398 ], [ -87.656296, 42.002035 ], [ -87.655977703482606, 42.000227906119903 ], [ -87.655626150099593, 41.998232 ], [ -87.660553, 41.998189 ], [ -87.660712, 42.000439 ], [ -87.660783, 42.002551 ], [ -87.660848, 42.004532 ], [ -87.660851, 42.004617 ], [ -87.66089, 42.005386 ], [ -87.661295, 42.006767 ], [ -87.661692, 42.007979 ], [ -87.662089, 42.009183 ], [ -87.662485, 42.010401 ], [ -87.662946, 42.011762 ], [ -87.663453, 42.01283 ] ] ] ] } },
{ "type": "Feature", "properties": { "geoid": "17031020301", "land_area": 0.825541, "total": 4978.0, "nh_white_alone": 3864.0, "nh_black_alone": 115.0, "nh_asian_alone": 393.0, "hispanic": 382.0, "other": 224.0 }, "geometry": { "type": "MultiPolygon", "coordinates": [ [ [ [ -87.709289, 42.006747 ], [ -87.709057, 42.011861 ], [ -87.704453, 42.011964 ], [ -87.699719, 42.012068 ], [ -87.699759, 42.009363 ], [ -87.699829, 42.004851 ], [ -87.704603, 42.004754 ], [ -87.704604, 42.002933 ], [ -87.70584, 42.001098 ], [ -87.705799, 41.999277 ], [ -87.708237, 41.999232 ], [ -87.709362, 41.999213 ], [ -87.709289, 42.006747 ] ] ] ] } },
{ "type": "Feature", "properties": { "geoid": "17031140301", "land_area": 0.164129, "total": 2715.0, "nh_white_alone": 360.0, "nh_black_alone": 122.0, "nh_asian_alone": 557.0, "hispanic": 1545.0, "other": 131.0 }, "geometry": { "type": "MultiPolygon", "coordinates": [ [ [ [ -87.728081, 41.970064 ], [ -87.723192, 41.970116 ], [ -87.718304, 41.970168 ], [ -87.718255, 41.968348 ], [ -87.720697, 41.968322 ], [ -87.723143, 41.968294 ], [ -87.724386, 41.968281 ], [ -87.728028, 41.968242 ], [ -87.728081, 41.970064 ] ] ] ] } },
{ "type": "Feature", "properties": { "geoid": "17031570400", "land_area": 0.46339, "total": 1668.0, "nh_white_alone": 185.0, "nh_black_alone": 14.0, "nh_asian_alone": 147.0, "hispanic": 1322.0, "other": 0.0 }, "geometry": { "type": "MultiPolygon", "coordinates": [ [ [ [ -87.723529, 41.806039 ], [ -87.722304, 41.806055 ], [ -87.722361, 41.807889 ], [ -87.714187, 41.807989 ], [ -87.713872, 41.807992 ], [ -87.713762, 41.805851 ], [ -87.715106, 41.804041 ], [ -87.72315, 41.800551 ], [ -87.723373, 41.800546 ], [ -87.72348, 41.804207 ], [ -87.723529, 41.806039 ] ] ] ] } },
{ "type": "Feature", "properties": { "geoid": "17031560100", "land_area": 0.693892, "total": 1197.0, "nh_white_alone": 134.0, "nh_black_alone": 241.0, "nh_asian_alone": 168.0, "hispanic": 648.0, "other": 6.0 }, "geometry": { "type": "MultiPolygon", "coordinates": [ [ [ [ -87.744949, 41.821981 ], [ -87.74354, 41.822167 ], [ -87.741254, 41.822232 ], [ -87.738654, 41.822132 ], [ -87.738535, 41.818574 ], [ -87.738533, 41.818034 ], [ -87.738207, 41.807684 ], [ -87.742913, 41.807642 ], [ -87.743222, 41.807617 ], [ -87.743402, 41.813095 ], [ -87.74348, 41.816482 ], [ -87.744959, 41.816241 ], [ -87.744949, 41.821981 ] ] ] ] } },
{ "type": "Feature", "properties": { "geoid": "17031600900", "land_area": 0.382321, "total": 3742.0, "nh_white_alone": 983.0, "nh_black_alone": 184.0, "nh_asian_alone": 908.0, "hispanic": 1486.0, "other": 181.0 }, "geometry": { "type": "MultiPolygon", "coordinates": [ [ [ [ -87.66085, 41.837848 ], [ -87.659327, 41.837867 ], [ -87.65602, 41.837914 ], [ -87.654359, 41.837937 ], [ -87.653584, 41.837948 ], [ -87.649408, 41.838005 ], [ -87.648705, 41.838013 ], [ -87.646278, 41.838046 ], [ -87.646202, 41.83483 ], [ -87.648628, 41.834797 ], [ -87.651063, 41.834766 ], [ -87.651074, 41.835271 ], [ -87.653514, 41.835226 ], [ -87.655946, 41.835188 ], [ -87.659583, 41.835204 ], [ -87.66085, 41.837848 ] ] ] ] } },
{ "type": "Feature", "properties": { "geoid": "17031431302", "land_area": 0.437419, "total": 3463.0, "nh_white_alone": 108.0, "nh_black_alone": 3253.0, "nh_asian_alone": 0.0, "hispanic": 27.0, "other": 75.0 }, "geometry": { "type": "MultiPolygon", "coordinates": [ [ [ [ -87.56645, 41.762619 ], [ -87.563767, 41.762653 ], [ -87.563295, 41.7627 ], [ -87.561696, 41.760925 ], [ -87.560057, 41.75912 ], [ -87.558065, 41.757283 ], [ -87.556128, 41.755489 ], [ -87.558517, 41.755458 ], [ -87.566303, 41.755361 ], [ -87.566335, 41.757158 ], [ -87.566373, 41.758988 ], [ -87.566412, 41.760803 ], [ -87.56645, 41.762619 ] ] ] ] } },
{ "type": "Feature", "properties": { "geoid": "17031480400", "land_area": 1.809913, "total": 4084.0, "nh_white_alone": 0.0, "nh_black_alone": 3932.0, "nh_asian_alone": 26.0, "hispanic": 61.0, "other": 65.0 }, "geometry": { "type": "MultiPolygon", "coordinates": [ [ [ [ -87.585567, 41.733281 ], [ -87.573203, 41.733443 ], [ -87.57259, 41.733451 ], [ -87.571987, 41.73346 ], [ -87.565914, 41.733542 ], [ -87.565857, 41.731719 ], [ -87.565814, 41.729891 ], [ -87.565703, 41.726239 ], [ -87.565631, 41.723858 ], [ -87.568422, 41.723549 ], [ -87.570501, 41.723531 ], [ -87.57538, 41.723466 ], [ -87.585144, 41.723296 ], [ -87.585414, 41.725985 ], [ -87.585443, 41.727814 ], [ -87.585492, 41.72961 ], [ -87.58553, 41.731448 ], [ -87.585567, 41.733281 ] ] ] ] } },
{ "type": "Feature", "properties": { "geoid": "17031320600", "land_area": 0.609069, "total": 6262.0, "nh_white_alone": 3198.0, "nh_black_alone": 801.0, "nh_asian_alone": 1314.0, "hispanic": 744.0, "other": 205.0 }, "geometry": { "type": "MultiPolygon", "coordinates": [ [ [ [ -87.627541, 41.874373 ], [ -87.624311, 41.874453 ], [ -87.624135, 41.873162 ], [ -87.622729, 41.873182 ], [ -87.616343258847706, 41.873275940095297 ], [ -87.616313778907099, 41.871888218273099 ], [ -87.616251, 41.868933 ], [ -87.615264718279803, 41.868735288273903 ], [ -87.618171, 41.868388 ], [ -87.620974, 41.867587 ], [ -87.621166, 41.867584 ], [ -87.622673, 41.867562 ], [ -87.624995, 41.867506 ], [ -87.627338, 41.867477 ], [ -87.627399, 41.869237 ], [ -87.627469, 41.872304 ], [ -87.627541, 41.874373 ] ] ] ] } },
{ "type": "Feature", "properties": { "geoid": "17031310900", "land_area": 0.484908, "total": 4998.0, "nh_white_alone": 745.0, "nh_black_alone": 82.0, "nh_asian_alone": 238.0, "hispanic": 3855.0, "other": 78.0 }, "geometry": { "type": "MultiPolygon", "coordinates": [ [ [ [ -87.678491, 41.858942 ], [ -87.676042, 41.859286 ], [ -87.673599, 41.859517 ], [ -87.671143, 41.859542 ], [ -87.671097, 41.857724 ], [ -87.671048, 41.855903 ], [ -87.670995, 41.854076 ], [ -87.670938, 41.852248 ], [ -87.67584, 41.852176 ], [ -87.678293, 41.852137 ], [ -87.678318, 41.85306 ], [ -87.678357, 41.854534 ], [ -87.678417, 41.856722 ], [ -87.678455, 41.858484 ], [ -87.678491, 41.858942 ] ] ] ] } },
{ "type": "Feature", "properties": { "geoid": "17031301803", "land_area": 0.35105, "total": 3183.0, "nh_white_alone": 92.0, "nh_black_alone": 39.0, "nh_asian_alone": 0.0, "hispanic": 3052.0, "other": 0.0 }, "geometry": { "type": "MultiPolygon", "coordinates": [ [ [ [ -87.731691, 41.83864 ], [ -87.731083, 41.838648 ], [ -87.731136, 41.840483 ], [ -87.731188, 41.842321 ], [ -87.724499, 41.84241 ], [ -87.72445, 41.840566 ], [ -87.724351, 41.836882 ], [ -87.729212, 41.836827 ], [ -87.731638, 41.836802 ], [ -87.731691, 41.83864 ] ] ] ] } },
{ "type": "Feature", "properties": { "geoid": "17031420500", "land_area": 0.24598, "total": 1751.0, "nh_white_alone": 162.0, "nh_black_alone": 1239.0, "nh_asian_alone": 0.0, "hispanic": 85.0, "other": 265.0 }, "geometry": { "type": "MultiPolygon", "coordinates": [ [ [ [ -87.610918, 41.785788 ], [ -87.606037, 41.785874 ], [ -87.606009, 41.784058 ], [ -87.60593, 41.78041 ], [ -87.60958, 41.780347 ], [ -87.610802, 41.780325 ], [ -87.610843, 41.782147 ], [ -87.610884, 41.783969 ], [ -87.610918, 41.785788 ] ] ] ] } },
{ "type": "Feature", "properties": { "geoid": "17031271400", "land_area": 0.328376, "total": 1508.0, "nh_white_alone": 247.0, "nh_black_alone": 1074.0, "nh_asian_alone": 41.0, "hispanic": 146.0, "other": 0.0 }, "geometry": { "type": "MultiPolygon", "coordinates": [ [ [ [ -87.715894, 41.880856 ], [ -87.711006, 41.880917 ], [ -87.71079, 41.873904 ], [ -87.710782, 41.873628 ], [ -87.715658, 41.873568 ], [ -87.715894, 41.880856 ] ] ] ] } },
{ "type": "Feature", "properties": { "geoid": "17031252202", "land_area": 0.637446, "total": 5129.0, "nh_white_alone": 15.0, "nh_black_alone": 4899.0, "nh_asian_alone": 42.0, "hispanic": 80.0, "other": 93.0 }, "geometry": { "type": "MultiPolygon", "coordinates": [ [ [ [ -87.749412, 41.880445 ], [ -87.747723, 41.880465 ], [ -87.745278, 41.880498 ], [ -87.74037, 41.880555 ], [ -87.740262, 41.876907 ], [ -87.739515, 41.876909 ], [ -87.73939, 41.873266 ], [ -87.740123, 41.873251 ], [ -87.744998, 41.873141 ], [ -87.749145, 41.873027 ], [ -87.749282, 41.876731 ], [ -87.749349, 41.878545 ], [ -87.749412, 41.880445 ] ] ] ] } },
{ "type": "Feature", "properties": { "geoid": "17031300500", "land_area": 0.271031, "total": 3355.0, "nh_white_alone": 295.0, "nh_black_alone": 33.0, "nh_asian_alone": 0.0, "hispanic": 3027.0, "other": 0.0 }, "geometry": { "type": "MultiPolygon", "coordinates": [ [ [ [ -87.724685, 41.848774 ], [ -87.722261, 41.849309 ], [ -87.72228, 41.851545 ], [ -87.719872, 41.851607 ], [ -87.719825, 41.849832 ], [ -87.719776, 41.847984 ], [ -87.719674, 41.844317 ], [ -87.720892, 41.844299 ], [ -87.724553, 41.844255 ], [ -87.724615, 41.846085 ], [ -87.724652, 41.84791 ], [ -87.724685, 41.848774 ] ] ] ] } },
{ "type": "Feature", "properties": { "geoid": "17031843000", "land_area": 1.065861, "total": 2271.0, "nh_white_alone": 0.0, "nh_black_alone": 2270.0, "nh_asian_alone": 0.0, "hispanic": 1.0, "other": 0.0 }, "geometry": { "type": "MultiPolygon", "coordinates": [ [ [ [ -87.739984, 41.868939 ], [ -87.732673, 41.870977 ], [ -87.732578, 41.868999 ], [ -87.725287, 41.869089 ], [ -87.725272, 41.868555 ], [ -87.720198, 41.868623 ], [ -87.720239, 41.869869 ], [ -87.715535, 41.869943 ], [ -87.71066, 41.870004 ], [ -87.70579, 41.870053 ], [ -87.705756, 41.869133 ], [ -87.705669, 41.866405 ], [ -87.710543, 41.866349 ], [ -87.712982, 41.86632 ], [ -87.715421, 41.86629 ], [ -87.720123, 41.86624 ], [ -87.721516, 41.866222 ], [ -87.72517, 41.866172 ], [ -87.730064, 41.866102 ], [ -87.739932, 41.86596 ], [ -87.739957, 41.868333 ], [ -87.739984, 41.868939 ] ] ] ] } },
{ "type": "Feature", "properties": { "geoid": "17031810000", "land_area": 1.110117, "total": 5104.0, "nh_white_alone": 3910.0, "nh_black_alone": 168.0, "nh_asian_alone": 422.0, "hispanic": 285.0, "other": 319.0 }, "geometry": { "type": "MultiPolygon", "coordinates": [ [ [ [ -87.680204, 42.03395 ], [ -87.676072, 42.033917 ], [ -87.672676, 42.033885 ], [ -87.669704793624803, 42.033816271658402 ], [ -87.668982, 42.029142 ], [ -87.666154479819596, 42.023129671067501 ], [ -87.671147, 42.023042 ], [ -87.671884, 42.022986 ], [ -87.677199, 42.022942 ], [ -87.677604, 42.022957 ], [ -87.67842, 42.02656 ], [ -87.678572, 42.027264 ], [ -87.679655, 42.031689 ], [ -87.680204, 42.03395 ] ] ] ] } },
{ "type": "Feature", "properties": { "geoid": "17031820901", "land_area": 11.561425, "total": 5278.0, "nh_white_alone": 2328.0, "nh_black_alone": 25.0, "nh_asian_alone": 137.0, "hispanic": 2716.0, "other": 72.0 }, "geometry": { "type": "MultiPolygon", "coordinates": [ [ [ [ -87.800806, 41.773709 ], [ -87.790886, 41.773861 ], [ -87.78112, 41.774011 ], [ -87.773796, 41.77416 ], [ -87.771353, 41.774205 ], [ -87.766466, 41.77431 ], [ -87.761583, 41.774388 ], [ -87.756733, 41.774493 ], [ -87.752258, 41.774575 ], [ -87.747038, 41.774668 ], [ -87.742165, 41.77478 ], [ -87.742055, 41.771129 ], [ -87.741876, 41.769307 ], [ -87.741793, 41.767001 ], [ -87.741899, 41.764299 ], [ -87.741758, 41.76015 ], [ -87.761073, 41.759881 ], [ -87.760989, 41.756431 ], [ -87.76098, 41.756137 ], [ -87.760893, 41.752488 ], [ -87.769405, 41.752327 ], [ -87.769308, 41.748656 ], [ -87.769723, 41.748649 ], [ -87.775376, 41.748546 ], [ -87.780238, 41.748474 ], [ -87.781437, 41.748449 ], [ -87.787544, 41.748325 ], [ -87.788762, 41.748303 ], [ -87.793637, 41.748229 ], [ -87.794851, 41.748209 ], [ -87.796074, 41.748186 ], [ -87.799744, 41.748134 ], [ -87.799798, 41.749917 ], [ -87.799814, 41.750508 ], [ -87.799992, 41.755392 ], [ -87.800011, 41.75584 ], [ -87.800287, 41.762699 ], [ -87.800657, 41.766362 ], [ -87.800578, 41.7697 ], [ -87.800677, 41.770485 ], [ -87.800806, 41.773709 ] ] ] ] } },
{ "type": "Feature", "properties": { "geoid": "17031500100", "land_area": 2.651675, "total": 3283.0, "nh_white_alone": 15.0, "nh_black_alone": 3198.0, "nh_asian_alone": 0.0, "hispanic": 25.0, "other": 45.0 }, "geometry": { "type": "MultiPolygon", "coordinates": [ [ [ [ -87.605189, 41.7133 ], [ -87.605124, 41.713587 ], [ -87.605074, 41.71381 ], [ -87.604857, 41.714755 ], [ -87.603182, 41.722048 ], [ -87.598425, 41.722142 ], [ -87.594793, 41.722195 ], [ -87.59165, 41.72225 ], [ -87.586639, 41.722323 ], [ -87.585164, 41.7208 ], [ -87.585037, 41.709932 ], [ -87.586051, 41.707765 ], [ -87.5873, 41.70775 ], [ -87.596317, 41.70761 ], [ -87.606518, 41.707433 ], [ -87.605189, 41.7133 ] ] ] ] } },
{ "type": "Feature", "properties": { "geoid": "17031711200", "land_area": 1.102231, "total": 4626.0, "nh_white_alone": 37.0, "nh_black_alone": 3967.0, "nh_asian_alone": 0.0, "hispanic": 471.0, "other": 151.0 }, "geometry": { "type": "MultiPolygon", "coordinates": [ [ [ [ -87.678037, 41.744733 ], [ -87.670579, 41.744799 ], [ -87.669365, 41.744815 ], [ -87.668157, 41.74483 ], [ -87.66573, 41.744864 ], [ -87.663302, 41.744894 ], [ -87.663252, 41.743077 ], [ -87.663205, 41.741252 ], [ -87.663157, 41.739432 ], [ -87.663065, 41.73579 ], [ -87.66671, 41.735741 ], [ -87.670358, 41.735694 ], [ -87.672785, 41.735654 ], [ -87.67309, 41.73565 ], [ -87.677247, 41.741025 ], [ -87.677901, 41.74288 ], [ -87.678037, 41.744733 ] ] ] ] } },
{ "type": "Feature", "properties": { "geoid": "17031700200", "land_area": 1.614071, "total": 6981.0, "nh_white_alone": 345.0, "nh_black_alone": 977.0, "nh_asian_alone": 203.0, "hispanic": 5456.0, "other": 0.0 }, "geometry": { "type": "MultiPolygon", "coordinates": [ [ [ [ -87.741496, 41.753292 ], [ -87.732206, 41.753174 ], [ -87.72204, 41.753374 ], [ -87.722176, 41.755094 ], [ -87.722191, 41.756838 ], [ -87.722261, 41.761571 ], [ -87.713431, 41.757478 ], [ -87.71233, 41.757192 ], [ -87.712323, 41.756907 ], [ -87.712075, 41.749653 ], [ -87.712549, 41.749645 ], [ -87.714112, 41.749621 ], [ -87.720293, 41.749526 ], [ -87.721912, 41.749502 ], [ -87.721815, 41.746579 ], [ -87.723137, 41.749481 ], [ -87.73163, 41.749325 ], [ -87.741358, 41.749147 ], [ -87.741425, 41.750988 ], [ -87.741496, 41.753292 ] ] ] ] } },
{ "type": "Feature", "properties": { "geoid": "17031813100", "land_area": 0.992592, "total": 4256.0, "nh_white_alone": 2109.0, "nh_black_alone": 814.0, "nh_asian_alone": 546.0, "hispanic": 494.0, "other": 293.0 }, "geometry": { "type": "MultiPolygon", "coordinates": [ [ [ [ -87.789104, 41.872369 ], [ -87.786674, 41.872585 ], [ -87.784211, 41.872623 ], [ -87.779301, 41.872704 ], [ -87.774409, 41.872771 ], [ -87.774301, 41.870924 ], [ -87.774264, 41.869114 ], [ -87.774146, 41.865915 ], [ -87.774139, 41.865459 ], [ -87.775359, 41.865444 ], [ -87.776588, 41.865426 ], [ -87.779048, 41.865392 ], [ -87.78396, 41.865327 ], [ -87.788858, 41.865243 ], [ -87.788986, 41.86889 ], [ -87.789078, 41.871605 ], [ -87.789104, 41.872369 ] ] ] ] } },
{ "type": "Feature", "properties": { "geoid": "17031730201", "land_area": 0.998832, "total": 5755.0, "nh_white_alone": 118.0, "nh_black_alone": 4846.0, "nh_asian_alone": 0.0, "hispanic": 664.0, "other": 127.0 }, "geometry": { "type": "MultiPolygon", "coordinates": [ [ [ [ -87.662961, 41.732189 ], [ -87.66053, 41.732298 ], [ -87.656885, 41.73235 ], [ -87.655668, 41.732366 ], [ -87.653239, 41.732386 ], [ -87.652619, 41.732068 ], [ -87.653182, 41.730465 ], [ -87.652948, 41.721372 ], [ -87.655384, 41.721342 ], [ -87.6577, 41.72133 ], [ -87.657813, 41.721327 ], [ -87.659032, 41.721298 ], [ -87.662684, 41.721265 ], [ -87.662806, 41.726667 ], [ -87.662961, 41.732189 ] ] ] ] } },
{ "type": "Feature", "properties": { "geoid": "17031660900", "land_area": 1.811423, "total": 5855.0, "nh_white_alone": 80.0, "nh_black_alone": 3348.0, "nh_asian_alone": 0.0, "hispanic": 2323.0, "other": 104.0 }, "geometry": { "type": "MultiPolygon", "coordinates": [ [ [ [ -87.712724, 41.771522 ], [ -87.712549, 41.771523 ], [ -87.70781, 41.771599 ], [ -87.705382, 41.771637 ], [ -87.702967, 41.771675 ], [ -87.698083, 41.771749 ], [ -87.69443, 41.771807 ], [ -87.693206, 41.771824 ], [ -87.690769, 41.771862 ], [ -87.688333, 41.771902 ], [ -87.687109, 41.771919 ], [ -87.683444, 41.771978 ], [ -87.683343, 41.768332 ], [ -87.683243, 41.764702 ], [ -87.688136, 41.764618 ], [ -87.68936, 41.764598 ], [ -87.693029, 41.76454 ], [ -87.69792, 41.764458 ], [ -87.702813, 41.764389 ], [ -87.707701, 41.764308 ], [ -87.712349, 41.764245 ], [ -87.71254, 41.764242 ], [ -87.712652, 41.767851 ], [ -87.712724, 41.771522 ] ] ] ] } },
{ "type": "Feature", "properties": { "geoid": "17031680900", "land_area": 1.032879, "total": 3954.0, "nh_white_alone": 43.0, "nh_black_alone": 3721.0, "nh_asian_alone": 32.0, "hispanic": 20.0, "other": 138.0 }, "geometry": { "type": "MultiPolygon", "coordinates": [ [ [ [ -87.644839, 41.781557 ], [ -87.643678, 41.780664 ], [ -87.640028, 41.780745 ], [ -87.64002, 41.779825 ], [ -87.637503, 41.779868 ], [ -87.635048, 41.779909 ], [ -87.63015, 41.779987 ], [ -87.630053, 41.776935 ], [ -87.63007, 41.776596 ], [ -87.629971, 41.772848 ], [ -87.629985, 41.772709 ], [ -87.631045, 41.772694 ], [ -87.639501, 41.772557 ], [ -87.640296, 41.772545 ], [ -87.644597, 41.772472 ], [ -87.644659, 41.77495 ], [ -87.644704, 41.776547 ], [ -87.644786, 41.779751 ], [ -87.644839, 41.781557 ] ] ] ] } },
{ "type": "Feature", "properties": { "geoid": "17031351000", "land_area": 0.821383, "total": 4259.0, "nh_white_alone": 560.0, "nh_black_alone": 2932.0, "nh_asian_alone": 363.0, "hispanic": 259.0, "other": 145.0 }, "geometry": { "type": "MultiPolygon", "coordinates": [ [ [ [ -87.617123, 41.838423 ], [ -87.61114, 41.83853 ], [ -87.607394, 41.838573 ], [ -87.606211507407707, 41.838538441669797 ], [ -87.602732637513597, 41.831346979356297 ], [ -87.609556, 41.831197 ], [ -87.610613, 41.831186 ], [ -87.614484, 41.83112 ], [ -87.616967, 41.8311 ], [ -87.617019, 41.833616 ], [ -87.617123, 41.838423 ] ] ] ] } },
{ "type": "Feature", "properties": { "geoid": "17031770902", "land_area": 1.162648, "total": 3911.0, "nh_white_alone": 3027.0, "nh_black_alone": 221.0, "nh_asian_alone": 114.0, "hispanic": 471.0, "other": 78.0 }, "geometry": { "type": "MultiPolygon", "coordinates": [ [ [ [ -87.846563, 41.969138 ], [ -87.846539, 41.97193 ], [ -87.846533, 41.97227 ], [ -87.844036, 41.972241 ], [ -87.841562, 41.971917 ], [ -87.841591, 41.970143 ], [ -87.836658, 41.970232 ], [ -87.836652, 41.971328 ], [ -87.837965, 41.973842 ], [ -87.84155, 41.973788 ], [ -87.841554, 41.974695 ], [ -87.836629, 41.97479 ], [ -87.836627, 41.975222 ], [ -87.833622, 41.975007 ], [ -87.83342, 41.97392 ], [ -87.831728, 41.973056 ], [ -87.826741, 41.973141 ], [ -87.826747, 41.970315 ], [ -87.826756, 41.966787 ], [ -87.827468, 41.966768 ], [ -87.836685, 41.966597 ], [ -87.841595, 41.966507 ], [ -87.84656, 41.966407 ], [ -87.846563, 41.969138 ] ] ] ] } },
{ "type": "Feature", "properties": { "geoid": "17031830900", "land_area": 0.990467, "total": 3359.0, "nh_white_alone": 1909.0, "nh_black_alone": 43.0, "nh_asian_alone": 178.0, "hispanic": 1113.0, "other": 116.0 }, "geometry": { "type": "MultiPolygon", "coordinates": [ [ [ [ -87.692773, 41.93213 ], [ -87.687904, 41.93217 ], [ -87.687924, 41.933079 ], [ -87.687986, 41.936062 ], [ -87.687404, 41.935777 ], [ -87.68563, 41.933871 ], [ -87.683285, 41.93327 ], [ -87.682661, 41.932231 ], [ -87.679577, 41.928349 ], [ -87.675094, 41.926748 ], [ -87.674403, 41.925069 ], [ -87.677899, 41.925026 ], [ -87.682457, 41.924973 ], [ -87.683641, 41.924955 ], [ -87.685209, 41.924932 ], [ -87.687642, 41.924901 ], [ -87.689397, 41.924883 ], [ -87.692528, 41.924855 ], [ -87.692591, 41.926671 ], [ -87.692658, 41.928508 ], [ -87.692737, 41.930801 ], [ -87.692773, 41.93213 ] ] ] ] } },
{ "type": "Feature", "properties": { "geoid": "17031243000", "land_area": 0.324547, "total": 2364.0, "nh_white_alone": 1226.0, "nh_black_alone": 187.0, "nh_asian_alone": 299.0, "hispanic": 466.0, "other": 186.0 }, "geometry": { "type": "MultiPolygon", "coordinates": [ [ [ [ -87.681949, 41.895827 ], [ -87.6795, 41.895868 ], [ -87.677052, 41.895912 ], [ -87.676974, 41.893173 ], [ -87.676929, 41.891548 ], [ -87.676874, 41.889726 ], [ -87.676846, 41.88872 ], [ -87.68174, 41.888641 ], [ -87.681768, 41.889642 ], [ -87.681804, 41.890743 ], [ -87.681844, 41.892188 ], [ -87.681949, 41.895827 ] ] ] ] } },
{ "type": "Feature", "properties": { "geoid": "17031242100", "land_area": 0.32798, "total": 3792.0, "nh_white_alone": 2359.0, "nh_black_alone": 57.0, "nh_asian_alone": 316.0, "hispanic": 523.0, "other": 537.0 }, "geometry": { "type": "MultiPolygon", "coordinates": [ [ [ [ -87.672381, 41.903267 ], [ -87.669944, 41.903306 ], [ -87.667495, 41.903346 ], [ -87.667444, 41.901524 ], [ -87.667392, 41.899708 ], [ -87.667367, 41.898798 ], [ -87.667292, 41.896074 ], [ -87.669728, 41.896033 ], [ -87.672173, 41.895992 ], [ -87.672282, 41.899633 ], [ -87.672361, 41.902357 ], [ -87.672373, 41.902763 ], [ -87.672381, 41.903267 ] ] ] ] } },
{ "type": "Feature", "properties": { "geoid": "17031241000", "land_area": 0.207513, "total": 1948.0, "nh_white_alone": 887.0, "nh_black_alone": 227.0, "nh_asian_alone": 89.0, "hispanic": 620.0, "other": 125.0 }, "geometry": { "type": "MultiPolygon", "coordinates": [ [ [ [ -87.697034, 41.910227 ], [ -87.694542, 41.910249 ], [ -87.69211, 41.910277 ], [ -87.692112, 41.910218 ], [ -87.692039, 41.906621 ], [ -87.692022, 41.905712 ], [ -87.694486, 41.905686 ], [ -87.696947, 41.905664 ], [ -87.697034, 41.910227 ] ] ] ] } },
{ "type": "Feature", "properties": { "geoid": "17031062300", "land_area": 0.163311, "total": 1596.0, "nh_white_alone": 1236.0, "nh_black_alone": 25.0, "nh_asian_alone": 101.0, "hispanic": 150.0, "other": 84.0 }, "geometry": { "type": "MultiPolygon", "coordinates": [ [ [ [ -87.663917, 41.943418 ], [ -87.659073, 41.943493 ], [ -87.658969, 41.939838 ], [ -87.661084, 41.9398 ], [ -87.663821, 41.939765 ], [ -87.663917, 41.943418 ] ] ] ] } },
{ "type": "Feature", "properties": { "geoid": "17031040800", "land_area": 0.217717, "total": 1670.0, "nh_white_alone": 1235.0, "nh_black_alone": 18.0, "nh_asian_alone": 125.0, "hispanic": 188.0, "other": 104.0 }, "geometry": { "type": "MultiPolygon", "coordinates": [ [ [ [ -87.696055, 41.964797 ], [ -87.693682, 41.964816 ], [ -87.69246, 41.964826 ], [ -87.691236, 41.964836 ], [ -87.688791, 41.964868 ], [ -87.688736, 41.963139 ], [ -87.688683, 41.961313 ], [ -87.691804, 41.961292 ], [ -87.692353, 41.961289 ], [ -87.694794, 41.961273 ], [ -87.695585, 41.963074 ], [ -87.697202, 41.964788 ], [ -87.696055, 41.964797 ] ] ] ] } },
{ "type": "Feature", "properties": { "geoid": "17031030703", "land_area": 0.19829, "total": 3237.0, "nh_white_alone": 1703.0, "nh_black_alone": 244.0, "nh_asian_alone": 355.0, "hispanic": 638.0, "other": 297.0 }, "geometry": { "type": "MultiPolygon", "coordinates": [ [ [ [ -87.660018, 41.981798 ], [ -87.657266, 41.981843 ], [ -87.657217, 41.980015 ], [ -87.655088, 41.980051 ], [ -87.655079, 41.979801 ], [ -87.655032, 41.978223 ], [ -87.655764, 41.978211 ], [ -87.655713, 41.976385 ], [ -87.656416, 41.976374 ], [ -87.658785, 41.976338 ], [ -87.659866, 41.976323 ], [ -87.659918, 41.978144 ], [ -87.659968, 41.979971 ], [ -87.660018, 41.981798 ] ] ] ] } },
{ "type": "Feature", "properties": { "geoid": "17031020801", "land_area": 0.655953, "total": 5332.0, "nh_white_alone": 2166.0, "nh_black_alone": 749.0, "nh_asian_alone": 911.0, "hispanic": 1332.0, "other": 174.0 }, "geometry": { "type": "MultiPolygon", "coordinates": [ [ [ [ -87.699403, 41.990443 ], [ -87.69575, 41.990464 ], [ -87.694534, 41.990471 ], [ -87.689673, 41.9905 ], [ -87.689549, 41.986812 ], [ -87.689448, 41.983168 ], [ -87.693087, 41.983152 ], [ -87.694303, 41.983146 ], [ -87.696732, 41.983132 ], [ -87.697946, 41.983127 ], [ -87.699157, 41.983121 ], [ -87.699218, 41.984925 ], [ -87.699238, 41.985545 ], [ -87.699278, 41.986757 ], [ -87.699338, 41.988576 ], [ -87.699403, 41.990443 ] ] ] ] } },
{ "type": "Feature", "properties": { "geoid": "17031831600", "land_area": 1.488846, "total": 7240.0, "nh_white_alone": 1679.0, "nh_black_alone": 604.0, "nh_asian_alone": 139.0, "hispanic": 4801.0, "other": 17.0 }, "geometry": { "type": "MultiPolygon", "coordinates": [ [ [ [ -87.806495, 41.930815 ], [ -87.806251, 41.930789 ], [ -87.802826, 41.930797 ], [ -87.800978, 41.930818 ], [ -87.797915, 41.930852 ], [ -87.796692, 41.930868 ], [ -87.790638, 41.930942 ], [ -87.790407, 41.923636 ], [ -87.79013, 41.918456 ], [ -87.789348, 41.917485 ], [ -87.795116, 41.919538 ], [ -87.797011, 41.920252 ], [ -87.804207, 41.922812 ], [ -87.80623, 41.92336 ], [ -87.806255, 41.924007 ], [ -87.806365, 41.927131 ], [ -87.806387, 41.927752 ], [ -87.806443, 41.929338 ], [ -87.806495, 41.930815 ] ] ] ] } },
{ "type": "Feature", "properties": { "geoid": "17031160602", "land_area": 0.570721, "total": 3418.0, "nh_white_alone": 1694.0, "nh_black_alone": 15.0, "nh_asian_alone": 250.0, "hispanic": 1204.0, "other": 255.0 }, "geometry": { "type": "MultiPolygon", "coordinates": [ [ [ [ -87.708129, 41.957553 ], [ -87.704467, 41.957578 ], [ -87.702021, 41.95758 ], [ -87.698352, 41.9576 ], [ -87.698483, 41.961249 ], [ -87.694794, 41.961273 ], [ -87.694446, 41.953994 ], [ -87.698241, 41.953975 ], [ -87.699463, 41.953969 ], [ -87.700683, 41.953963 ], [ -87.704353, 41.953945 ], [ -87.705574, 41.953938 ], [ -87.708015, 41.953915 ], [ -87.708129, 41.957553 ] ] ] ] } },
{ "type": "Feature", "properties": { "geoid": "17031150800", "land_area": 0.661051, "total": 4652.0, "nh_white_alone": 1687.0, "nh_black_alone": 44.0, "nh_asian_alone": 152.0, "hispanic": 2398.0, "other": 371.0 }, "geometry": { "type": "MultiPolygon", "coordinates": [ [ [ [ -87.757148, 41.9533 ], [ -87.752239, 41.95336 ], [ -87.747305, 41.953418 ], [ -87.747239, 41.950669 ], [ -87.747141, 41.947942 ], [ -87.747065, 41.946124 ], [ -87.752013, 41.946061 ], [ -87.756921, 41.946001 ], [ -87.756977, 41.947831 ], [ -87.75699, 41.948287 ], [ -87.757033, 41.949648 ], [ -87.757064, 41.950556 ], [ -87.75709, 41.951452 ], [ -87.757148, 41.9533 ] ] ] ] } },
{ "type": "Feature", "properties": { "geoid": "17031140800", "land_area": 0.714365, "total": 5924.0, "nh_white_alone": 3847.0, "nh_black_alone": 30.0, "nh_asian_alone": 603.0, "hispanic": 1261.0, "other": 183.0 }, "geometry": { "type": "MultiPolygon", "coordinates": [ [ [ [ -87.708472, 41.968452 ], [ -87.703605, 41.968494 ], [ -87.701093, 41.968514 ], [ -87.698714, 41.966199 ], [ -87.697202, 41.964788 ], [ -87.695585, 41.963074 ], [ -87.694794, 41.961273 ], [ -87.698483, 41.961249 ], [ -87.699688, 41.961242 ], [ -87.700911, 41.961234 ], [ -87.702135, 41.961227 ], [ -87.703357, 41.961219 ], [ -87.704585, 41.961212 ], [ -87.708248, 41.961187 ], [ -87.708355, 41.964699 ], [ -87.708386, 41.965584 ], [ -87.708418, 41.96663 ], [ -87.708472, 41.968452 ] ] ] ] } },
{ "type": "Feature", "properties": { "geoid": "17031110200", "land_area": 0.596253, "total": 2871.0, "nh_white_alone": 1425.0, "nh_black_alone": 245.0, "nh_asian_alone": 188.0, "hispanic": 1004.0, "other": 9.0 }, "geometry": { "type": "MultiPolygon", "coordinates": [ [ [ [ -87.783527, 41.982912 ], [ -87.778038, 41.982905 ], [ -87.774352, 41.982918 ], [ -87.773191, 41.982921 ], [ -87.768345, 41.98294 ], [ -87.768377, 41.98112 ], [ -87.768459, 41.976598 ], [ -87.768481, 41.975683 ], [ -87.768506, 41.974384 ], [ -87.778085, 41.979829 ], [ -87.783527, 41.982912 ] ] ] ] } },
{ "type": "Feature", "properties": { "geoid": "17031838300", "land_area": 0.348132, "total": 3014.0, "nh_white_alone": 1583.0, "nh_black_alone": 878.0, "nh_asian_alone": 303.0, "hispanic": 116.0, "other": 134.0 }, "geometry": { "type": "MultiPolygon", "coordinates": [ [ [ [ -87.64322, 41.903716 ], [ -87.63837, 41.903793 ], [ -87.637445, 41.903804 ], [ -87.637016, 41.903811 ], [ -87.634478, 41.903853 ], [ -87.634442, 41.902884 ], [ -87.634291, 41.898982 ], [ -87.637262, 41.898944 ], [ -87.639984, 41.898905 ], [ -87.640044, 41.900468 ], [ -87.643092, 41.900413 ], [ -87.64322, 41.903716 ] ] ] ] } },
{ "type": "Feature", "properties": { "geoid": "17031071700", "land_area": 0.159952, "total": 1656.0, "nh_white_alone": 1366.0, "nh_black_alone": 81.0, "nh_asian_alone": 139.0, "hispanic": 17.0, "other": 53.0 }, "geometry": { "type": "MultiPolygon", "coordinates": [ [ [ [ -87.64355, 41.914625 ], [ -87.641135, 41.914661 ], [ -87.639945, 41.914711 ], [ -87.638704, 41.914676 ], [ -87.63864, 41.91282 ], [ -87.638592, 41.911115 ], [ -87.641017, 41.911076 ], [ -87.643064, 41.911043 ], [ -87.643431, 41.911018 ], [ -87.64349, 41.91281 ], [ -87.643525, 41.913898 ], [ -87.64355, 41.914625 ] ] ] ] } },
{ "type": "Feature", "properties": { "geoid": "17031030103", "land_area": 0.086631, "total": 2132.0, "nh_white_alone": 1014.0, "nh_black_alone": 228.0, "nh_asian_alone": 322.0, "hispanic": 475.0, "other": 93.0 }, "geometry": { "type": "MultiPolygon", "coordinates": [ [ [ [ -87.660459, 41.996374 ], [ -87.658409, 41.996393 ], [ -87.657677, 41.995441 ], [ -87.657009, 41.996408 ], [ -87.6553082108572, 41.996426934510097 ], [ -87.654910614792598, 41.994169626070601 ], [ -87.655512, 41.994164 ], [ -87.65765, 41.994586 ], [ -87.660406, 41.994553 ], [ -87.660459, 41.996374 ] ] ] ] } },
{ "type": "Feature", "properties": { "geoid": "17031031300", "land_area": 0.63221, "total": 6136.0, "nh_white_alone": 3646.0, "nh_black_alone": 551.0, "nh_asian_alone": 1047.0, "hispanic": 600.0, "other": 292.0 }, "geometry": { "type": "MultiPolygon", "coordinates": [ [ [ [ -87.654993, 41.976396 ], [ -87.654284, 41.976407 ], [ -87.652152, 41.97644 ], [ -87.651074, 41.976477 ], [ -87.649019553341802, 41.9770423232128 ], [ -87.645645, 41.971431 ], [ -87.645082943483899, 41.970975108745499 ], [ -87.643982919806106, 41.9700828654208 ], [ -87.649636, 41.969175 ], [ -87.650118, 41.969156 ], [ -87.654822, 41.96909 ], [ -87.654884, 41.97158 ], [ -87.654928, 41.973313 ], [ -87.654993, 41.976396 ] ] ] ] } },
{ "type": "Feature", "properties": { "geoid": "17031062000", "land_area": 0.224975, "total": 3021.0, "nh_white_alone": 2340.0, "nh_black_alone": 81.0, "nh_asian_alone": 114.0, "hispanic": 411.0, "other": 75.0 }, "geometry": { "type": "MultiPolygon", "coordinates": [ [ [ [ -87.64943, 41.945461 ], [ -87.649219, 41.94544 ], [ -87.646148, 41.945502 ], [ -87.64552, 41.944482 ], [ -87.645308, 41.944136 ], [ -87.645036, 41.943684 ], [ -87.644814, 41.943321 ], [ -87.644458, 41.941867 ], [ -87.644455, 41.941777 ], [ -87.6444, 41.940045 ], [ -87.649267, 41.939981 ], [ -87.649327, 41.941796 ], [ -87.649358, 41.942709 ], [ -87.649375, 41.943616 ], [ -87.649404, 41.944529 ], [ -87.64943, 41.945461 ] ] ] ] } },
{ "type": "Feature", "properties": { "geoid": "17031220901", "land_area": 0.293288, "total": 2994.0, "nh_white_alone": 552.0, "nh_black_alone": 479.0, "nh_asian_alone": 109.0, "hispanic": 1802.0, "other": 52.0 }, "geometry": { "type": "MultiPolygon", "coordinates": [ [ [ [ -87.726667, 41.920825 ], [ -87.721777, 41.920884 ], [ -87.71933, 41.920913 ], [ -87.716885, 41.920943 ], [ -87.716772, 41.917283 ], [ -87.719219, 41.917253 ], [ -87.721666, 41.917223 ], [ -87.723906, 41.917198 ], [ -87.724876, 41.919016 ], [ -87.726615, 41.918994 ], [ -87.726667, 41.920825 ] ] ] ] } },
{ "type": "Feature", "properties": { "geoid": "17031540101", "land_area": 3.357305, "total": 4115.0, "nh_white_alone": 8.0, "nh_black_alone": 3779.0, "nh_asian_alone": 0.0, "hispanic": 92.0, "other": 236.0 }, "geometry": { "type": "MultiPolygon", "coordinates": [ [ [ [ -87.620628, 41.651805 ], [ -87.619758, 41.653633 ], [ -87.618917, 41.6564 ], [ -87.61728, 41.656834 ], [ -87.612337, 41.656051 ], [ -87.611351, 41.651854 ], [ -87.607571, 41.651856 ], [ -87.607563, 41.657321 ], [ -87.598239, 41.657217 ], [ -87.596968, 41.656227 ], [ -87.596818, 41.655729 ], [ -87.592577, 41.655324 ], [ -87.590838, 41.655586 ], [ -87.589473, 41.655358 ], [ -87.585199, 41.65566 ], [ -87.580879, 41.650619 ], [ -87.57947, 41.648374 ], [ -87.578588, 41.64473 ], [ -87.579955, 41.644731 ], [ -87.588133, 41.644656 ], [ -87.597838, 41.644606 ], [ -87.614397, 41.6446 ], [ -87.617227, 41.644582 ], [ -87.617229, 41.650019 ], [ -87.621334, 41.65042 ], [ -87.620628, 41.651805 ] ] ] ] } },
{ "type": "Feature", "properties": { "geoid": "17031081403", "land_area": 0.331289, "total": 10291.0, "nh_white_alone": 4641.0, "nh_black_alone": 884.0, "nh_asian_alone": 4307.0, "hispanic": 289.0, "other": 170.0 }, "geometry": { "type": "MultiPolygon", "coordinates": [ [ [ [ -87.624195, 41.889864 ], [ -87.624252, 41.891731 ], [ -87.624268, 41.892554 ], [ -87.624213, 41.893335 ], [ -87.620275, 41.893406 ], [ -87.617738, 41.893447 ], [ -87.617715, 41.892642 ], [ -87.617693, 41.891847 ], [ -87.617652, 41.890517 ], [ -87.614235, 41.890552 ], [ -87.613171924981501, 41.890554955988399 ], [ -87.613689, 41.890544 ], [ -87.613786955432403, 41.888322541150799 ], [ -87.617589, 41.888456 ], [ -87.620464, 41.888585 ], [ -87.62274, 41.888863 ], [ -87.624355, 41.88893 ], [ -87.624195, 41.889864 ] ] ] ] } },
{ "type": "Feature", "properties": { "geoid": "17031271200", "land_area": 0.329808, "total": 1299.0, "nh_white_alone": 160.0, "nh_black_alone": 1060.0, "nh_asian_alone": 52.0, "hispanic": 27.0, "other": 0.0 }, "geometry": { "type": "MultiPolygon", "coordinates": [ [ [ [ -87.706123, 41.880973 ], [ -87.701208, 41.881026 ], [ -87.701154, 41.879205 ], [ -87.70108, 41.875929 ], [ -87.701013, 41.873747 ], [ -87.705917, 41.873688 ], [ -87.705926, 41.874256 ], [ -87.705971, 41.875876 ], [ -87.706123, 41.880973 ] ] ] ] } },
{ "type": "Feature", "properties": { "geoid": "17031340600", "land_area": 0.496574, "total": 1430.0, "nh_white_alone": 39.0, "nh_black_alone": 1110.0, "nh_asian_alone": 218.0, "hispanic": 0.0, "other": 63.0 }, "geometry": { "type": "MultiPolygon", "coordinates": [ [ [ [ -87.636251, 41.830881 ], [ -87.636128, 41.830883 ], [ -87.631504, 41.830939 ], [ -87.630484, 41.830956 ], [ -87.629594, 41.83097 ], [ -87.628996, 41.830975 ], [ -87.6289, 41.82767 ], [ -87.629094, 41.82733 ], [ -87.628968, 41.823681 ], [ -87.629357, 41.823676 ], [ -87.630296, 41.823662 ], [ -87.631339, 41.823646 ], [ -87.636354, 41.823583 ], [ -87.636251, 41.830881 ] ] ] ] } },
{ "type": "Feature", "properties": { "geoid": "17031670500", "land_area": 0.622494, "total": 1294.0, "nh_white_alone": 11.0, "nh_black_alone": 635.0, "nh_asian_alone": 58.0, "hispanic": 590.0, "other": 0.0 }, "geometry": { "type": "MultiPolygon", "coordinates": [ [ [ [ -87.678815, 41.793868 ], [ -87.674301, 41.793916 ], [ -87.6741, 41.786628 ], [ -87.674001, 41.782982 ], [ -87.673905, 41.779316 ], [ -87.67849, 41.779247 ], [ -87.678716, 41.786569 ], [ -87.678815, 41.793868 ] ] ] ] } },
{ "type": "Feature", "properties": { "geoid": "17031710300", "land_area": 0.327581, "total": 1180.0, "nh_white_alone": 0.0, "nh_black_alone": 1049.0, "nh_asian_alone": 13.0, "hispanic": 114.0, "other": 4.0 }, "geometry": { "type": "MultiPolygon", "coordinates": [ [ [ [ -87.663607, 41.757677 ], [ -87.658777, 41.757734 ], [ -87.658634, 41.752248 ], [ -87.65859, 41.750426 ], [ -87.661014, 41.750391 ], [ -87.663437, 41.750357 ], [ -87.663526, 41.753994 ], [ -87.663607, 41.757677 ] ] ] ] } },
{ "type": "Feature", "properties": { "geoid": "17031839100", "land_area": 1.101771, "total": 8355.0, "nh_white_alone": 3696.0, "nh_black_alone": 786.0, "nh_asian_alone": 2335.0, "hispanic": 1362.0, "other": 176.0 }, "geometry": { "type": "MultiPolygon", "coordinates": [ [ [ [ -87.638248, 41.881898 ], [ -87.638161, 41.88319 ], [ -87.637864, 41.884874 ], [ -87.637778, 41.885722 ], [ -87.637685, 41.886456 ], [ -87.635813, 41.887378 ], [ -87.633971, 41.887513 ], [ -87.629537, 41.887508 ], [ -87.628004, 41.887506 ], [ -87.62794, 41.885749 ], [ -87.627911, 41.884491 ], [ -87.627806, 41.882042 ], [ -87.627724, 41.880094 ], [ -87.627652, 41.87693 ], [ -87.627545, 41.874552 ], [ -87.629669, 41.874534 ], [ -87.635085, 41.87446 ], [ -87.636035, 41.874448 ], [ -87.636171, 41.874903 ], [ -87.637377, 41.876799 ], [ -87.638085, 41.879335 ], [ -87.638253, 41.880604 ], [ -87.638248, 41.881898 ] ] ] ] } },
{ "type": "Feature", "properties": { "geoid": "17031837000", "land_area": 0.412544, "total": 2318.0, "nh_white_alone": 125.0, "nh_black_alone": 2003.0, "nh_asian_alone": 26.0, "hispanic": 150.0, "other": 14.0 }, "geometry": { "type": "MultiPolygon", "coordinates": [ [ [ [ -87.701254, 41.882847 ], [ -87.696335, 41.882898 ], [ -87.69624, 41.879255 ], [ -87.696153, 41.875981 ], [ -87.696101, 41.873794 ], [ -87.701013, 41.873747 ], [ -87.70108, 41.875929 ], [ -87.701154, 41.879205 ], [ -87.701208, 41.881026 ], [ -87.701254, 41.882847 ] ] ] ] } },
{ "type": "Feature", "properties": { "geoid": "17031841000", "land_area": 1.054201, "total": 1280.0, "nh_white_alone": 389.0, "nh_black_alone": 535.0, "nh_asian_alone": 262.0, "hispanic": 58.0, "other": 36.0 }, "geometry": { "type": "MultiPolygon", "coordinates": [ [ [ [ -87.629223, 41.847827 ], [ -87.629352, 41.852952 ], [ -87.62709, 41.852943 ], [ -87.626363, 41.852915 ], [ -87.622279, 41.852962 ], [ -87.619041, 41.853002 ], [ -87.617737, 41.853022 ], [ -87.617577, 41.853011 ], [ -87.617912, 41.85124 ], [ -87.618104, 41.851058 ], [ -87.618942, 41.850855 ], [ -87.619032, 41.850745 ], [ -87.617743, 41.848176 ], [ -87.614896, 41.848305 ], [ -87.610180795085697, 41.849868547154998 ], [ -87.609452122551403, 41.845246463674798 ], [ -87.616238, 41.8452 ], [ -87.617299, 41.845668 ], [ -87.617671, 41.845723 ], [ -87.618864, 41.84571 ], [ -87.622138, 41.84566 ], [ -87.623392, 41.845642 ], [ -87.626265, 41.845598 ], [ -87.626961, 41.845585 ], [ -87.629168, 41.845557 ], [ -87.629373, 41.847063 ], [ -87.629223, 41.847827 ] ] ] ] } },
{ "type": "Feature", "properties": { "geoid": "17031823303", "land_area": 2.00892, "total": 4463.0, "nh_white_alone": 1996.0, "nh_black_alone": 1029.0, "nh_asian_alone": 12.0, "hispanic": 1210.0, "other": 216.0 }, "geometry": { "type": "MultiPolygon", "coordinates": [ [ [ [ -87.739449, 41.683632 ], [ -87.737364, 41.683668 ], [ -87.729747, 41.683804 ], [ -87.728308, 41.683827 ], [ -87.720065, 41.683967 ], [ -87.719889, 41.680321 ], [ -87.719739, 41.676673 ], [ -87.719522, 41.671152 ], [ -87.719414, 41.669416 ], [ -87.719941, 41.66943 ], [ -87.723872, 41.669283 ], [ -87.731366, 41.672745 ], [ -87.738827, 41.678921 ], [ -87.739449, 41.683632 ] ] ] ] } },
{ "type": "Feature", "properties": { "geoid": "17031821600", "land_area": 3.553239, "total": 4132.0, "nh_white_alone": 876.0, "nh_black_alone": 2399.0, "nh_asian_alone": 37.0, "hispanic": 726.0, "other": 94.0 }, "geometry": { "type": "MultiPolygon", "coordinates": [ [ [ [ -87.721605, 41.732567 ], [ -87.721478, 41.733396 ], [ -87.721436, 41.734862 ], [ -87.711978, 41.735029 ], [ -87.711706, 41.735034 ], [ -87.702124, 41.735203 ], [ -87.697109, 41.73528 ], [ -87.689661, 41.735407 ], [ -87.687395, 41.735444 ], [ -87.682514, 41.735525 ], [ -87.682291, 41.728236 ], [ -87.682206, 41.725278 ], [ -87.682067, 41.72094 ], [ -87.687034, 41.720894 ], [ -87.687152, 41.724531 ], [ -87.692047, 41.724493 ], [ -87.694525, 41.724466 ], [ -87.697616, 41.724436 ], [ -87.701939, 41.724391 ], [ -87.703812, 41.724413 ], [ -87.707289, 41.727966 ], [ -87.711798, 41.727902 ], [ -87.715498, 41.727858 ], [ -87.721654, 41.727788 ], [ -87.721605, 41.732567 ] ] ] ] } },
{ "type": "Feature", "properties": { "geoid": "17031820700", "land_area": 4.983928, "total": 6952.0, "nh_white_alone": 1537.0, "nh_black_alone": 50.0, "nh_asian_alone": 69.0, "hispanic": 5232.0, "other": 64.0 }, "geometry": { "type": "MultiPolygon", "coordinates": [ [ [ [ -87.802612, 41.821153 ], [ -87.796087, 41.821268 ], [ -87.792453, 41.821331 ], [ -87.791224, 41.821345 ], [ -87.78758, 41.821406 ], [ -87.782676, 41.821489 ], [ -87.777803, 41.821525 ], [ -87.770436, 41.821638 ], [ -87.753386, 41.821879 ], [ -87.753515, 41.825574 ], [ -87.753565, 41.827398 ], [ -87.753508, 41.829174 ], [ -87.743605, 41.829316 ], [ -87.74354, 41.822167 ], [ -87.744949, 41.821981 ], [ -87.744959, 41.816241 ], [ -87.744949, 41.815998 ], [ -87.748942, 41.814736 ], [ -87.750524, 41.814774 ], [ -87.75296, 41.814677 ], [ -87.753855, 41.814932 ], [ -87.75946, 41.81484 ], [ -87.782504, 41.814341 ], [ -87.782375, 41.810799 ], [ -87.799621, 41.810361 ], [ -87.802112, 41.810321 ], [ -87.802187, 41.812141 ], [ -87.802348, 41.815766 ], [ -87.802612, 41.821153 ] ] ] ] } },
{ "type": "Feature", "properties": { "geoid": "17031730202", "land_area": 0.872692, "total": 2895.0, "nh_white_alone": 58.0, "nh_black_alone": 2787.0, "nh_asian_alone": 0.0, "hispanic": 50.0, "other": 0.0 }, "geometry": { "type": "MultiPolygon", "coordinates": [ [ [ [ -87.653239, 41.732386 ], [ -87.652026, 41.732417 ], [ -87.650816, 41.732435 ], [ -87.646513, 41.732527 ], [ -87.647951, 41.7287 ], [ -87.644526, 41.730001 ], [ -87.64341, 41.728769 ], [ -87.643316, 41.72511 ], [ -87.643312, 41.724943 ], [ -87.643211, 41.721503 ], [ -87.65062, 41.721416 ], [ -87.651716, 41.721396 ], [ -87.652948, 41.721372 ], [ -87.653182, 41.730465 ], [ -87.652619, 41.732068 ], [ -87.653239, 41.732386 ] ] ] ] } },
{ "type": "Feature", "properties": { "geoid": "17031710700", "land_area": 0.490083, "total": 2948.0, "nh_white_alone": 0.0, "nh_black_alone": 2829.0, "nh_asian_alone": 1.0, "hispanic": 71.0, "other": 47.0 }, "geometry": { "type": "MultiPolygon", "coordinates": [ [ [ [ -87.663302, 41.744894 ], [ -87.660872, 41.744929 ], [ -87.658445, 41.744966 ], [ -87.658493, 41.746786 ], [ -87.658541, 41.748607 ], [ -87.65859, 41.750426 ], [ -87.658634, 41.752248 ], [ -87.653786, 41.752318 ], [ -87.653737, 41.750497 ], [ -87.65369, 41.748677 ], [ -87.65364, 41.746858 ], [ -87.653539, 41.743216 ], [ -87.65597, 41.743177 ], [ -87.657185, 41.74316 ], [ -87.663252, 41.743077 ], [ -87.663302, 41.744894 ] ] ] ] } },
{ "type": "Feature", "properties": { "geoid": "17031811900", "land_area": 3.57245, "total": 6194.0, "nh_white_alone": 4574.0, "nh_black_alone": 305.0, "nh_asian_alone": 423.0, "hispanic": 562.0, "other": 330.0 }, "geometry": { "type": "MultiPolygon", "coordinates": [ [ [ [ -87.834654, 41.897259 ], [ -87.834204, 41.898624 ], [ -87.832371, 41.903586 ], [ -87.831854, 41.904088 ], [ -87.831113, 41.904616 ], [ -87.827893, 41.905751 ], [ -87.824798, 41.9077 ], [ -87.824511, 41.908562 ], [ -87.820402, 41.908632 ], [ -87.81554, 41.908715 ], [ -87.813095, 41.908755 ], [ -87.811888, 41.908775 ], [ -87.805748, 41.908904 ], [ -87.805641, 41.90521 ], [ -87.80551, 41.901533 ], [ -87.805377, 41.89789 ], [ -87.805239, 41.894224 ], [ -87.814972, 41.894052 ], [ -87.823677, 41.893867 ], [ -87.825716, 41.893827 ], [ -87.831386, 41.893915 ], [ -87.833612, 41.893732 ], [ -87.834664, 41.895415 ], [ -87.834654, 41.897259 ] ] ] ] } },
{ "type": "Feature", "properties": { "geoid": "17031063301", "land_area": 0.093843, "total": 2898.0, "nh_white_alone": 2021.0, "nh_black_alone": 212.0, "nh_asian_alone": 277.0, "hispanic": 234.0, "other": 154.0 }, "geometry": { "type": "MultiPolygon", "coordinates": [ [ [ [ -87.644265, 41.934252 ], [ -87.644224, 41.934875 ], [ -87.644279, 41.936513 ], [ -87.641858, 41.936554 ], [ -87.641803, 41.934982 ], [ -87.641388, 41.934305 ], [ -87.641374, 41.933389 ], [ -87.641343, 41.93287 ], [ -87.644886, 41.932801 ], [ -87.644265, 41.934252 ] ] ] ] } },
{ "type": "Feature", "properties": { "geoid": "17031833300", "land_area": 0.47733, "total": 2861.0, "nh_white_alone": 1071.0, "nh_black_alone": 130.0, "nh_asian_alone": 906.0, "hispanic": 426.0, "other": 328.0 }, "geometry": { "type": "MultiPolygon", "coordinates": [ [ [ [ -87.657003, 41.876519 ], [ -87.651874, 41.876601 ], [ -87.651046, 41.867087 ], [ -87.656681, 41.866997 ], [ -87.656853, 41.872254 ], [ -87.657003, 41.876519 ] ] ] ] } },
{ "type": "Feature", "properties": { "geoid": "17031839500", "land_area": 0.262139, "total": 1827.0, "nh_white_alone": 227.0, "nh_black_alone": 1083.0, "nh_asian_alone": 77.0, "hispanic": 328.0, "other": 112.0 }, "geometry": { "type": "MultiPolygon", "coordinates": [ [ [ [ -87.621879, 41.836497 ], [ -87.618229, 41.836583 ], [ -87.618269, 41.838409 ], [ -87.617467, 41.838419 ], [ -87.617123, 41.838423 ], [ -87.617019, 41.833616 ], [ -87.616967, 41.8311 ], [ -87.617312, 41.831131 ], [ -87.618406, 41.831091 ], [ -87.621764, 41.831059 ], [ -87.621879, 41.836497 ] ] ] ] } },
{ "type": "Feature", "properties": { "geoid": "17031010702", "land_area": 0.357548, "total": 4739.0, "nh_white_alone": 1195.0, "nh_black_alone": 1754.0, "nh_asian_alone": 46.0, "hispanic": 1577.0, "other": 167.0 }, "geometry": { "type": "MultiPolygon", "coordinates": [ [ [ [ -87.675678, 42.012617 ], [ -87.670198, 42.012714 ], [ -87.670159, 42.01149 ], [ -87.670117, 42.010274 ], [ -87.670073, 42.009049 ], [ -87.670035, 42.007839 ], [ -87.669948, 42.005385 ], [ -87.670593, 42.005374 ], [ -87.674025, 42.005319 ], [ -87.675227, 42.005302 ], [ -87.675276, 42.006533 ], [ -87.675294, 42.007139 ], [ -87.675328, 42.008962 ], [ -87.675406, 42.011394 ], [ -87.675678, 42.012617 ] ] ] ] } },
{ "type": "Feature", "properties": { "geoid": "17031063302", "land_area": 0.121199, "total": 4358.0, "nh_white_alone": 3356.0, "nh_black_alone": 105.0, "nh_asian_alone": 400.0, "hispanic": 221.0, "other": 276.0 }, "geometry": { "type": "MultiPolygon", "coordinates": [ [ [ [ -87.641858, 41.936554 ], [ -87.639434, 41.936587 ], [ -87.638702, 41.936592 ], [ -87.637799, 41.936078 ], [ -87.638003, 41.934372 ], [ -87.637955, 41.932932 ], [ -87.639327, 41.93292 ], [ -87.641343, 41.93287 ], [ -87.641374, 41.933389 ], [ -87.641388, 41.934305 ], [ -87.641803, 41.934982 ], [ -87.641858, 41.936554 ] ] ] ] } },
{ "type": "Feature", "properties": { "geoid": "17031140601", "land_area": 0.272123, "total": 2468.0, "nh_white_alone": 676.0, "nh_black_alone": 122.0, "nh_asian_alone": 316.0, "hispanic": 1282.0, "other": 72.0 }, "geometry": { "type": "MultiPolygon", "coordinates": [ [ [ [ -87.728028, 41.968242 ], [ -87.724386, 41.968281 ], [ -87.724213, 41.962859 ], [ -87.723601, 41.962866 ], [ -87.723557, 41.961439 ], [ -87.724158, 41.960992 ], [ -87.726605, 41.960963 ], [ -87.727828, 41.960947 ], [ -87.727878, 41.962816 ], [ -87.727956, 41.965648 ], [ -87.728028, 41.968242 ] ] ] ] } },
{ "type": "Feature", "properties": { "geoid": "17031301801", "land_area": 0.694937, "total": 4714.0, "nh_white_alone": 154.0, "nh_black_alone": 1.0, "nh_asian_alone": 0.0, "hispanic": 4559.0, "other": 0.0 }, "geometry": { "type": "MultiPolygon", "coordinates": [ [ [ [ -87.739198, 41.845473 ], [ -87.734357, 41.846567 ], [ -87.731115, 41.847314 ], [ -87.731043, 41.844163 ], [ -87.731851, 41.844152 ], [ -87.731188, 41.842321 ], [ -87.731136, 41.840483 ], [ -87.731083, 41.838648 ], [ -87.731691, 41.83864 ], [ -87.731638, 41.836802 ], [ -87.739152, 41.836718 ], [ -87.738908, 41.837137 ], [ -87.739198, 41.845473 ] ] ] ] } },
{ "type": "Feature", "properties": { "geoid": "17031520100", "land_area": 2.581838, "total": 1816.0, "nh_white_alone": 112.0, "nh_black_alone": 24.0, "nh_asian_alone": 0.0, "hispanic": 1667.0, "other": 13.0 }, "geometry": { "type": "MultiPolygon", "coordinates": [ [ [ [ -87.542177, 41.726385 ], [ -87.539326, 41.728639 ], [ -87.536545, 41.729635 ], [ -87.529266969511497, 41.7328594691148 ], [ -87.529255, 41.732758 ], [ -87.524622, 41.723522 ], [ -87.525215, 41.717551 ], [ -87.529018, 41.715376 ], [ -87.526599, 41.712234 ], [ -87.528227, 41.710878 ], [ -87.524165, 41.708314 ], [ -87.524448019050794, 41.702679347988898 ], [ -87.526528, 41.70269 ], [ -87.526475, 41.704545 ], [ -87.528467, 41.706404 ], [ -87.530452, 41.706384 ], [ -87.531661, 41.708219 ], [ -87.535289, 41.708217 ], [ -87.535279, 41.711973 ], [ -87.535288, 41.71955 ], [ -87.535286, 41.721398 ], [ -87.536543, 41.722942 ], [ -87.538923, 41.722913 ], [ -87.542919, 41.72286 ], [ -87.542177, 41.726385 ] ] ] ] } },
{ "type": "Feature", "properties": { "geoid": "17031610800", "land_area": 0.332497, "total": 1584.0, "nh_white_alone": 947.0, "nh_black_alone": 0.0, "nh_asian_alone": 232.0, "hispanic": 373.0, "other": 32.0 }, "geometry": { "type": "MultiPolygon", "coordinates": [ [ [ [ -87.64125, 41.816258 ], [ -87.635996, 41.81635 ], [ -87.635839, 41.809046 ], [ -87.640679, 41.808952 ], [ -87.640722, 41.810782 ], [ -87.64125, 41.816258 ] ] ] ] } },
{ "type": "Feature", "properties": { "geoid": "17031220902", "land_area": 0.330304, "total": 3020.0, "nh_white_alone": 911.0, "nh_black_alone": 123.0, "nh_asian_alone": 50.0, "hispanic": 1908.0, "other": 28.0 }, "geometry": { "type": "MultiPolygon", "coordinates": [ [ [ [ -87.727075, 41.922645 ], [ -87.726441, 41.922654 ], [ -87.726769, 41.924484 ], [ -87.725551, 41.924499 ], [ -87.721882, 41.924542 ], [ -87.719438, 41.924573 ], [ -87.716994, 41.924603 ], [ -87.716885, 41.920943 ], [ -87.71933, 41.920913 ], [ -87.721777, 41.920884 ], [ -87.726667, 41.920825 ], [ -87.727075, 41.922645 ] ] ] ] } },
{ "type": "Feature", "properties": { "geoid": "17031630600", "land_area": 1.102329, "total": 2864.0, "nh_white_alone": 89.0, "nh_black_alone": 201.0, "nh_asian_alone": 51.0, "hispanic": 2523.0, "other": 0.0 }, "geometry": { "type": "MultiPolygon", "coordinates": [ [ [ [ -87.703865, 41.804309 ], [ -87.68437, 41.804632 ], [ -87.679726, 41.804631 ], [ -87.679641, 41.801168 ], [ -87.679605, 41.798857 ], [ -87.679592, 41.798172 ], [ -87.679588, 41.797877 ], [ -87.678885, 41.794786 ], [ -87.678815, 41.793868 ], [ -87.682292, 41.793828 ], [ -87.683478, 41.793853 ], [ -87.684042, 41.793877 ], [ -87.684129, 41.79751 ], [ -87.684224, 41.801146 ], [ -87.689121, 41.801073 ], [ -87.694, 41.800989 ], [ -87.698884, 41.800904 ], [ -87.703766, 41.800821 ], [ -87.703865, 41.804309 ] ] ] ] } },
{ "type": "Feature", "properties": { "geoid": "17031580501", "land_area": 0.492117, "total": 4728.0, "nh_white_alone": 530.0, "nh_black_alone": 34.0, "nh_asian_alone": 607.0, "hispanic": 3509.0, "other": 48.0 }, "geometry": { "type": "MultiPolygon", "coordinates": [ [ [ [ -87.70444, 41.82259 ], [ -87.699537, 41.822689 ], [ -87.694627, 41.822786 ], [ -87.69457, 41.820129 ], [ -87.694566, 41.820023 ], [ -87.694482, 41.81736 ], [ -87.698508, 41.817607 ], [ -87.699397, 41.817064 ], [ -87.704331, 41.8172 ], [ -87.704434, 41.819891 ], [ -87.70444, 41.82259 ] ] ] ] } },
{ "type": "Feature", "properties": { "geoid": "17031510200", "land_area": 1.277946, "total": 2985.0, "nh_white_alone": 253.0, "nh_black_alone": 2173.0, "nh_asian_alone": 15.0, "hispanic": 530.0, "other": 14.0 }, "geometry": { "type": "MultiPolygon", "coordinates": [ [ [ [ -87.564717, 41.7226 ], [ -87.556604, 41.722701 ], [ -87.556548, 41.719049 ], [ -87.556495, 41.715433 ], [ -87.556345, 41.713361 ], [ -87.55509, 41.713366 ], [ -87.554968, 41.706396 ], [ -87.558709, 41.706392 ], [ -87.558206, 41.702772 ], [ -87.559603, 41.702777 ], [ -87.559662, 41.708168 ], [ -87.564511, 41.708103 ], [ -87.564517, 41.708536 ], [ -87.564537, 41.709896 ], [ -87.564586, 41.713526 ], [ -87.564611, 41.715356 ], [ -87.564682, 41.720293 ], [ -87.564717, 41.7226 ] ] ] ] } },
{ "type": "Feature", "properties": { "geoid": "17031836000", "land_area": 0.50574, "total": 2695.0, "nh_white_alone": 136.0, "nh_black_alone": 2180.0, "nh_asian_alone": 32.0, "hispanic": 82.0, "other": 265.0 }, "geometry": { "type": "MultiPolygon", "coordinates": [ [ [ [ -87.616792, 41.816635 ], [ -87.616529, 41.816638 ], [ -87.61409, 41.816683 ], [ -87.611642, 41.816729 ], [ -87.606708, 41.816814 ], [ -87.606605, 41.811354 ], [ -87.611499, 41.81128 ], [ -87.613831, 41.811242 ], [ -87.616639, 41.811197 ], [ -87.61669, 41.81301 ], [ -87.616792, 41.816635 ] ] ] ] } },
{ "type": "Feature", "properties": { "geoid": "17031834400", "land_area": 0.586494, "total": 3733.0, "nh_white_alone": 344.0, "nh_black_alone": 3087.0, "nh_asian_alone": 42.0, "hispanic": 34.0, "other": 226.0 }, "geometry": { "type": "MultiPolygon", "coordinates": [ [ [ [ -87.600983, 41.77683 ], [ -87.600374, 41.776836 ], [ -87.600459, 41.780475 ], [ -87.597824, 41.780504 ], [ -87.596204, 41.780522 ], [ -87.591528, 41.780566 ], [ -87.59145, 41.77802 ], [ -87.5917, 41.776918 ], [ -87.592115, 41.775097 ], [ -87.59295, 41.775079 ], [ -87.592914, 41.773268 ], [ -87.596041, 41.773236 ], [ -87.600902, 41.773188 ], [ -87.600983, 41.77683 ] ] ] ] } },
{ "type": "Feature", "properties": { "geoid": "17031390600", "land_area": 0.324629, "total": 1898.0, "nh_white_alone": 755.0, "nh_black_alone": 784.0, "nh_asian_alone": 146.0, "hispanic": 32.0, "other": 181.0 }, "geometry": { "type": "MultiPolygon", "coordinates": [ [ [ [ -87.596832, 41.809642 ], [ -87.592432, 41.809686 ], [ -87.59207, 41.809383 ], [ -87.591916, 41.806054 ], [ -87.591882, 41.804235 ], [ -87.591852, 41.802421 ], [ -87.596707, 41.802366 ], [ -87.596737, 41.804181 ], [ -87.596768, 41.806003 ], [ -87.5968, 41.807825 ], [ -87.596832, 41.809642 ] ] ] ] } },
{ "type": "Feature", "properties": { "geoid": "17031806600", "land_area": 2.823386, "total": 3089.0, "nh_white_alone": 1783.0, "nh_black_alone": 62.0, "nh_asian_alone": 260.0, "hispanic": 955.0, "other": 29.0 }, "geometry": { "type": "MultiPolygon", "coordinates": [ [ [ [ -87.885572, 42.009639 ], [ -87.879633, 42.009805 ], [ -87.872294, 42.009991 ], [ -87.869574, 42.01006 ], [ -87.861355, 42.010293 ], [ -87.859853, 42.008367 ], [ -87.860848, 42.006586 ], [ -87.864285, 42.004933 ], [ -87.864111, 42.003344 ], [ -87.863744, 42.002906 ], [ -87.859579, 41.999566 ], [ -87.859818, 41.999066 ], [ -87.860577, 41.998327 ], [ -87.861481, 41.997661 ], [ -87.861341, 41.997148 ], [ -87.860769, 41.996665 ], [ -87.859437, 41.995847 ], [ -87.861774, 41.995789 ], [ -87.865855, 41.99568 ], [ -87.873352, 41.995342 ], [ -87.874264, 41.99558 ], [ -87.874691, 41.995695 ], [ -87.884531, 41.998223 ], [ -87.884541, 41.998959 ], [ -87.884531, 42.002407 ], [ -87.88474, 42.006014 ], [ -87.88585, 42.009623 ], [ -87.885572, 42.009639 ] ] ] ] } },
{ "type": "Feature", "properties": { "geoid": "17031811701", "land_area": 7.240184, "total": 2969.0, "nh_white_alone": 459.0, "nh_black_alone": 0.0, "nh_asian_alone": 49.0, "hispanic": 2428.0, "other": 33.0 }, "geometry": { "type": "MultiPolygon", "coordinates": [ [ [ [ -87.920265, 41.935804 ], [ -87.920251, 41.9416 ], [ -87.920244, 41.943126 ], [ -87.920243, 41.94636 ], [ -87.920205, 41.95127 ], [ -87.920197, 41.953259 ], [ -87.920171, 41.958165 ], [ -87.916804, 41.957701 ], [ -87.915854, 41.957449 ], [ -87.914451, 41.956808 ], [ -87.914454, 41.953536 ], [ -87.908677, 41.951963 ], [ -87.90667, 41.951546 ], [ -87.902082, 41.951036 ], [ -87.901349, 41.950999 ], [ -87.897162, 41.950637 ], [ -87.892661, 41.950712 ], [ -87.892663, 41.95213 ], [ -87.893248, 41.954707 ], [ -87.893087, 41.958086 ], [ -87.890763, 41.95803 ], [ -87.890463, 41.95463 ], [ -87.890663, 41.95343 ], [ -87.885679, 41.953284 ], [ -87.885395, 41.945561 ], [ -87.885274, 41.943655 ], [ -87.885209, 41.942229 ], [ -87.88513, 41.9405 ], [ -87.884947, 41.936419 ], [ -87.884727, 41.930987 ], [ -87.884681, 41.93028 ], [ -87.886262, 41.930347 ], [ -87.894453, 41.930583 ], [ -87.899253, 41.930721 ], [ -87.906311, 41.930921 ], [ -87.909036, 41.930995 ], [ -87.91416, 41.931128 ], [ -87.919629, 41.931282 ], [ -87.920288, 41.9313 ], [ -87.920265, 41.935804 ] ] ] ] } },
{ "type": "Feature", "properties": { "geoid": "17031810200", "land_area": 0.883828, "total": 6470.0, "nh_white_alone": 1864.0, "nh_black_alone": 2906.0, "nh_asian_alone": 507.0, "hispanic": 897.0, "other": 296.0 }, "geometry": { "type": "MultiPolygon", "coordinates": [ [ [ [ -87.690123, 42.023487 ], [ -87.690106, 42.024957 ], [ -87.690082, 42.026739 ], [ -87.685455, 42.026656 ], [ -87.680396, 42.026571 ], [ -87.67842, 42.02656 ], [ -87.677604, 42.022957 ], [ -87.677199, 42.022942 ], [ -87.67331, 42.019387 ], [ -87.676855, 42.019411 ], [ -87.680448, 42.019447 ], [ -87.684653, 42.019485 ], [ -87.690174, 42.019528 ], [ -87.690123, 42.023487 ] ] ] ] } },
{ "type": "Feature", "properties": { "geoid": "17031836400", "land_area": 0.799114, "total": 3357.0, "nh_white_alone": 180.0, "nh_black_alone": 2639.0, "nh_asian_alone": 0.0, "hispanic": 296.0, "other": 242.0 }, "geometry": { "type": "MultiPolygon", "coordinates": [ [ [ [ -87.606859, 41.823129 ], [ -87.606515, 41.82337 ], [ -87.604955, 41.823779 ], [ -87.603469, 41.824294 ], [ -87.600914, 41.825235 ], [ -87.599430635696507, 41.825464492891001 ], [ -87.592462791873103, 41.8169381622697 ], [ -87.596664, 41.816841 ], [ -87.598882, 41.816905 ], [ -87.599417, 41.816895 ], [ -87.60063, 41.816884 ], [ -87.601852, 41.81687 ], [ -87.604064, 41.816846 ], [ -87.606708, 41.816814 ], [ -87.606859, 41.823129 ] ] ] ] } },
{ "type": "Feature", "properties": { "geoid": "17031825700", "land_area": 4.804119, "total": 3937.0, "nh_white_alone": 370.0, "nh_black_alone": 2504.0, "nh_asian_alone": 9.0, "hispanic": 1014.0, "other": 40.0 }, "geometry": { "type": "MultiPolygon", "coordinates": [ [ [ [ -87.564072, 41.644635 ], [ -87.560524, 41.644719 ], [ -87.559316, 41.644548 ], [ -87.558068, 41.644548 ], [ -87.552344, 41.644535 ], [ -87.548001, 41.644491 ], [ -87.542271, 41.644553 ], [ -87.541314, 41.644463 ], [ -87.540509, 41.644286 ], [ -87.539917, 41.644323 ], [ -87.538787, 41.644535 ], [ -87.525014657719893, 41.644635955745102 ], [ -87.52505, 41.639283 ], [ -87.525066170691005, 41.635466988705801 ], [ -87.525076685064704, 41.632985773216397 ], [ -87.525088457635803, 41.6302076443083 ], [ -87.532543, 41.630135 ], [ -87.533736, 41.630756 ], [ -87.539243, 41.63149 ], [ -87.542443, 41.633635 ], [ -87.544374, 41.633526 ], [ -87.544448, 41.630416 ], [ -87.548068, 41.629925 ], [ -87.548443, 41.629956 ], [ -87.554173, 41.629959 ], [ -87.559213, 41.630004 ], [ -87.564019, 41.630033 ], [ -87.563747, 41.637931 ], [ -87.564072, 41.644635 ] ] ] ] } },
{ "type": "Feature", "properties": { "geoid": "17031020400", "land_area": 0.555577, "total": 4363.0, "nh_white_alone": 1512.0, "nh_black_alone": 1240.0, "nh_asian_alone": 418.0, "hispanic": 1054.0, "other": 139.0 }, "geometry": { "type": "MultiPolygon", "coordinates": [ [ [ [ -87.690247, 42.01228 ], [ -87.683086, 42.012323 ], [ -87.682323, 42.010157 ], [ -87.682288, 42.010059 ], [ -87.681842, 42.008845 ], [ -87.681161, 42.00735 ], [ -87.680171, 42.005206 ], [ -87.683816, 42.005143 ], [ -87.690071, 42.005033 ], [ -87.690123, 42.007157 ], [ -87.690189, 42.009817 ], [ -87.690247, 42.01228 ] ] ] ] } },
{ "type": "Feature", "properties": { "geoid": "17031190402", "land_area": 0.65398, "total": 4580.0, "nh_white_alone": 1083.0, "nh_black_alone": 0.0, "nh_asian_alone": 243.0, "hispanic": 3147.0, "other": 107.0 }, "geometry": { "type": "MultiPolygon", "coordinates": [ [ [ [ -87.776215, 41.938448 ], [ -87.770142, 41.938527 ], [ -87.7665, 41.938575 ], [ -87.766435, 41.936752 ], [ -87.766372, 41.934928 ], [ -87.76631, 41.9331 ], [ -87.766246, 41.931277 ], [ -87.771105, 41.931209 ], [ -87.773533, 41.931174 ], [ -87.775966, 41.931139 ], [ -87.776089, 41.934795 ], [ -87.776215, 41.938448 ] ] ] ] } },
{ "type": "Feature", "properties": { "geoid": "17031171000", "land_area": 1.393039, "total": 6178.0, "nh_white_alone": 2663.0, "nh_black_alone": 63.0, "nh_asian_alone": 898.0, "hispanic": 2341.0, "other": 213.0 }, "geometry": { "type": "MultiPolygon", "coordinates": [ [ [ [ -87.807005, 41.945265 ], [ -87.803308, 41.945336 ], [ -87.800841, 41.945386 ], [ -87.798413, 41.94543 ], [ -87.795987, 41.945479 ], [ -87.792327, 41.945549 ], [ -87.786307, 41.945663 ], [ -87.78621, 41.941994 ], [ -87.786031, 41.938317 ], [ -87.790796, 41.938238 ], [ -87.792036, 41.938219 ], [ -87.796915, 41.93814 ], [ -87.798132, 41.938122 ], [ -87.799387, 41.938105 ], [ -87.80303, 41.938051 ], [ -87.803985, 41.938035 ], [ -87.806747, 41.937996 ], [ -87.807005, 41.945265 ] ] ] ] } },
{ "type": "Feature", "properties": { "geoid": "17031160900", "land_area": 0.657733, "total": 2496.0, "nh_white_alone": 1225.0, "nh_black_alone": 196.0, "nh_asian_alone": 429.0, "hispanic": 599.0, "other": 47.0 }, "geometry": { "type": "MultiPolygon", "coordinates": [ [ [ [ -87.727618, 41.953662 ], [ -87.722711, 41.953726 ], [ -87.721487, 41.953742 ], [ -87.719038, 41.953775 ], [ -87.717813, 41.953791 ], [ -87.717665, 41.948326 ], [ -87.717559, 41.946504 ], [ -87.718764, 41.946488 ], [ -87.719768, 41.946475 ], [ -87.722506, 41.946439 ], [ -87.724954, 41.946405 ], [ -87.727401, 41.946373 ], [ -87.727508, 41.950032 ], [ -87.727618, 41.953662 ] ] ] ] } },
{ "type": "Feature", "properties": { "geoid": "17031221600", "land_area": 0.327758, "total": 3406.0, "nh_white_alone": 2177.0, "nh_black_alone": 51.0, "nh_asian_alone": 201.0, "hispanic": 849.0, "other": 128.0 }, "geometry": { "type": "MultiPolygon", "coordinates": [ [ [ [ -87.687642, 41.924901 ], [ -87.685209, 41.924932 ], [ -87.683641, 41.924955 ], [ -87.682732, 41.924465 ], [ -87.68264, 41.921313 ], [ -87.682519, 41.917659 ], [ -87.684959, 41.917615 ], [ -87.686919, 41.917574 ], [ -87.68741, 41.917568 ], [ -87.687642, 41.924901 ] ] ] ] } },
{ "type": "Feature", "properties": { "geoid": "17031210602", "land_area": 0.381387, "total": 3942.0, "nh_white_alone": 1270.0, "nh_black_alone": 227.0, "nh_asian_alone": 124.0, "hispanic": 2227.0, "other": 94.0 }, "geometry": { "type": "MultiPolygon", "coordinates": [ [ [ [ -87.717287, 41.935382 ], [ -87.714541, 41.937433 ], [ -87.71243, 41.937463 ], [ -87.712372, 41.935344 ], [ -87.709954, 41.935682 ], [ -87.708738, 41.935697 ], [ -87.707529, 41.935698 ], [ -87.707476, 41.933876 ], [ -87.707441, 41.932485 ], [ -87.707427, 41.932029 ], [ -87.709866, 41.932003 ], [ -87.71231, 41.931984 ], [ -87.715971, 41.931924 ], [ -87.717195, 41.931911 ], [ -87.717237, 41.933735 ], [ -87.717278, 41.935091 ], [ -87.717287, 41.935382 ] ] ] ] } },
{ "type": "Feature", "properties": { "geoid": "17031231500", "land_area": 0.999706, "total": 6045.0, "nh_white_alone": 270.0, "nh_black_alone": 2766.0, "nh_asian_alone": 177.0, "hispanic": 2801.0, "other": 31.0 }, "geometry": { "type": "MultiPolygon", "coordinates": [ [ [ [ -87.72608, 41.895368 ], [ -87.723637, 41.89539 ], [ -87.722412, 41.895401 ], [ -87.719973, 41.895427 ], [ -87.718755, 41.895437 ], [ -87.716314, 41.895461 ], [ -87.715094, 41.895473 ], [ -87.713873, 41.895483 ], [ -87.712655, 41.895495 ], [ -87.711436, 41.895507 ], [ -87.711326, 41.891843 ], [ -87.711219, 41.888113 ], [ -87.718541, 41.88804 ], [ -87.720982, 41.888018 ], [ -87.725873, 41.887957 ], [ -87.725972, 41.891694 ], [ -87.72608, 41.895368 ] ] ] ] } },
{ "type": "Feature", "properties": { "geoid": "17031620100", "land_area": 0.837583, "total": 4814.0, "nh_white_alone": 434.0, "nh_black_alone": 155.0, "nh_asian_alone": 190.0, "hispanic": 4035.0, "other": 0.0 }, "geometry": { "type": "MultiPolygon", "coordinates": [ [ [ [ -87.723373, 41.800546 ], [ -87.72315, 41.800551 ], [ -87.715106, 41.804041 ], [ -87.713762, 41.805851 ], [ -87.713635, 41.804189 ], [ -87.713499, 41.797024 ], [ -87.713467, 41.795205 ], [ -87.713399, 41.793362 ], [ -87.71826, 41.793276 ], [ -87.723159, 41.793204 ], [ -87.723213, 41.795052 ], [ -87.723265, 41.796847 ], [ -87.723369, 41.800362 ], [ -87.723373, 41.800546 ] ] ] ] } },
{ "type": "Feature", "properties": { "geoid": "17031010501", "land_area": 0.202133, "total": 3718.0, "nh_white_alone": 2264.0, "nh_black_alone": 585.0, "nh_asian_alone": 257.0, "hispanic": 496.0, "other": 116.0 }, "geometry": { "type": "MultiPolygon", "coordinates": [ [ [ [ -87.665924, 42.012787 ], [ -87.663453, 42.01283 ], [ -87.662946, 42.011762 ], [ -87.662485, 42.010401 ], [ -87.662089, 42.009183 ], [ -87.661692, 42.007979 ], [ -87.661295, 42.006767 ], [ -87.661869, 42.006141 ], [ -87.665697, 42.006696 ], [ -87.665737, 42.007915 ], [ -87.665779, 42.009128 ], [ -87.665818, 42.010345 ], [ -87.665924, 42.012787 ] ] ] ] } },
{ "type": "Feature", "properties": { "geoid": "17031081300", "land_area": 0.202656, "total": 5704.0, "nh_white_alone": 3540.0, "nh_black_alone": 555.0, "nh_asian_alone": 856.0, "hispanic": 614.0, "other": 139.0 }, "geometry": { "type": "MultiPolygon", "coordinates": [ [ [ [ -87.624103, 41.898386 ], [ -87.624127, 41.89921 ], [ -87.624161, 41.900006 ], [ -87.621889, 41.900045 ], [ -87.620234, 41.900073 ], [ -87.618931111470701, 41.900112070641697 ], [ -87.617938052820605, 41.8987318330989 ], [ -87.616537093401803, 41.896784660305499 ], [ -87.62037, 41.896785 ], [ -87.621831, 41.896769 ], [ -87.624243, 41.896734 ], [ -87.624103, 41.898386 ] ] ] ] } },
{ "type": "Feature", "properties": { "geoid": "17031821401", "land_area": 0.853996, "total": 2243.0, "nh_white_alone": 25.0, "nh_black_alone": 2035.0, "nh_asian_alone": 0.0, "hispanic": 25.0, "other": 158.0 }, "geometry": { "type": "MultiPolygon", "coordinates": [ [ [ [ -87.668171, 41.662813 ], [ -87.663903, 41.666564 ], [ -87.659547, 41.670319 ], [ -87.658795, 41.670335 ], [ -87.657114, 41.670306 ], [ -87.652627, 41.670373 ], [ -87.651411, 41.670393 ], [ -87.651313, 41.666771 ], [ -87.651212, 41.663096 ], [ -87.654821, 41.663041 ], [ -87.657254, 41.663007 ], [ -87.665753, 41.662859 ], [ -87.668171, 41.662813 ] ] ] ] } },
{ "type": "Feature", "properties": { "geoid": "17031720300", "land_area": 1.264753, "total": 3448.0, "nh_white_alone": 2277.0, "nh_black_alone": 937.0, "nh_asian_alone": 0.0, "hispanic": 89.0, "other": 145.0 }, "geometry": { "type": "MultiPolygon", "coordinates": [ [ [ [ -87.682067, 41.72094 ], [ -87.674793, 41.72107 ], [ -87.672788, 41.721112 ], [ -87.672353, 41.721124 ], [ -87.672255, 41.717443 ], [ -87.672062, 41.710188 ], [ -87.673616, 41.710152 ], [ -87.673506, 41.708031 ], [ -87.672081, 41.706538 ], [ -87.673033, 41.706521 ], [ -87.68162, 41.706376 ], [ -87.681843, 41.713672 ], [ -87.681962, 41.717284 ], [ -87.682067, 41.72094 ] ] ] ] } },
{ "type": "Feature", "properties": { "geoid": "17031813801", "land_area": 0.841626, "total": 3090.0, "nh_white_alone": 91.0, "nh_black_alone": 35.0, "nh_asian_alone": 0.0, "hispanic": 2964.0, "other": 0.0 }, "geometry": { "type": "MultiPolygon", "coordinates": [ [ [ [ -87.749175, 41.851269 ], [ -87.74672, 41.851301 ], [ -87.744267, 41.851351 ], [ -87.744324, 41.853107 ], [ -87.744387, 41.854933 ], [ -87.74314, 41.854954 ], [ -87.743203, 41.856775 ], [ -87.743261, 41.858603 ], [ -87.739767, 41.858654 ], [ -87.739423, 41.851351 ], [ -87.739221, 41.845979 ], [ -87.743724, 41.844872 ], [ -87.744047, 41.844841 ], [ -87.744193, 41.844828 ], [ -87.746502, 41.844857 ], [ -87.74864, 41.844758 ], [ -87.748978, 41.844928 ], [ -87.749175, 41.851269 ] ] ] ] } },
{ "type": "Feature", "properties": { "geoid": "17031810702", "land_area": 0.686174, "total": 4301.0, "nh_white_alone": 2342.0, "nh_black_alone": 83.0, "nh_asian_alone": 153.0, "hispanic": 1649.0, "other": 74.0 }, "geometry": { "type": "MultiPolygon", "coordinates": [ [ [ [ -87.82597, 41.928197 ], [ -87.818412, 41.925946 ], [ -87.816285, 41.925578 ], [ -87.816137, 41.927055 ], [ -87.813689, 41.927109 ], [ -87.811268, 41.927676 ], [ -87.806387, 41.927752 ], [ -87.806365, 41.927131 ], [ -87.806255, 41.924007 ], [ -87.80623, 41.92336 ], [ -87.806226, 41.923093 ], [ -87.808143, 41.92346 ], [ -87.812351, 41.923396 ], [ -87.813568, 41.923384 ], [ -87.816011, 41.923339 ], [ -87.818447, 41.923293 ], [ -87.820887, 41.923249 ], [ -87.825821, 41.923163 ], [ -87.82596, 41.927099 ], [ -87.82597, 41.928197 ] ] ] ] } },
{ "type": "Feature", "properties": { "geoid": "17031680600", "land_area": 0.326466, "total": 1205.0, "nh_white_alone": 0.0, "nh_black_alone": 1141.0, "nh_asian_alone": 0.0, "hispanic": 64.0, "other": 0.0 }, "geometry": { "type": "MultiPolygon", "coordinates": [ [ [ [ -87.654684, 41.786886 ], [ -87.649828, 41.786956 ], [ -87.649737, 41.783315 ], [ -87.649643, 41.779674 ], [ -87.652072, 41.779644 ], [ -87.654502, 41.779608 ], [ -87.65455, 41.781427 ], [ -87.654684, 41.786886 ] ] ] ] } },
{ "type": "Feature", "properties": { "geoid": "17031580400", "land_area": 1.31612, "total": 4236.0, "nh_white_alone": 428.0, "nh_black_alone": 205.0, "nh_asian_alone": 613.0, "hispanic": 2990.0, "other": 0.0 }, "geometry": { "type": "MultiPolygon", "coordinates": [ [ [ [ -87.714329, 41.822435 ], [ -87.70444, 41.82259 ], [ -87.704434, 41.819891 ], [ -87.704331, 41.8172 ], [ -87.704262, 41.815421 ], [ -87.704211, 41.814113 ], [ -87.704118, 41.811759 ], [ -87.704046, 41.809939 ], [ -87.703975, 41.808115 ], [ -87.713872, 41.807992 ], [ -87.713876, 41.80818 ], [ -87.714329, 41.822435 ] ] ] ] } },
{ "type": "Feature", "properties": { "geoid": "17031590700", "land_area": 0.86983, "total": 2544.0, "nh_white_alone": 358.0, "nh_black_alone": 13.0, "nh_asian_alone": 488.0, "hispanic": 1615.0, "other": 70.0 }, "geometry": { "type": "MultiPolygon", "coordinates": [ [ [ [ -87.670399, 41.830447 ], [ -87.667953, 41.830474 ], [ -87.666736, 41.830488 ], [ -87.665568, 41.830501 ], [ -87.657326, 41.830601 ], [ -87.657439, 41.824885 ], [ -87.65598, 41.823316 ], [ -87.665462, 41.82315 ], [ -87.667777, 41.823183 ], [ -87.670213, 41.82317 ], [ -87.670255, 41.824968 ], [ -87.670353, 41.828619 ], [ -87.670399, 41.830447 ] ] ] ] } },
{ "type": "Feature", "properties": { "geoid": "17031490800", "land_area": 1.081033, "total": 3573.0, "nh_white_alone": 0.0, "nh_black_alone": 3396.0, "nh_asian_alone": 0.0, "hispanic": 140.0, "other": 37.0 }, "geometry": { "type": "MultiPolygon", "coordinates": [ [ [ [ -87.623655, 41.713539 ], [ -87.623553, 41.714332 ], [ -87.622884, 41.715738 ], [ -87.622761, 41.716921 ], [ -87.620117, 41.714542 ], [ -87.614401, 41.713437 ], [ -87.613952, 41.713444 ], [ -87.613944, 41.713162 ], [ -87.605189, 41.7133 ], [ -87.606518, 41.707433 ], [ -87.610113, 41.70737 ], [ -87.613767, 41.707315 ], [ -87.618643, 41.707239 ], [ -87.623523, 41.707165 ], [ -87.623595, 41.710806 ], [ -87.623655, 41.713539 ] ] ] ] } },
{ "type": "Feature", "properties": { "geoid": "17031310200", "land_area": 0.320573, "total": 1508.0, "nh_white_alone": 599.0, "nh_black_alone": 92.0, "nh_asian_alone": 245.0, "hispanic": 467.0, "other": 105.0 }, "geometry": { "type": "MultiPolygon", "coordinates": [ [ [ [ -87.646706, 41.859911 ], [ -87.644468, 41.859954 ], [ -87.644222, 41.859956 ], [ -87.64194, 41.859984 ], [ -87.641706, 41.852764 ], [ -87.644465, 41.852669 ], [ -87.645187, 41.852664 ], [ -87.645415, 41.852662 ], [ -87.646495, 41.852647 ], [ -87.646706, 41.859911 ] ] ] ] } },
{ "type": "Feature", "properties": { "geoid": "17031252000", "land_area": 0.624594, "total": 5643.0, "nh_white_alone": 651.0, "nh_black_alone": 4469.0, "nh_asian_alone": 10.0, "hispanic": 307.0, "other": 206.0 }, "geometry": { "type": "MultiPolygon", "coordinates": [ [ [ [ -87.774881, 41.887072 ], [ -87.770002, 41.887136 ], [ -87.765106, 41.887201 ], [ -87.765002, 41.884235 ], [ -87.764864, 41.880246 ], [ -87.769761, 41.880218 ], [ -87.774658, 41.880151 ], [ -87.774782, 41.884132 ], [ -87.774881, 41.887072 ] ] ] ] } },
{ "type": "Feature", "properties": { "geoid": "17031811500", "land_area": 2.825236, "total": 6236.0, "nh_white_alone": 2876.0, "nh_black_alone": 0.0, "nh_asian_alone": 30.0, "hispanic": 3324.0, "other": 6.0 }, "geometry": { "type": "MultiPolygon", "coordinates": [ [ [ [ -87.885395, 41.945561 ], [ -87.880503, 41.945547 ], [ -87.878109, 41.946403 ], [ -87.875673, 41.94613 ], [ -87.875651, 41.945657 ], [ -87.865945, 41.945835 ], [ -87.862835, 41.946047 ], [ -87.86342, 41.947519 ], [ -87.858799, 41.947928 ], [ -87.85885, 41.945911 ], [ -87.854205, 41.945988 ], [ -87.853758, 41.945085 ], [ -87.853018, 41.94307 ], [ -87.851499, 41.93881 ], [ -87.849588, 41.937286 ], [ -87.851551, 41.937259 ], [ -87.853538, 41.937034 ], [ -87.859719, 41.936898 ], [ -87.865515, 41.936843 ], [ -87.867953, 41.936942 ], [ -87.87037, 41.936734 ], [ -87.870369, 41.936691 ], [ -87.875229, 41.936603 ], [ -87.876445, 41.936578 ], [ -87.880094, 41.93651 ], [ -87.884947, 41.936419 ], [ -87.88513, 41.9405 ], [ -87.885209, 41.942229 ], [ -87.885274, 41.943655 ], [ -87.885395, 41.945561 ] ] ] ] } },
{ "type": "Feature", "properties": { "geoid": "17031250400", "land_area": 1.308325, "total": 5733.0, "nh_white_alone": 108.0, "nh_black_alone": 3562.0, "nh_asian_alone": 0.0, "hispanic": 1751.0, "other": 312.0 }, "geometry": { "type": "MultiPolygon", "coordinates": [ [ [ [ -87.785226, 41.916452 ], [ -87.77547, 41.916552 ], [ -87.765745, 41.916624 ], [ -87.765739, 41.914517 ], [ -87.765647, 41.913027 ], [ -87.765629, 41.912668 ], [ -87.765549, 41.90994 ], [ -87.765724, 41.909379 ], [ -87.770754, 41.909313 ], [ -87.771458, 41.909306 ], [ -87.7756, 41.909254 ], [ -87.778868, 41.909213 ], [ -87.779515, 41.909205 ], [ -87.783355, 41.909169 ], [ -87.785002, 41.909148 ], [ -87.785119, 41.91278 ], [ -87.785177, 41.914592 ], [ -87.785226, 41.916452 ] ] ] ] } },
{ "type": "Feature", "properties": { "geoid": "17031243100", "land_area": 0.324004, "total": 1912.0, "nh_white_alone": 882.0, "nh_black_alone": 55.0, "nh_asian_alone": 152.0, "hispanic": 719.0, "other": 104.0 }, "geometry": { "type": "MultiPolygon", "coordinates": [ [ [ [ -87.677052, 41.895912 ], [ -87.672173, 41.895992 ], [ -87.67209, 41.893262 ], [ -87.67201, 41.890526 ], [ -87.671989, 41.889806 ], [ -87.671961, 41.8888 ], [ -87.676846, 41.88872 ], [ -87.676874, 41.889726 ], [ -87.676929, 41.891548 ], [ -87.676974, 41.893173 ], [ -87.677052, 41.895912 ] ] ] ] } },
{ "type": "Feature", "properties": { "geoid": "17031240300", "land_area": 0.166319, "total": 1299.0, "nh_white_alone": 921.0, "nh_black_alone": 17.0, "nh_asian_alone": 139.0, "hispanic": 67.0, "other": 155.0 }, "geometry": { "type": "MultiPolygon", "coordinates": [ [ [ [ -87.677547, 41.914249 ], [ -87.676326, 41.914179 ], [ -87.672667, 41.91425 ], [ -87.672576, 41.910561 ], [ -87.677463, 41.91047 ], [ -87.677547, 41.914249 ] ] ] ] } },
{ "type": "Feature", "properties": { "geoid": "17031843700", "land_area": 1.20481, "total": 2602.0, "nh_white_alone": 1855.0, "nh_black_alone": 55.0, "nh_asian_alone": 102.0, "hispanic": 246.0, "other": 344.0 }, "geometry": { "type": "MultiPolygon", "coordinates": [ [ [ [ -87.696759, 41.950456 ], [ -87.694446, 41.953994 ], [ -87.692068, 41.954007 ], [ -87.690877, 41.954013 ], [ -87.688467, 41.954032 ], [ -87.688361, 41.950379 ], [ -87.688258, 41.946731 ], [ -87.688153, 41.943098 ], [ -87.688243, 41.94274 ], [ -87.688173, 41.939461 ], [ -87.688052, 41.93946 ], [ -87.683201, 41.939513 ], [ -87.683109, 41.935872 ], [ -87.685521, 41.934932 ], [ -87.68563, 41.933871 ], [ -87.687404, 41.935777 ], [ -87.687986, 41.936062 ], [ -87.689974, 41.936659 ], [ -87.692462, 41.939427 ], [ -87.695199, 41.942369 ], [ -87.696208, 41.946696 ], [ -87.696759, 41.950456 ] ] ] ] } },
{ "type": "Feature", "properties": { "geoid": "17031020302", "land_area": 0.63992, "total": 5064.0, "nh_white_alone": 3491.0, "nh_black_alone": 346.0, "nh_asian_alone": 602.0, "hispanic": 445.0, "other": 180.0 }, "geometry": { "type": "MultiPolygon", "coordinates": [ [ [ [ -87.699759, 42.009363 ], [ -87.699719, 42.012068 ], [ -87.697351, 42.012123 ], [ -87.694986, 42.012176 ], [ -87.690247, 42.01228 ], [ -87.690189, 42.009817 ], [ -87.690123, 42.007157 ], [ -87.690071, 42.005033 ], [ -87.693722, 42.004972 ], [ -87.694947, 42.004947 ], [ -87.697384, 42.004893 ], [ -87.699829, 42.004851 ], [ -87.699759, 42.009363 ] ] ] ] } },
{ "type": "Feature", "properties": { "geoid": "17031160601", "land_area": 0.32803, "total": 3049.0, "nh_white_alone": 1795.0, "nh_black_alone": 39.0, "nh_asian_alone": 123.0, "hispanic": 1025.0, "other": 67.0 }, "geometry": { "type": "MultiPolygon", "coordinates": [ [ [ [ -87.708248, 41.961187 ], [ -87.704585, 41.961212 ], [ -87.703357, 41.961219 ], [ -87.702135, 41.961227 ], [ -87.700911, 41.961234 ], [ -87.699688, 41.961242 ], [ -87.698483, 41.961249 ], [ -87.698352, 41.9576 ], [ -87.702021, 41.95758 ], [ -87.704467, 41.957578 ], [ -87.708129, 41.957553 ], [ -87.708248, 41.961187 ] ] ] ] } },
{ "type": "Feature", "properties": { "geoid": "17031100400", "land_area": 0.971799, "total": 3350.0, "nh_white_alone": 2283.0, "nh_black_alone": 3.0, "nh_asian_alone": 370.0, "hispanic": 561.0, "other": 133.0 }, "geometry": { "type": "MultiPolygon", "coordinates": [ [ [ [ -87.823016, 41.986821 ], [ -87.822917, 41.98755 ], [ -87.822219, 41.992704 ], [ -87.822128, 41.993342 ], [ -87.821414, 41.996851 ], [ -87.816694, 41.996977 ], [ -87.816722, 41.993454 ], [ -87.816741, 41.990618 ], [ -87.812018, 41.988229 ], [ -87.811886, 41.982632 ], [ -87.813432, 41.982675 ], [ -87.816832, 41.983534 ], [ -87.818056, 41.983797 ], [ -87.823327, 41.984509 ], [ -87.823016, 41.986821 ] ] ] ] } },
{ "type": "Feature", "properties": { "geoid": "17031832600", "land_area": 0.689068, "total": 4150.0, "nh_white_alone": 3356.0, "nh_black_alone": 36.0, "nh_asian_alone": 175.0, "hispanic": 238.0, "other": 345.0 }, "geometry": { "type": "MultiPolygon", "coordinates": [ [ [ [ -87.664214, 41.916968 ], [ -87.658203, 41.917343 ], [ -87.658219, 41.918034 ], [ -87.653367, 41.918105 ], [ -87.650939, 41.918143 ], [ -87.649725, 41.918161 ], [ -87.649129, 41.918171 ], [ -87.648509, 41.91818 ], [ -87.648361, 41.913827 ], [ -87.648272, 41.91092 ], [ -87.649501, 41.9109 ], [ -87.653107, 41.91084 ], [ -87.655912, 41.910794 ], [ -87.656873, 41.910785 ], [ -87.658445, 41.914465 ], [ -87.66086, 41.915966 ], [ -87.6636, 41.91559 ], [ -87.664214, 41.916968 ] ] ] ] } },
{ "type": "Feature", "properties": { "geoid": "17031660800", "land_area": 0.65539, "total": 5876.0, "nh_white_alone": 53.0, "nh_black_alone": 2703.0, "nh_asian_alone": 55.0, "hispanic": 2722.0, "other": 343.0 }, "geometry": { "type": "MultiPolygon", "coordinates": [ [ [ [ -87.703052, 41.775322 ], [ -87.698171, 41.7754 ], [ -87.694519, 41.775451 ], [ -87.693299, 41.775471 ], [ -87.693298, 41.775427 ], [ -87.690863, 41.77546 ], [ -87.687209, 41.775562 ], [ -87.683548, 41.775599 ], [ -87.683494, 41.773783 ], [ -87.683444, 41.771978 ], [ -87.687109, 41.771919 ], [ -87.688333, 41.771902 ], [ -87.690769, 41.771862 ], [ -87.693206, 41.771824 ], [ -87.69443, 41.771807 ], [ -87.698083, 41.771749 ], [ -87.702967, 41.771675 ], [ -87.703052, 41.775322 ] ] ] ] } },
{ "type": "Feature", "properties": { "geoid": "17031690900", "land_area": 0.655477, "total": 3923.0, "nh_white_alone": 90.0, "nh_black_alone": 3487.0, "nh_asian_alone": 0.0, "hispanic": 56.0, "other": 290.0 }, "geometry": { "type": "MultiPolygon", "coordinates": [ [ [ [ -87.615262, 41.765711 ], [ -87.612845, 41.765752 ], [ -87.609225, 41.765813 ], [ -87.605586, 41.765881 ], [ -87.605527, 41.763978 ], [ -87.605489, 41.76223 ], [ -87.605391, 41.75858 ], [ -87.609048, 41.758517 ], [ -87.610256, 41.758485 ], [ -87.612674, 41.758452 ], [ -87.61512, 41.758408 ], [ -87.615206, 41.762059 ], [ -87.615262, 41.765711 ] ] ] ] } },
{ "type": "Feature", "properties": { "geoid": "17031834600", "land_area": 1.562221, "total": 2299.0, "nh_white_alone": 20.0, "nh_black_alone": 2035.0, "nh_asian_alone": 0.0, "hispanic": 225.0, "other": 19.0 }, "geometry": { "type": "MultiPolygon", "coordinates": [ [ [ [ -87.640329, 41.794387 ], [ -87.635362, 41.794478 ], [ -87.634212, 41.794499 ], [ -87.628562, 41.794599 ], [ -87.628258, 41.785496 ], [ -87.628195, 41.783161 ], [ -87.62897, 41.783147 ], [ -87.628543, 41.780005 ], [ -87.63015, 41.779987 ], [ -87.635048, 41.779909 ], [ -87.637503, 41.779868 ], [ -87.64002, 41.779825 ], [ -87.640028, 41.780745 ], [ -87.640081, 41.783466 ], [ -87.640171, 41.787107 ], [ -87.64023, 41.79201 ], [ -87.639682, 41.793038 ], [ -87.640329, 41.794387 ] ] ] ] } },
{ "type": "Feature", "properties": { "geoid": "17031150600", "land_area": 0.656191, "total": 4036.0, "nh_white_alone": 1667.0, "nh_black_alone": 56.0, "nh_asian_alone": 289.0, "hispanic": 1920.0, "other": 104.0 }, "geometry": { "type": "MultiPolygon", "coordinates": [ [ [ [ -87.776775, 41.953056 ], [ -87.771889, 41.95312 ], [ -87.767, 41.953185 ], [ -87.76688, 41.949529 ], [ -87.766819, 41.947703 ], [ -87.766788, 41.94679 ], [ -87.766756, 41.945877 ], [ -87.771629, 41.945824 ], [ -87.776503, 41.945771 ], [ -87.776592, 41.948047 ], [ -87.776608, 41.948501 ], [ -87.776642, 41.949414 ], [ -87.776775, 41.953056 ] ] ] ] } },
{ "type": "Feature", "properties": { "geoid": "17031140200", "land_area": 0.394455, "total": 6048.0, "nh_white_alone": 2044.0, "nh_black_alone": 557.0, "nh_asian_alone": 1341.0, "hispanic": 1923.0, "other": 183.0 }, "geometry": { "type": "MultiPolygon", "coordinates": [ [ [ [ -87.718384, 41.973092 ], [ -87.717144, 41.972435 ], [ -87.716521, 41.97213 ], [ -87.71582, 41.971867 ], [ -87.713464, 41.971947 ], [ -87.709967, 41.974271 ], [ -87.708647, 41.974523 ], [ -87.708579, 41.97209 ], [ -87.708528, 41.970272 ], [ -87.708472, 41.968452 ], [ -87.713363, 41.968401 ], [ -87.714588, 41.968389 ], [ -87.718255, 41.968348 ], [ -87.718304, 41.970168 ], [ -87.718355, 41.971992 ], [ -87.718384, 41.973092 ] ] ] ] } },
{ "type": "Feature", "properties": { "geoid": "17031071000", "land_area": 0.324639, "total": 4159.0, "nh_white_alone": 3182.0, "nh_black_alone": 169.0, "nh_asian_alone": 289.0, "hispanic": 343.0, "other": 176.0 }, "geometry": { "type": "MultiPolygon", "coordinates": [ [ [ [ -87.658453, 41.925292 ], [ -87.653613, 41.925376 ], [ -87.653488, 41.921738 ], [ -87.653367, 41.918105 ], [ -87.658219, 41.918034 ], [ -87.658335, 41.921661 ], [ -87.658453, 41.925292 ] ] ] ] } },
{ "type": "Feature", "properties": { "geoid": "17031560700", "land_area": 0.661239, "total": 3923.0, "nh_white_alone": 933.0, "nh_black_alone": 0.0, "nh_asian_alone": 58.0, "hispanic": 2753.0, "other": 179.0 }, "geometry": { "type": "MultiPolygon", "coordinates": [ [ [ [ -87.762538, 41.800058 ], [ -87.752736, 41.800187 ], [ -87.752639, 41.797215 ], [ -87.752585, 41.795783 ], [ -87.752507, 41.792888 ], [ -87.762302, 41.792736 ], [ -87.76238, 41.795074 ], [ -87.762407, 41.795703 ], [ -87.762538, 41.800058 ] ] ] ] } },
{ "type": "Feature", "properties": { "geoid": "17031032100", "land_area": 0.431028, "total": 7442.0, "nh_white_alone": 3684.0, "nh_black_alone": 1061.0, "nh_asian_alone": 795.0, "hispanic": 1719.0, "other": 183.0 }, "geometry": { "type": "MultiPolygon", "coordinates": [ [ [ [ -87.656343, 41.961756 ], [ -87.654748, 41.961779 ], [ -87.649912, 41.961843 ], [ -87.649887, 41.960951 ], [ -87.64984, 41.9593 ], [ -87.649816, 41.958488 ], [ -87.649797, 41.957841 ], [ -87.649783, 41.957373 ], [ -87.649747, 41.956117 ], [ -87.6497, 41.954561 ], [ -87.654545, 41.954488 ], [ -87.656136, 41.954462 ], [ -87.656234, 41.958144 ], [ -87.655975, 41.958424 ], [ -87.656343, 41.961756 ] ] ] ] } },
{ "type": "Feature", "properties": { "geoid": "17031020701", "land_area": 0.591396, "total": 1771.0, "nh_white_alone": 797.0, "nh_black_alone": 150.0, "nh_asian_alone": 413.0, "hispanic": 257.0, "other": 154.0 }, "geometry": { "type": "MultiPolygon", "coordinates": [ [ [ [ -87.707371, 41.990395 ], [ -87.704254, 41.990415 ], [ -87.699403, 41.990443 ], [ -87.699338, 41.988576 ], [ -87.699278, 41.986757 ], [ -87.699238, 41.985545 ], [ -87.699218, 41.984925 ], [ -87.699157, 41.983121 ], [ -87.704012, 41.983098 ], [ -87.70582, 41.983088 ], [ -87.706982, 41.98308 ], [ -87.709165, 41.990384 ], [ -87.707371, 41.990395 ] ] ] ] } },
{ "type": "Feature", "properties": { "geoid": "17031170900", "land_area": 0.320579, "total": 1854.0, "nh_white_alone": 632.0, "nh_black_alone": 61.0, "nh_asian_alone": 16.0, "hispanic": 1122.0, "other": 23.0 }, "geometry": { "type": "MultiPolygon", "coordinates": [ [ [ [ -87.816519, 41.937939 ], [ -87.814077, 41.937967 ], [ -87.810393, 41.93799 ], [ -87.806747, 41.937996 ], [ -87.806624, 41.934511 ], [ -87.81639, 41.934313 ], [ -87.816519, 41.937939 ] ] ] ] } },
{ "type": "Feature", "properties": { "geoid": "17031600700", "land_area": 0.447251, "total": 3171.0, "nh_white_alone": 729.0, "nh_black_alone": 51.0, "nh_asian_alone": 1855.0, "hispanic": 391.0, "other": 145.0 }, "geometry": { "type": "MultiPolygon", "coordinates": [ [ [ [ -87.664475, 41.844272 ], [ -87.663149, 41.844685 ], [ -87.660811, 41.845927 ], [ -87.660298, 41.844854 ], [ -87.657675, 41.841783 ], [ -87.654359, 41.837937 ], [ -87.65602, 41.837914 ], [ -87.659327, 41.837867 ], [ -87.66085, 41.837848 ], [ -87.661801, 41.83784 ], [ -87.661711, 41.835377 ], [ -87.663061, 41.83692 ], [ -87.664251, 41.839206 ], [ -87.664929, 41.841269 ], [ -87.664475, 41.844272 ] ] ] ] } },
{ "type": "Feature", "properties": { "geoid": "17031440201", "land_area": 0.531454, "total": 5310.0, "nh_white_alone": 0.0, "nh_black_alone": 5183.0, "nh_asian_alone": 23.0, "hispanic": 0.0, "other": 104.0 }, "geometry": { "type": "MultiPolygon", "coordinates": [ [ [ [ -87.614958, 41.751114 ], [ -87.612502, 41.751159 ], [ -87.610082, 41.751199 ], [ -87.608871, 41.751221 ], [ -87.605215, 41.751286 ], [ -87.605189, 41.749457 ], [ -87.605135, 41.747627 ], [ -87.605084, 41.745798 ], [ -87.606295, 41.745778 ], [ -87.607472, 41.744388 ], [ -87.608719, 41.74574 ], [ -87.61235, 41.745678 ], [ -87.612311, 41.744305 ], [ -87.614819, 41.745638 ], [ -87.614958, 41.751114 ] ] ] ] } },
{ "type": "Feature", "properties": { "geoid": "17031460302", "land_area": 0.648832, "total": 3309.0, "nh_white_alone": 197.0, "nh_black_alone": 2662.0, "nh_asian_alone": 0.0, "hispanic": 219.0, "other": 231.0 }, "geometry": { "type": "MultiPolygon", "coordinates": [ [ [ [ -87.561386, 41.751795 ], [ -87.558445, 41.751836 ], [ -87.555932, 41.751871 ], [ -87.555321, 41.751879 ], [ -87.554072, 41.751895 ], [ -87.554077, 41.750078 ], [ -87.554043, 41.74826 ], [ -87.554008, 41.746441 ], [ -87.553975, 41.744622 ], [ -87.55294, 41.744637 ], [ -87.551734, 41.743467 ], [ -87.551523, 41.742067 ], [ -87.552601, 41.742823 ], [ -87.555166, 41.74279 ], [ -87.556376, 41.742773 ], [ -87.561232, 41.742708 ], [ -87.561261, 41.744526 ], [ -87.561324, 41.748162 ], [ -87.561354, 41.749981 ], [ -87.561378, 41.75135 ], [ -87.561386, 41.751795 ] ] ] ] } },
{ "type": "Feature", "properties": { "geoid": "17031843900", "land_area": 1.478136, "total": 3712.0, "nh_white_alone": 423.0, "nh_black_alone": 3093.0, "nh_asian_alone": 21.0, "hispanic": 137.0, "other": 38.0 }, "geometry": { "type": "MultiPolygon", "coordinates": [ [ [ [ -87.59295, 41.775079 ], [ -87.592115, 41.775097 ], [ -87.5917, 41.776918 ], [ -87.59145, 41.77802 ], [ -87.591528, 41.780566 ], [ -87.588973, 41.780581 ], [ -87.586458, 41.780619 ], [ -87.579498, 41.779757 ], [ -87.575235, 41.780714 ], [ -87.575817, 41.781389 ], [ -87.572407442615102, 41.780743889346198 ], [ -87.572506914252102, 41.780435975342002 ], [ -87.572790870464004, 41.779556990167301 ], [ -87.57286, 41.779343 ], [ -87.566688, 41.774084 ], [ -87.5661377446892, 41.773593685544398 ], [ -87.566811, 41.773559 ], [ -87.566548, 41.769906 ], [ -87.568243, 41.769887 ], [ -87.571509, 41.769854 ], [ -87.57156, 41.771679 ], [ -87.571617, 41.773502 ], [ -87.576487, 41.773456 ], [ -87.58018, 41.773405 ], [ -87.581414, 41.77339 ], [ -87.583861, 41.773361 ], [ -87.586296, 41.773339 ], [ -87.591169, 41.773285 ], [ -87.592221, 41.773275 ], [ -87.592914, 41.773268 ], [ -87.59295, 41.775079 ] ] ] ] } },
{ "type": "Feature", "properties": { "geoid": "17031381200", "land_area": 0.258553, "total": 1952.0, "nh_white_alone": 75.0, "nh_black_alone": 1750.0, "nh_asian_alone": 0.0, "hispanic": 0.0, "other": 127.0 }, "geometry": { "type": "MultiPolygon", "coordinates": [ [ [ [ -87.616802, 41.807559 ], [ -87.61654, 41.807563 ], [ -87.616639, 41.811197 ], [ -87.613831, 41.811242 ], [ -87.611499, 41.81128 ], [ -87.611371, 41.805822 ], [ -87.612587, 41.805803 ], [ -87.613867, 41.805783 ], [ -87.616496, 41.805742 ], [ -87.61676, 41.805738 ], [ -87.616802, 41.807559 ] ] ] ] } },
{ "type": "Feature", "properties": { "geoid": "17031300800", "land_area": 0.325846, "total": 3764.0, "nh_white_alone": 258.0, "nh_black_alone": 0.0, "nh_asian_alone": 0.0, "hispanic": 3411.0, "other": 95.0 }, "geometry": { "type": "MultiPolygon", "coordinates": [ [ [ [ -87.710128, 41.851706 ], [ -87.705255, 41.851765 ], [ -87.705148, 41.84814 ], [ -87.70504, 41.844518 ], [ -87.70991, 41.84445 ], [ -87.709959, 41.846261 ], [ -87.710019, 41.848077 ], [ -87.710128, 41.851706 ] ] ] ] } },
{ "type": "Feature", "properties": { "geoid": "17031807600", "land_area": 4.413911, "total": 6531.0, "nh_white_alone": 3191.0, "nh_black_alone": 419.0, "nh_asian_alone": 1894.0, "hispanic": 883.0, "other": 144.0 }, "geometry": { "type": "MultiPolygon", "coordinates": [ [ [ [ -87.746497, 42.022633 ], [ -87.745781, 42.024093 ], [ -87.744083, 42.02308 ], [ -87.742764, 42.022643 ], [ -87.741174, 42.022395 ], [ -87.737948, 42.022374 ], [ -87.733117, 42.022378 ], [ -87.726656, 42.02239 ], [ -87.723441, 42.022413 ], [ -87.723357, 42.026287 ], [ -87.723247, 42.029926 ], [ -87.723154, 42.03356 ], [ -87.720736, 42.033584 ], [ -87.718325, 42.033608 ], [ -87.709904, 42.033685 ], [ -87.708661, 42.033676 ], [ -87.708843, 42.026395 ], [ -87.708927, 42.022649 ], [ -87.708662, 42.019144 ], [ -87.708746, 42.0155 ], [ -87.709057, 42.011861 ], [ -87.723731, 42.011758 ], [ -87.723638, 42.015409 ], [ -87.728488, 42.01537 ], [ -87.732106, 42.015371 ], [ -87.73814, 42.015384 ], [ -87.742953, 42.015393 ], [ -87.744879, 42.015288 ], [ -87.745368, 42.01644 ], [ -87.747056, 42.021954 ], [ -87.746497, 42.022633 ] ] ] ] } },
{ "type": "Feature", "properties": { "geoid": "17031710800", "land_area": 0.816273, "total": 4867.0, "nh_white_alone": 7.0, "nh_black_alone": 4602.0, "nh_asian_alone": 70.0, "hispanic": 81.0, "other": 107.0 }, "geometry": { "type": "MultiPolygon", "coordinates": [ [ [ [ -87.653786, 41.752318 ], [ -87.651363, 41.752354 ], [ -87.650151, 41.752372 ], [ -87.64894, 41.75239 ], [ -87.647727, 41.752408 ], [ -87.646515, 41.752425 ], [ -87.644089, 41.752455 ], [ -87.644044, 41.750642 ], [ -87.643989, 41.748819 ], [ -87.643882, 41.745189 ], [ -87.643831, 41.743358 ], [ -87.648686, 41.743288 ], [ -87.649899, 41.743271 ], [ -87.653539, 41.743216 ], [ -87.65364, 41.746858 ], [ -87.65369, 41.748677 ], [ -87.653737, 41.750497 ], [ -87.653786, 41.752318 ] ] ] ] } },
{ "type": "Feature", "properties": { "geoid": "17031770602", "land_area": 5.39021, "total": 4220.0, "nh_white_alone": 1641.0, "nh_black_alone": 91.0, "nh_asian_alone": 335.0, "hispanic": 1917.0, "other": 236.0 }, "geometry": { "type": "MultiPolygon", "coordinates": [ [ [ [ -87.920842, 42.022917 ], [ -87.90902, 42.023414 ], [ -87.900483, 42.023717 ], [ -87.894432, 42.023924 ], [ -87.894355, 42.016636 ], [ -87.894197, 42.00936 ], [ -87.892787, 42.00941 ], [ -87.891816, 42.009442 ], [ -87.890603, 42.009482 ], [ -87.88585, 42.009623 ], [ -87.88474, 42.006014 ], [ -87.884531, 42.002407 ], [ -87.884541, 41.998959 ], [ -87.888671, 42.000268 ], [ -87.891062, 42.001855 ], [ -87.89603, 42.001837 ], [ -87.899122, 42.00177 ], [ -87.902507, 42.003402 ], [ -87.902846, 42.003523 ], [ -87.903302, 42.003649 ], [ -87.903523, 42.003677 ], [ -87.903723, 42.003724 ], [ -87.907903, 42.003618 ], [ -87.908887, 42.003822 ], [ -87.912856, 42.004739 ], [ -87.915263, 42.005102 ], [ -87.91891, 42.005401 ], [ -87.920464, 42.005629 ], [ -87.92056, 42.008465 ], [ -87.920619, 42.010775 ], [ -87.920695, 42.011528 ], [ -87.920723, 42.013253 ], [ -87.920842, 42.022917 ] ] ] ] } },
{ "type": "Feature", "properties": { "geoid": "17031221000", "land_area": 0.220053, "total": 2504.0, "nh_white_alone": 1028.0, "nh_black_alone": 75.0, "nh_asian_alone": 26.0, "hispanic": 1317.0, "other": 58.0 }, "geometry": { "type": "MultiPolygon", "coordinates": [ [ [ [ -87.716994, 41.924603 ], [ -87.713738, 41.924644 ], [ -87.713622, 41.920984 ], [ -87.713521, 41.917323 ], [ -87.716772, 41.917283 ], [ -87.716885, 41.920943 ], [ -87.716994, 41.924603 ] ] ] ] } },
{ "type": "Feature", "properties": { "geoid": "17031831100", "land_area": 1.315159, "total": 6760.0, "nh_white_alone": 2602.0, "nh_black_alone": 187.0, "nh_asian_alone": 180.0, "hispanic": 3453.0, "other": 338.0 }, "geometry": { "type": "MultiPolygon", "coordinates": [ [ [ [ -87.727401, 41.946373 ], [ -87.724954, 41.946405 ], [ -87.722506, 41.946439 ], [ -87.719768, 41.946475 ], [ -87.718764, 41.946488 ], [ -87.717559, 41.946504 ], [ -87.716388, 41.946519 ], [ -87.712713, 41.946567 ], [ -87.707822, 41.946631 ], [ -87.707716, 41.942733 ], [ -87.707625, 41.939928 ], [ -87.707698, 41.939331 ], [ -87.707664, 41.938886 ], [ -87.708841, 41.93932 ], [ -87.712492, 41.939279 ], [ -87.717399, 41.939216 ], [ -87.720694, 41.939174 ], [ -87.723919, 41.939133 ], [ -87.727185, 41.939095 ], [ -87.727328, 41.943984 ], [ -87.727345, 41.94456 ], [ -87.727377, 41.945614 ], [ -87.727401, 41.946373 ] ] ] ] } },
{ "type": "Feature", "properties": { "geoid": "17031842800", "land_area": 1.516562, "total": 7411.0, "nh_white_alone": 478.0, "nh_black_alone": 0.0, "nh_asian_alone": 521.0, "hispanic": 6358.0, "other": 54.0 }, "geometry": { "type": "MultiPolygon", "coordinates": [ [ [ [ -87.713872, 41.807992 ], [ -87.703975, 41.808115 ], [ -87.704046, 41.809939 ], [ -87.704118, 41.811759 ], [ -87.701651, 41.811797 ], [ -87.700433, 41.811816 ], [ -87.69799, 41.811855 ], [ -87.694315, 41.811913 ], [ -87.691871, 41.811951 ], [ -87.689427, 41.811992 ], [ -87.689324, 41.80836 ], [ -87.685103, 41.808428 ], [ -87.684425, 41.808426 ], [ -87.68437, 41.804632 ], [ -87.703865, 41.804309 ], [ -87.711222, 41.804329 ], [ -87.713635, 41.804189 ], [ -87.713762, 41.805851 ], [ -87.713872, 41.807992 ] ] ] ] } },
{ "type": "Feature", "properties": { "geoid": "17031061902", "land_area": 0.276415, "total": 4581.0, "nh_white_alone": 3326.0, "nh_black_alone": 277.0, "nh_asian_alone": 375.0, "hispanic": 528.0, "other": 75.0 }, "geometry": { "type": "MultiPolygon", "coordinates": [ [ [ [ -87.64375, 41.946309 ], [ -87.642379, 41.946775 ], [ -87.642207, 41.946872 ], [ -87.640986, 41.94737 ], [ -87.637418987275595, 41.948733054716797 ], [ -87.637224009270099, 41.948432397007302 ], [ -87.633828707369702, 41.943196813178901 ], [ -87.633299, 41.94238 ], [ -87.633276905033796, 41.942292901003 ], [ -87.638118, 41.940553 ], [ -87.639554, 41.940138 ], [ -87.641385, 41.940089 ], [ -87.641799, 41.941173 ], [ -87.642755, 41.941719 ], [ -87.641805, 41.941719 ], [ -87.641911, 41.943354 ], [ -87.64137, 41.94336 ], [ -87.641786, 41.944734 ], [ -87.643002, 41.944529 ], [ -87.643017, 41.945313 ], [ -87.641783, 41.945723 ], [ -87.641797, 41.94616 ], [ -87.643397, 41.945634 ], [ -87.64375, 41.946309 ] ] ] ] } },
{ "type": "Feature", "properties": { "geoid": "17031760801", "land_area": 1.300063, "total": 4804.0, "nh_white_alone": 2403.0, "nh_black_alone": 225.0, "nh_asian_alone": 1421.0, "hispanic": 506.0, "other": 249.0 }, "geometry": { "type": "MultiPolygon", "coordinates": [ [ [ [ -87.856727, 41.984781 ], [ -87.856028, 41.986792 ], [ -87.855675, 41.987516 ], [ -87.855514, 41.987964 ], [ -87.855506, 41.988128 ], [ -87.855617, 41.9884 ], [ -87.85573, 41.98882 ], [ -87.855851, 41.989057 ], [ -87.854607, 41.988718 ], [ -87.846529, 41.987853 ], [ -87.841946, 41.987167 ], [ -87.836618, 41.986365 ], [ -87.836573, 41.980432 ], [ -87.836579, 41.979761 ], [ -87.836608, 41.977471 ], [ -87.841535, 41.97744 ], [ -87.846477, 41.977351 ], [ -87.846427, 41.980078 ], [ -87.846447, 41.983761 ], [ -87.856369, 41.983628 ], [ -87.856727, 41.984781 ] ] ] ] } },
{ "type": "Feature", "properties": { "geoid": "17031140602", "land_area": 0.38438, "total": 4211.0, "nh_white_alone": 750.0, "nh_black_alone": 142.0, "nh_asian_alone": 447.0, "hispanic": 2660.0, "other": 212.0 }, "geometry": { "type": "MultiPolygon", "coordinates": [ [ [ [ -87.724386, 41.968281 ], [ -87.723143, 41.968294 ], [ -87.720697, 41.968322 ], [ -87.718255, 41.968348 ], [ -87.718196, 41.966529 ], [ -87.71804, 41.961069 ], [ -87.72049, 41.961039 ], [ -87.722929, 41.961009 ], [ -87.724158, 41.960992 ], [ -87.723557, 41.961439 ], [ -87.723601, 41.962866 ], [ -87.724213, 41.962859 ], [ -87.724386, 41.968281 ] ] ] ] } },
{ "type": "Feature", "properties": { "geoid": "17031570200", "land_area": 1.763887, "total": 2111.0, "nh_white_alone": 443.0, "nh_black_alone": 0.0, "nh_asian_alone": 248.0, "hispanic": 1420.0, "other": 0.0 }, "geometry": { "type": "MultiPolygon", "coordinates": [ [ [ [ -87.738535, 41.818574 ], [ -87.724054, 41.823135 ], [ -87.72404, 41.82254 ], [ -87.723587, 41.807884 ], [ -87.728476, 41.807809 ], [ -87.730946, 41.807779 ], [ -87.738207, 41.807684 ], [ -87.738533, 41.818034 ], [ -87.738535, 41.818574 ] ] ] ] } },
{ "type": "Feature", "properties": { "geoid": "17031842900", "land_area": 2.208391, "total": 2422.0, "nh_white_alone": 575.0, "nh_black_alone": 1472.0, "nh_asian_alone": 208.0, "hispanic": 86.0, "other": 81.0 }, "geometry": { "type": "MultiPolygon", "coordinates": [ [ [ [ -87.690445, 41.866568 ], [ -87.686038, 41.866613 ], [ -87.68359, 41.866647 ], [ -87.666414, 41.866855 ], [ -87.661571, 41.866916 ], [ -87.656681, 41.866997 ], [ -87.656574, 41.863238 ], [ -87.656479, 41.859765 ], [ -87.663808, 41.859647 ], [ -87.666198, 41.859607 ], [ -87.671143, 41.859542 ], [ -87.673599, 41.859517 ], [ -87.676042, 41.859286 ], [ -87.678491, 41.858942 ], [ -87.68217, 41.858763 ], [ -87.685834, 41.859366 ], [ -87.688217, 41.859337 ], [ -87.688185, 41.862686 ], [ -87.690445, 41.866568 ] ] ] ] } },
{ "type": "Feature", "properties": { "geoid": "17031170500", "land_area": 1.539539, "total": 4899.0, "nh_white_alone": 3051.0, "nh_black_alone": 95.0, "nh_asian_alone": 187.0, "hispanic": 1342.0, "other": 224.0 }, "geometry": { "type": "MultiPolygon", "coordinates": [ [ [ [ -87.836748, 41.952055 ], [ -87.836699, 41.95936 ], [ -87.832678, 41.959438 ], [ -87.832651, 41.959323 ], [ -87.831821, 41.955701 ], [ -87.831793, 41.952164 ], [ -87.82935, 41.952226 ], [ -87.828119, 41.952257 ], [ -87.82277, 41.952391 ], [ -87.820114, 41.952464 ], [ -87.818303, 41.952501 ], [ -87.818505, 41.950751 ], [ -87.818388, 41.948411 ], [ -87.818283, 41.946424 ], [ -87.818009, 41.945257 ], [ -87.822924, 41.945137 ], [ -87.826661, 41.945027 ], [ -87.827837, 41.944996 ], [ -87.830295, 41.944929 ], [ -87.835178, 41.944793 ], [ -87.836433, 41.944761 ], [ -87.836622, 41.948398 ], [ -87.836735, 41.950218 ], [ -87.836748, 41.952055 ] ] ] ] } },
{ "type": "Feature", "properties": { "geoid": "17031150501", "land_area": 0.698792, "total": 3935.0, "nh_white_alone": 2268.0, "nh_black_alone": 11.0, "nh_asian_alone": 525.0, "hispanic": 808.0, "other": 323.0 }, "geometry": { "type": "MultiPolygon", "coordinates": [ [ [ [ -87.78696, 41.963031 ], [ -87.786762, 41.964647 ], [ -87.786772, 41.968427 ], [ -87.778234, 41.968533 ], [ -87.777268, 41.967649 ], [ -87.777161, 41.964779 ], [ -87.777142, 41.964003 ], [ -87.777082, 41.962224 ], [ -87.777036, 41.960806 ], [ -87.778254, 41.960789 ], [ -87.779464, 41.960317 ], [ -87.781906, 41.960285 ], [ -87.782539, 41.960726 ], [ -87.78315, 41.960722 ], [ -87.786812, 41.960673 ], [ -87.786866, 41.962044 ], [ -87.78696, 41.963031 ] ] ] ] } },
{ "type": "Feature", "properties": { "geoid": "17031071600", "land_area": 0.162169, "total": 1783.0, "nh_white_alone": 1507.0, "nh_black_alone": 40.0, "nh_asian_alone": 49.0, "hispanic": 88.0, "other": 99.0 }, "geometry": { "type": "MultiPolygon", "coordinates": [ [ [ [ -87.643667, 41.918253 ], [ -87.641246, 41.918286 ], [ -87.638816, 41.918322 ], [ -87.638762, 41.91651 ], [ -87.638704, 41.914676 ], [ -87.639945, 41.914711 ], [ -87.641135, 41.914661 ], [ -87.64355, 41.914625 ], [ -87.643667, 41.918253 ] ] ] ] } },
{ "type": "Feature", "properties": { "geoid": "17031822000", "land_area": 1.240338, "total": 4215.0, "nh_white_alone": 2536.0, "nh_black_alone": 27.0, "nh_asian_alone": 1.0, "hispanic": 1559.0, "other": 92.0 }, "geometry": { "type": "MultiPolygon", "coordinates": [ [ [ [ -87.741194, 41.733397 ], [ -87.741067, 41.734524 ], [ -87.736555, 41.734607 ], [ -87.732353, 41.734678 ], [ -87.728713, 41.734741 ], [ -87.726758, 41.734774 ], [ -87.723858, 41.734825 ], [ -87.721436, 41.734862 ], [ -87.721478, 41.733396 ], [ -87.721605, 41.732567 ], [ -87.721654, 41.727788 ], [ -87.721953, 41.727808 ], [ -87.730635, 41.727617 ], [ -87.731679, 41.727588 ], [ -87.738624, 41.727419 ], [ -87.738707, 41.729185 ], [ -87.741099, 41.729164 ], [ -87.741116, 41.729674 ], [ -87.741194, 41.733397 ] ] ] ] } },
{ "type": "Feature", "properties": { "geoid": "17031710400", "land_area": 1.002458, "total": 5212.0, "nh_white_alone": 20.0, "nh_black_alone": 5061.0, "nh_asian_alone": 53.0, "hispanic": 0.0, "other": 78.0 }, "geometry": { "type": "MultiPolygon", "coordinates": [ [ [ [ -87.678466, 41.757452 ], [ -87.673339, 41.757524 ], [ -87.670901, 41.757563 ], [ -87.670834, 41.757623 ], [ -87.669713, 41.757649 ], [ -87.667367, 41.757665 ], [ -87.66729, 41.757631 ], [ -87.663607, 41.757677 ], [ -87.663526, 41.753994 ], [ -87.663437, 41.750357 ], [ -87.665864, 41.750325 ], [ -87.667079, 41.75031 ], [ -87.668291, 41.750293 ], [ -87.670708, 41.750262 ], [ -87.678239, 41.750167 ], [ -87.678466, 41.757452 ] ] ] ] } },
{ "type": "Feature", "properties": { "geoid": "17031760803", "land_area": 0.762869, "total": 7061.0, "nh_white_alone": 4352.0, "nh_black_alone": 620.0, "nh_asian_alone": 622.0, "hispanic": 834.0, "other": 633.0 }, "geometry": { "type": "MultiPolygon", "coordinates": [ [ [ [ -87.851708, 41.979601 ], [ -87.850827, 41.980223 ], [ -87.846427, 41.980078 ], [ -87.846477, 41.977351 ], [ -87.841535, 41.97744 ], [ -87.836608, 41.977471 ], [ -87.836627, 41.975222 ], [ -87.836629, 41.97479 ], [ -87.841554, 41.974695 ], [ -87.84155, 41.973788 ], [ -87.837965, 41.973842 ], [ -87.836652, 41.971328 ], [ -87.836658, 41.970232 ], [ -87.841591, 41.970143 ], [ -87.841562, 41.971917 ], [ -87.844036, 41.972241 ], [ -87.846533, 41.97227 ], [ -87.846493, 41.973706 ], [ -87.849937, 41.973698 ], [ -87.851479, 41.976585 ], [ -87.851708, 41.979601 ] ] ] ] } },
{ "type": "Feature", "properties": { "geoid": "17031430700", "land_area": 0.18945, "total": 1983.0, "nh_white_alone": 222.0, "nh_black_alone": 1610.0, "nh_asian_alone": 0.0, "hispanic": 151.0, "other": 0.0 }, "geometry": { "type": "MultiPolygon", "coordinates": [ [ [ [ -87.566506, 41.76599 ], [ -87.566484, 41.766318 ], [ -87.564705, 41.766313 ], [ -87.560442208329405, 41.7663424985898 ], [ -87.560473, 41.765524 ], [ -87.560452828392499, 41.765508102446603 ], [ -87.559775681168901, 41.764974432331101 ], [ -87.559448612971096, 41.764716664866697 ], [ -87.559598, 41.76458 ], [ -87.563295, 41.7627 ], [ -87.563767, 41.762653 ], [ -87.56645, 41.762619 ], [ -87.566487, 41.764435 ], [ -87.566506, 41.76599 ] ] ] ] } },
{ "type": "Feature", "properties": { "geoid": "17031242800", "land_area": 0.43963, "total": 1575.0, "nh_white_alone": 1207.0, "nh_black_alone": 10.0, "nh_asian_alone": 24.0, "hispanic": 290.0, "other": 44.0 }, "geometry": { "type": "MultiPolygon", "coordinates": [ [ [ [ -87.696703, 41.895654 ], [ -87.695468, 41.895658 ], [ -87.694237, 41.895668 ], [ -87.691773, 41.895702 ], [ -87.686843, 41.895743 ], [ -87.686738, 41.89211 ], [ -87.686695, 41.890648 ], [ -87.686623, 41.888527 ], [ -87.687092, 41.888415 ], [ -87.691474, 41.888371 ], [ -87.691754, 41.891732 ], [ -87.691668, 41.892332 ], [ -87.696671, 41.894333 ], [ -87.696703, 41.895654 ] ] ] ] } },
{ "type": "Feature", "properties": { "geoid": "17031671100", "land_area": 0.245194, "total": 1037.0, "nh_white_alone": 0.0, "nh_black_alone": 949.0, "nh_asian_alone": 0.0, "hispanic": 88.0, "other": 0.0 }, "geometry": { "type": "MultiPolygon", "coordinates": [ [ [ [ -87.664221, 41.779465 ], [ -87.659361, 41.779543 ], [ -87.659216, 41.774078 ], [ -87.661633, 41.774044 ], [ -87.66407, 41.774013 ], [ -87.664221, 41.779465 ] ] ] ] } },
{ "type": "Feature", "properties": { "geoid": "17031570100", "land_area": 1.523744, "total": 1299.0, "nh_white_alone": 173.0, "nh_black_alone": 0.0, "nh_asian_alone": 199.0, "hispanic": 922.0, "other": 5.0 }, "geometry": { "type": "MultiPolygon", "coordinates": [ [ [ [ -87.724054, 41.823135 ], [ -87.714319, 41.826189 ], [ -87.71431, 41.826053 ], [ -87.714329, 41.822435 ], [ -87.713876, 41.80818 ], [ -87.713872, 41.807992 ], [ -87.714187, 41.807989 ], [ -87.722361, 41.807889 ], [ -87.722304, 41.806055 ], [ -87.723529, 41.806039 ], [ -87.723587, 41.807884 ], [ -87.72404, 41.82254 ], [ -87.724054, 41.823135 ] ] ] ] } },
{ "type": "Feature", "properties": { "geoid": "17031550100", "land_area": 7.189486, "total": 6161.0, "nh_white_alone": 2279.0, "nh_black_alone": 830.0, "nh_asian_alone": 113.0, "hispanic": 2883.0, "other": 56.0 }, "geometry": { "type": "MultiPolygon", "coordinates": [ [ [ [ -87.549581, 41.651856 ], [ -87.549571, 41.653686 ], [ -87.549544, 41.65917 ], [ -87.549542, 41.661933 ], [ -87.544594, 41.659115 ], [ -87.546288, 41.661117 ], [ -87.546435, 41.668017 ], [ -87.545128, 41.673826 ], [ -87.545129, 41.682733 ], [ -87.543694, 41.682803 ], [ -87.541291, 41.6828 ], [ -87.540117, 41.682796 ], [ -87.540129, 41.684452 ], [ -87.535258, 41.684401 ], [ -87.53164, 41.684416 ], [ -87.53041, 41.684652 ], [ -87.530349, 41.691826 ], [ -87.524629399750907, 41.691801694886202 ], [ -87.524848, 41.669878 ], [ -87.524977720779304, 41.650230439389098 ], [ -87.524978468311105, 41.650117217930998 ], [ -87.525014657719893, 41.644635955745102 ], [ -87.538787, 41.644535 ], [ -87.539917, 41.644323 ], [ -87.540509, 41.644286 ], [ -87.549585, 41.651325 ], [ -87.549581, 41.651856 ] ] ] ] } },
{ "type": "Feature", "properties": { "geoid": "17031520500", "land_area": 1.050138, "total": 4908.0, "nh_white_alone": 748.0, "nh_black_alone": 0.0, "nh_asian_alone": 13.0, "hispanic": 4125.0, "other": 22.0 }, "geometry": { "type": "MultiPolygon", "coordinates": [ [ [ [ -87.535283, 41.697296 ], [ -87.535281, 41.699103 ], [ -87.531659, 41.699078 ], [ -87.529245, 41.699066 ], [ -87.524557267465099, 41.699035932870203 ], [ -87.524629399750907, 41.691801694886202 ], [ -87.530349, 41.691826 ], [ -87.53041, 41.684652 ], [ -87.53164, 41.684416 ], [ -87.535258, 41.684401 ], [ -87.535281, 41.691843 ], [ -87.535282, 41.695474 ], [ -87.535283, 41.697296 ] ] ] ] } },
{ "type": "Feature", "properties": { "geoid": "17031825801", "land_area": 2.445029, "total": 3345.0, "nh_white_alone": 57.0, "nh_black_alone": 2963.0, "nh_asian_alone": 0.0, "hispanic": 53.0, "other": 272.0 }, "geometry": { "type": "MultiPolygon", "coordinates": [ [ [ [ -87.58326, 41.62631 ], [ -87.579097, 41.626607 ], [ -87.578629, 41.629929 ], [ -87.578564, 41.633882 ], [ -87.578387, 41.634308 ], [ -87.578386, 41.634363 ], [ -87.578483, 41.644729 ], [ -87.564072, 41.644635 ], [ -87.563747, 41.637931 ], [ -87.564019, 41.630033 ], [ -87.565224, 41.630175 ], [ -87.565673, 41.63003 ], [ -87.571235, 41.629962 ], [ -87.57116, 41.62275 ], [ -87.578433, 41.62272 ], [ -87.579077, 41.62272 ], [ -87.580783, 41.622701 ], [ -87.582075, 41.622682 ], [ -87.583229, 41.623321 ], [ -87.583239, 41.624521 ], [ -87.58326, 41.62631 ] ] ] ] } },
{ "type": "Feature", "properties": { "geoid": "17031820300", "land_area": 1.38869, "total": 6308.0, "nh_white_alone": 775.0, "nh_black_alone": 13.0, "nh_asian_alone": 287.0, "hispanic": 5206.0, "other": 27.0 }, "geometry": { "type": "MultiPolygon", "coordinates": [ [ [ [ -87.816806, 41.793095 ], [ -87.808678, 41.798414 ], [ -87.806656, 41.799231 ], [ -87.805392, 41.79928 ], [ -87.804408, 41.799599 ], [ -87.801764, 41.800777 ], [ -87.801791, 41.799297 ], [ -87.801738, 41.798559 ], [ -87.802094, 41.797847 ], [ -87.801904, 41.796295 ], [ -87.801717, 41.795759 ], [ -87.801575, 41.793461 ], [ -87.801528, 41.791939 ], [ -87.801508, 41.791445 ], [ -87.80145, 41.790132 ], [ -87.80133, 41.787331 ], [ -87.801216, 41.784688 ], [ -87.801212, 41.7846 ], [ -87.811528, 41.784381 ], [ -87.810643, 41.787108 ], [ -87.809761, 41.789835 ], [ -87.81027, 41.791363 ], [ -87.814862, 41.79141 ], [ -87.817036, 41.792193 ], [ -87.816806, 41.793095 ] ] ] ] } },
{ "type": "Feature", "properties": { "geoid": "17031610400", "land_area": 0.16318, "total": 2063.0, "nh_white_alone": 2.0, "nh_black_alone": 1.0, "nh_asian_alone": 0.0, "hispanic": 2060.0, "other": 0.0 }, "geometry": { "type": "MultiPolygon", "coordinates": [ [ [ [ -87.669926, 41.812197 ], [ -87.665064, 41.812222 ], [ -87.664973, 41.808604 ], [ -87.667395, 41.808582 ], [ -87.669828, 41.808557 ], [ -87.669889, 41.810782 ], [ -87.669926, 41.812197 ] ] ] ] } },
{ "type": "Feature", "properties": { "geoid": "17031834300", "land_area": 1.911637, "total": 6103.0, "nh_white_alone": 1.0, "nh_black_alone": 5236.0, "nh_asian_alone": 0.0, "hispanic": 481.0, "other": 385.0 }, "geometry": { "type": "MultiPolygon", "coordinates": [ [ [ [ -87.598269, 41.745867 ], [ -87.597849, 41.747691 ], [ -87.597235, 41.751369 ], [ -87.595491, 41.751387 ], [ -87.594908, 41.755039 ], [ -87.595715, 41.756858 ], [ -87.593075, 41.756893 ], [ -87.59121, 41.755553 ], [ -87.590008, 41.754689 ], [ -87.585821, 41.751672 ], [ -87.585824, 41.751506 ], [ -87.585799, 41.744198 ], [ -87.585729, 41.740554 ], [ -87.585637, 41.736913 ], [ -87.589346, 41.736864 ], [ -87.590276, 41.736852 ], [ -87.595308, 41.736783 ], [ -87.597589, 41.740743 ], [ -87.5987, 41.744047 ], [ -87.598269, 41.745867 ] ] ] ] } },
{ "type": "Feature", "properties": { "geoid": "17031460500", "land_area": 1.277228, "total": 4954.0, "nh_white_alone": 436.0, "nh_black_alone": 4314.0, "nh_asian_alone": 0.0, "hispanic": 119.0, "other": 85.0 }, "geometry": { "type": "MultiPolygon", "coordinates": [ [ [ [ -87.585596, 41.751509 ], [ -87.580867, 41.751545 ], [ -87.575982, 41.751606 ], [ -87.571106, 41.751668 ], [ -87.566233, 41.751728 ], [ -87.566173, 41.748095 ], [ -87.566125, 41.744461 ], [ -87.566073, 41.740827 ], [ -87.566048, 41.739012 ], [ -87.566028, 41.737433 ], [ -87.570933, 41.740962 ], [ -87.571761, 41.741559 ], [ -87.575857, 41.744504 ], [ -87.580235, 41.747655 ], [ -87.581618, 41.748649 ], [ -87.585596, 41.751509 ] ] ] ] } },
{ "type": "Feature", "properties": { "geoid": "17031400500", "land_area": 0.326149, "total": 2308.0, "nh_white_alone": 90.0, "nh_black_alone": 2125.0, "nh_asian_alone": 0.0, "hispanic": 46.0, "other": 47.0 }, "geometry": { "type": "MultiPolygon", "coordinates": [ [ [ [ -87.625701, 41.794643 ], [ -87.620846, 41.794723 ], [ -87.620754, 41.791092 ], [ -87.620658, 41.787445 ], [ -87.625513, 41.787362 ], [ -87.625562, 41.789187 ], [ -87.625701, 41.794643 ] ] ] ] } },
{ "type": "Feature", "properties": { "geoid": "17031822701", "land_area": 1.078062, "total": 4895.0, "nh_white_alone": 2331.0, "nh_black_alone": 1155.0, "nh_asian_alone": 119.0, "hispanic": 1244.0, "other": 46.0 }, "geometry": { "type": "MultiPolygon", "coordinates": [ [ [ [ -87.740605, 41.714858 ], [ -87.73575, 41.714953 ], [ -87.73574, 41.71472 ], [ -87.730897, 41.714812 ], [ -87.726039, 41.714904 ], [ -87.726103, 41.716725 ], [ -87.721243, 41.716817 ], [ -87.721125, 41.71317 ], [ -87.721036, 41.709523 ], [ -87.730711, 41.709358 ], [ -87.732107, 41.709113 ], [ -87.73565, 41.709005 ], [ -87.737398, 41.709085 ], [ -87.738572, 41.709423 ], [ -87.740415, 41.709394 ], [ -87.740529, 41.712817 ], [ -87.740605, 41.714858 ] ] ] ] } },
{ "type": "Feature", "properties": { "geoid": "17031826500", "land_area": 3.535058, "total": 5811.0, "nh_white_alone": 395.0, "nh_black_alone": 5200.0, "nh_asian_alone": 22.0, "hispanic": 93.0, "other": 101.0 }, "geometry": { "type": "MultiPolygon", "coordinates": [ [ [ [ -87.634271, 41.62618 ], [ -87.633973, 41.626719 ], [ -87.632313, 41.629838 ], [ -87.620837, 41.629883 ], [ -87.617206, 41.629901 ], [ -87.61721, 41.633512 ], [ -87.617217, 41.639018 ], [ -87.617222, 41.644146 ], [ -87.617227, 41.644582 ], [ -87.614397, 41.6446 ], [ -87.609906, 41.641243 ], [ -87.609929, 41.640667 ], [ -87.604952, 41.637097 ], [ -87.6027, 41.635799 ], [ -87.6027, 41.63068 ], [ -87.60267, 41.626566 ], [ -87.602641, 41.622575 ], [ -87.608716, 41.622606 ], [ -87.609836, 41.622615 ], [ -87.61226, 41.622625 ], [ -87.617118, 41.622657 ], [ -87.620756, 41.622641 ], [ -87.624403, 41.622638 ], [ -87.627213, 41.622629 ], [ -87.631812, 41.622617 ], [ -87.636197, 41.62261 ], [ -87.634271, 41.62618 ] ] ] ] } },
{ "type": "Feature", "properties": { "geoid": "17031231100", "land_area": 0.176381, "total": 1248.0, "nh_white_alone": 125.0, "nh_black_alone": 638.0, "nh_asian_alone": 9.0, "hispanic": 476.0, "other": 0.0 }, "geometry": { "type": "MultiPolygon", "coordinates": [ [ [ [ -87.716562, 41.902754 ], [ -87.714583, 41.90277 ], [ -87.711551, 41.900148 ], [ -87.714057, 41.90095 ], [ -87.713997, 41.89913 ], [ -87.713873, 41.895483 ], [ -87.715094, 41.895473 ], [ -87.716314, 41.895461 ], [ -87.716434, 41.899107 ], [ -87.716562, 41.902754 ] ] ] ] } },
{ "type": "Feature", "properties": { "geoid": "17031220500", "land_area": 0.345392, "total": 2897.0, "nh_white_alone": 1585.0, "nh_black_alone": 101.0, "nh_asian_alone": 212.0, "hispanic": 840.0, "other": 159.0 }, "geometry": { "type": "MultiPolygon", "coordinates": [ [ [ [ -87.707646, 41.928729 ], [ -87.70745, 41.929225 ], [ -87.707427, 41.932029 ], [ -87.704981, 41.932041 ], [ -87.702522, 41.932059 ], [ -87.702347, 41.925968 ], [ -87.702318, 41.924763 ], [ -87.707219, 41.924716 ], [ -87.707568, 41.924714 ], [ -87.707618, 41.926513 ], [ -87.707895, 41.928365 ], [ -87.707646, 41.928729 ] ] ] ] } },
{ "type": "Feature", "properties": { "geoid": "17031241100", "land_area": 0.330813, "total": 3498.0, "nh_white_alone": 1977.0, "nh_black_alone": 204.0, "nh_asian_alone": 141.0, "hispanic": 929.0, "other": 247.0 }, "geometry": { "type": "MultiPolygon", "coordinates": [ [ [ [ -87.69211, 41.910277 ], [ -87.689667, 41.910297 ], [ -87.687221, 41.910321 ], [ -87.687123, 41.906666 ], [ -87.687027, 41.903016 ], [ -87.689488, 41.902993 ], [ -87.691952, 41.902968 ], [ -87.692022, 41.905712 ], [ -87.692039, 41.906621 ], [ -87.692112, 41.910218 ], [ -87.69211, 41.910277 ] ] ] ] } },
{ "type": "Feature", "properties": { "geoid": "17031843100", "land_area": 0.980297, "total": 1381.0, "nh_white_alone": 123.0, "nh_black_alone": 1139.0, "nh_asian_alone": 20.0, "hispanic": 99.0, "other": 0.0 }, "geometry": { "type": "MultiPolygon", "coordinates": [ [ [ [ -87.705669, 41.866405 ], [ -87.700788, 41.866456 ], [ -87.695907, 41.866511 ], [ -87.695692, 41.859221 ], [ -87.695569, 41.855552 ], [ -87.699213, 41.855505 ], [ -87.702929, 41.855451 ], [ -87.702892, 41.854183 ], [ -87.704216, 41.853603 ], [ -87.705307, 41.853587 ], [ -87.70543, 41.857978 ], [ -87.702939, 41.858841 ], [ -87.705456, 41.859084 ], [ -87.705557, 41.86251 ], [ -87.705669, 41.866405 ] ] ] ] } },
{ "type": "Feature", "properties": { "geoid": "17031822101", "land_area": 1.861189, "total": 4437.0, "nh_white_alone": 3032.0, "nh_black_alone": 52.0, "nh_asian_alone": 64.0, "hispanic": 1255.0, "other": 34.0 }, "geometry": { "type": "MultiPolygon", "coordinates": [ [ [ [ -87.752006, 41.734334 ], [ -87.75056, 41.73436 ], [ -87.741067, 41.734524 ], [ -87.741194, 41.733397 ], [ -87.741116, 41.729674 ], [ -87.741099, 41.729164 ], [ -87.74104, 41.727363 ], [ -87.740926, 41.723756 ], [ -87.740733, 41.718274 ], [ -87.740605, 41.714858 ], [ -87.740529, 41.712817 ], [ -87.749033, 41.712652 ], [ -87.749276, 41.718022 ], [ -87.749454, 41.723574 ], [ -87.749576, 41.727212 ], [ -87.751773, 41.727173 ], [ -87.751828, 41.728958 ], [ -87.752006, 41.734334 ] ] ] ] } },
{ "type": "Feature", "properties": { "geoid": "17031813000", "land_area": 0.833025, "total": 3678.0, "nh_white_alone": 2363.0, "nh_black_alone": 465.0, "nh_asian_alone": 141.0, "hispanic": 376.0, "other": 333.0 }, "geometry": { "type": "MultiPolygon", "coordinates": [ [ [ [ -87.786923, 41.87993 ], [ -87.784457, 41.87997 ], [ -87.779553, 41.880056 ], [ -87.774658, 41.880151 ], [ -87.774526, 41.876415 ], [ -87.774409, 41.872771 ], [ -87.779301, 41.872704 ], [ -87.784211, 41.872623 ], [ -87.786674, 41.872585 ], [ -87.786797, 41.876233 ], [ -87.786923, 41.87993 ] ] ] ] } },
{ "type": "Feature", "properties": { "geoid": "17031640600", "land_area": 0.659757, "total": 4042.0, "nh_white_alone": 1343.0, "nh_black_alone": 41.0, "nh_asian_alone": 148.0, "hispanic": 2491.0, "other": 19.0 }, "geometry": { "type": "MultiPolygon", "coordinates": [ [ [ [ -87.781265, 41.777676 ], [ -87.780044, 41.777698 ], [ -87.773937, 41.777816 ], [ -87.771496, 41.777862 ], [ -87.769052, 41.777909 ], [ -87.766609, 41.77795 ], [ -87.764168, 41.778005 ], [ -87.761715, 41.778053 ], [ -87.761583, 41.774388 ], [ -87.766466, 41.77431 ], [ -87.771353, 41.774205 ], [ -87.773796, 41.77416 ], [ -87.78112, 41.774011 ], [ -87.781265, 41.777676 ] ] ] ] } },
{ "type": "Feature", "properties": { "geoid": "17031590600", "land_area": 0.347982, "total": 3706.0, "nh_white_alone": 604.0, "nh_black_alone": 131.0, "nh_asian_alone": 440.0, "hispanic": 2482.0, "other": 49.0 }, "geometry": { "type": "MultiPolygon", "coordinates": [ [ [ [ -87.676454, 41.828553 ], [ -87.675237, 41.828568 ], [ -87.67528, 41.83039 ], [ -87.670399, 41.830447 ], [ -87.670353, 41.828619 ], [ -87.670255, 41.824968 ], [ -87.670213, 41.82317 ], [ -87.675088, 41.823113 ], [ -87.675181, 41.826741 ], [ -87.676403, 41.82673 ], [ -87.676454, 41.828553 ] ] ] ] } },
{ "type": "Feature", "properties": { "geoid": "17031839900", "land_area": 1.153324, "total": 4568.0, "nh_white_alone": 2276.0, "nh_black_alone": 158.0, "nh_asian_alone": 481.0, "hispanic": 1582.0, "other": 71.0 }, "geometry": { "type": "MultiPolygon", "coordinates": [ [ [ [ -87.657326, 41.830601 ], [ -87.653392, 41.830653 ], [ -87.648541, 41.830719 ], [ -87.646106, 41.83075 ], [ -87.643673, 41.830781 ], [ -87.641235, 41.830815 ], [ -87.640016, 41.830831 ], [ -87.63997, 41.829008 ], [ -87.639925, 41.827183 ], [ -87.639882, 41.825361 ], [ -87.639841, 41.823539 ], [ -87.641063, 41.823523 ], [ -87.645928, 41.823459 ], [ -87.65598, 41.823316 ], [ -87.657439, 41.824885 ], [ -87.657326, 41.830601 ] ] ] ] } },
{ "type": "Feature", "properties": { "geoid": "17031480500", "land_area": 1.363485, "total": 2831.0, "nh_white_alone": 16.0, "nh_black_alone": 2357.0, "nh_asian_alone": 0.0, "hispanic": 389.0, "other": 69.0 }, "geometry": { "type": "MultiPolygon", "coordinates": [ [ [ [ -87.565997, 41.737193 ], [ -87.565701, 41.737198 ], [ -87.560186, 41.73323 ], [ -87.559861, 41.732995 ], [ -87.555653, 41.729961 ], [ -87.552582, 41.727747 ], [ -87.545677, 41.722821 ], [ -87.556604, 41.722701 ], [ -87.564717, 41.7226 ], [ -87.565356, 41.722592 ], [ -87.565631, 41.723858 ], [ -87.565703, 41.726239 ], [ -87.565814, 41.729891 ], [ -87.565857, 41.731719 ], [ -87.565914, 41.733542 ], [ -87.565997, 41.737193 ] ] ] ] } },
{ "type": "Feature", "properties": { "geoid": "17031310700", "land_area": 0.160036, "total": 1583.0, "nh_white_alone": 220.0, "nh_black_alone": 64.0, "nh_asian_alone": 110.0, "hispanic": 1107.0, "other": 82.0 }, "geometry": { "type": "MultiPolygon", "coordinates": [ [ [ [ -87.666198, 41.859607 ], [ -87.663808, 41.859647 ], [ -87.663763, 41.857835 ], [ -87.663715, 41.856021 ], [ -87.663614, 41.85238 ], [ -87.666024, 41.852331 ], [ -87.666095, 41.855974 ], [ -87.666138, 41.857794 ], [ -87.666198, 41.859607 ] ] ] ] } },
{ "type": "Feature", "properties": { "geoid": "17031381500", "land_area": 0.108677, "total": 669.0, "nh_white_alone": 27.0, "nh_black_alone": 607.0, "nh_asian_alone": 7.0, "hispanic": 28.0, "other": 0.0 }, "geometry": { "type": "MultiPolygon", "coordinates": [ [ [ [ -87.62613, 41.811054 ], [ -87.62126, 41.811125 ], [ -87.619642, 41.811151 ], [ -87.619593, 41.809336 ], [ -87.626085, 41.809236 ], [ -87.62613, 41.811054 ] ] ] ] } },
{ "type": "Feature", "properties": { "geoid": "17031251200", "land_area": 0.662289, "total": 4314.0, "nh_white_alone": 13.0, "nh_black_alone": 2783.0, "nh_asian_alone": 0.0, "hispanic": 1446.0, "other": 72.0 }, "geometry": { "type": "MultiPolygon", "coordinates": [ [ [ [ -87.765654, 41.902145 ], [ -87.763825, 41.902164 ], [ -87.760932, 41.902192 ], [ -87.758246, 41.902221 ], [ -87.755774, 41.902249 ], [ -87.75569, 41.898583 ], [ -87.755599, 41.894936 ], [ -87.759336, 41.894901 ], [ -87.760643, 41.89489 ], [ -87.763568, 41.894867 ], [ -87.765395, 41.894854 ], [ -87.765525, 41.898497 ], [ -87.765654, 41.902145 ] ] ] ] } },
{ "type": "Feature", "properties": { "geoid": "17031220300", "land_area": 0.326095, "total": 2142.0, "nh_white_alone": 1422.0, "nh_black_alone": 93.0, "nh_asian_alone": 118.0, "hispanic": 409.0, "other": 100.0 }, "geometry": { "type": "MultiPolygon", "coordinates": [ [ [ [ -87.697618, 41.932096 ], [ -87.694957, 41.932111 ], [ -87.692773, 41.93213 ], [ -87.692737, 41.930801 ], [ -87.692658, 41.928508 ], [ -87.692591, 41.926671 ], [ -87.692528, 41.924855 ], [ -87.692843, 41.924852 ], [ -87.697413, 41.924807 ], [ -87.697515, 41.928466 ], [ -87.697618, 41.932096 ] ] ] ] } },
{ "type": "Feature", "properties": { "geoid": "17031061200", "land_area": 0.17467, "total": 1954.0, "nh_white_alone": 1491.0, "nh_black_alone": 117.0, "nh_asian_alone": 92.0, "hispanic": 134.0, "other": 120.0 }, "geometry": { "type": "MultiPolygon", "coordinates": [ [ [ [ -87.664125, 41.950976 ], [ -87.659269, 41.951048 ], [ -87.65921, 41.948967 ], [ -87.659168, 41.947149 ], [ -87.664015, 41.947068 ], [ -87.664067, 41.948889 ], [ -87.664125, 41.950976 ] ] ] ] } },
{ "type": "Feature", "properties": { "geoid": "17031031200", "land_area": 0.326475, "total": 5298.0, "nh_white_alone": 1383.0, "nh_black_alone": 2340.0, "nh_asian_alone": 425.0, "hispanic": 978.0, "other": 172.0 }, "geometry": { "type": "MultiPolygon", "coordinates": [ [ [ [ -87.659866, 41.976323 ], [ -87.658785, 41.976338 ], [ -87.656416, 41.976374 ], [ -87.655713, 41.976385 ], [ -87.654993, 41.976396 ], [ -87.654928, 41.973313 ], [ -87.654884, 41.97158 ], [ -87.654822, 41.96909 ], [ -87.657625, 41.969052 ], [ -87.65967, 41.969025 ], [ -87.659736, 41.971458 ], [ -87.659784, 41.973245 ], [ -87.659838, 41.975208 ], [ -87.659866, 41.976323 ] ] ] ] } },
{ "type": "Feature", "properties": { "geoid": "17031150200", "land_area": 1.326781, "total": 7406.0, "nh_white_alone": 3573.0, "nh_black_alone": 390.0, "nh_asian_alone": 654.0, "hispanic": 2237.0, "other": 552.0 }, "geometry": { "type": "MultiPolygon", "coordinates": [ [ [ [ -87.757701, 41.967902 ], [ -87.757443, 41.967905 ], [ -87.752635, 41.967967 ], [ -87.74789, 41.968026 ], [ -87.747722, 41.968029 ], [ -87.74762, 41.964367 ], [ -87.746963, 41.9629 ], [ -87.747373, 41.962433 ], [ -87.747588, 41.962235 ], [ -87.7475, 41.959811 ], [ -87.747446, 41.957982 ], [ -87.747354, 41.955242 ], [ -87.747305, 41.953418 ], [ -87.752239, 41.95336 ], [ -87.757148, 41.9533 ], [ -87.757206, 41.955122 ], [ -87.757268, 41.95695 ], [ -87.757298, 41.957862 ], [ -87.757357, 41.959689 ], [ -87.757387, 41.9606 ], [ -87.75745, 41.96247 ], [ -87.756085, 41.962486 ], [ -87.756833, 41.96335 ], [ -87.758051, 41.964757 ], [ -87.757701, 41.967902 ] ] ] ] } },
{ "type": "Feature", "properties": { "geoid": "17031120100", "land_area": 2.789745, "total": 4284.0, "nh_white_alone": 3518.0, "nh_black_alone": 8.0, "nh_asian_alone": 313.0, "hispanic": 317.0, "other": 128.0 }, "geometry": { "type": "MultiPolygon", "coordinates": [ [ [ [ -87.790205, 42.000753 ], [ -87.782714, 42.00423 ], [ -87.782451, 42.004815 ], [ -87.782769, 42.005085 ], [ -87.788723, 42.011997 ], [ -87.78063, 42.012 ], [ -87.77906, 42.011991 ], [ -87.779118, 42.015539 ], [ -87.776922, 42.015457 ], [ -87.776944, 42.011982 ], [ -87.773345, 42.011949 ], [ -87.770436, 42.006341 ], [ -87.769393, 42.004954 ], [ -87.765463, 41.997343 ], [ -87.764479, 41.995444 ], [ -87.760568, 41.98796 ], [ -87.762627, 41.990684 ], [ -87.764411, 41.989406 ], [ -87.76615, 41.990074 ], [ -87.767894, 41.988732 ], [ -87.77081, 41.989075 ], [ -87.770981, 41.991356 ], [ -87.773739, 41.99312 ], [ -87.771676, 41.994481 ], [ -87.771509, 41.99642 ], [ -87.779974, 41.997414 ], [ -87.780804, 42.00284 ], [ -87.781629, 42.002883 ], [ -87.783315, 42.000072 ], [ -87.787874, 41.999681 ], [ -87.790205, 42.000753 ] ] ] ] } },
{ "type": "Feature", "properties": { "geoid": "17031020802", "land_area": 0.644017, "total": 8964.0, "nh_white_alone": 1804.0, "nh_black_alone": 182.0, "nh_asian_alone": 3690.0, "hispanic": 2497.0, "other": 791.0 }, "geometry": { "type": "MultiPolygon", "coordinates": [ [ [ [ -87.699642, 41.997561 ], [ -87.697205, 41.997602 ], [ -87.694765, 41.997646 ], [ -87.693543, 41.997668 ], [ -87.689883, 41.99773 ], [ -87.689824, 41.995911 ], [ -87.689764, 41.994093 ], [ -87.689673, 41.9905 ], [ -87.694534, 41.990471 ], [ -87.69575, 41.990464 ], [ -87.699403, 41.990443 ], [ -87.699516, 41.993978 ], [ -87.699642, 41.997561 ] ] ] ] } },
{ "type": "Feature", "properties": { "geoid": "17031170700", "land_area": 0.579654, "total": 3323.0, "nh_white_alone": 1643.0, "nh_black_alone": 97.0, "nh_asian_alone": 70.0, "hispanic": 1375.0, "other": 138.0 }, "geometry": { "type": "MultiPolygon", "coordinates": [ [ [ [ -87.826661, 41.945027 ], [ -87.822924, 41.945137 ], [ -87.818009, 41.945257 ], [ -87.817865, 41.941327 ], [ -87.81774, 41.937914 ], [ -87.822626, 41.937817 ], [ -87.823847, 41.937791 ], [ -87.826254, 41.93775 ], [ -87.826317, 41.937749 ], [ -87.826515, 41.944582 ], [ -87.826661, 41.945027 ] ] ] ] } },
{ "type": "Feature", "properties": { "geoid": "17031650500", "land_area": 3.246103, "total": 4032.0, "nh_white_alone": 549.0, "nh_black_alone": 376.0, "nh_asian_alone": 58.0, "hispanic": 3015.0, "other": 34.0 }, "geometry": { "type": "MultiPolygon", "coordinates": [ [ [ [ -87.742055, 41.771129 ], [ -87.737223, 41.771201 ], [ -87.732327, 41.77126 ], [ -87.72989, 41.771287 ], [ -87.726234, 41.771331 ], [ -87.722576, 41.771374 ], [ -87.722462, 41.766824 ], [ -87.722441, 41.765929 ], [ -87.722355, 41.7641 ], [ -87.722261, 41.761571 ], [ -87.722191, 41.756838 ], [ -87.722176, 41.755094 ], [ -87.72204, 41.753374 ], [ -87.732206, 41.753174 ], [ -87.741496, 41.753292 ], [ -87.741599, 41.756489 ], [ -87.741758, 41.76015 ], [ -87.741899, 41.764299 ], [ -87.741793, 41.767001 ], [ -87.741876, 41.769307 ], [ -87.742055, 41.771129 ] ] ] ] } },
{ "type": "Feature", "properties": { "geoid": "17031681000", "land_area": 0.652467, "total": 2410.0, "nh_white_alone": 2.0, "nh_black_alone": 1993.0, "nh_asian_alone": 48.0, "hispanic": 225.0, "other": 142.0 }, "geometry": { "type": "MultiPolygon", "coordinates": [ [ [ [ -87.654502, 41.779608 ], [ -87.652072, 41.779644 ], [ -87.649643, 41.779674 ], [ -87.646174, 41.779729 ], [ -87.644786, 41.779751 ], [ -87.644704, 41.776547 ], [ -87.644659, 41.77495 ], [ -87.644597, 41.772472 ], [ -87.645813, 41.772455 ], [ -87.647024, 41.77244 ], [ -87.648235, 41.772421 ], [ -87.651882, 41.772369 ], [ -87.65431, 41.772333 ], [ -87.654402, 41.775974 ], [ -87.654502, 41.779608 ] ] ] ] } },
{ "type": "Feature", "properties": { "geoid": "17031520300", "land_area": 0.958354, "total": 6186.0, "nh_white_alone": 611.0, "nh_black_alone": 310.0, "nh_asian_alone": 0.0, "hispanic": 5239.0, "other": 26.0 }, "geometry": { "type": "MultiPolygon", "coordinates": [ [ [ [ -87.545197, 41.700885 ], [ -87.543823, 41.702763 ], [ -87.541342, 41.702757 ], [ -87.541339, 41.704583 ], [ -87.541339, 41.708192 ], [ -87.535289, 41.708217 ], [ -87.535286, 41.706392 ], [ -87.535285, 41.704564 ], [ -87.535284, 41.702734 ], [ -87.535283, 41.700922 ], [ -87.535281, 41.699103 ], [ -87.535283, 41.697296 ], [ -87.535282, 41.695474 ], [ -87.5401, 41.695494 ], [ -87.544422, 41.695518 ], [ -87.545161, 41.695463 ], [ -87.545197, 41.700885 ] ] ] ] } },
{ "type": "Feature", "properties": { "geoid": "17031841800", "land_area": 1.643374, "total": 2249.0, "nh_white_alone": 20.0, "nh_black_alone": 1705.0, "nh_asian_alone": 0.0, "hispanic": 485.0, "other": 39.0 }, "geometry": { "type": "MultiPolygon", "coordinates": [ [ [ [ -87.605769, 41.773141 ], [ -87.600902, 41.773188 ], [ -87.596041, 41.773236 ], [ -87.592914, 41.773268 ], [ -87.592221, 41.773275 ], [ -87.592845, 41.770565 ], [ -87.592445, 41.766011 ], [ -87.593826, 41.766004 ], [ -87.593374, 41.764177 ], [ -87.593324, 41.762354 ], [ -87.59472, 41.762345 ], [ -87.59513, 41.760556 ], [ -87.595523, 41.758696 ], [ -87.595614, 41.758696 ], [ -87.598223, 41.758652 ], [ -87.601726, 41.758622 ], [ -87.605391, 41.75858 ], [ -87.605489, 41.76223 ], [ -87.605527, 41.763978 ], [ -87.605586, 41.765881 ], [ -87.605662, 41.768501 ], [ -87.605727, 41.771322 ], [ -87.605769, 41.773141 ] ] ] ] } },
{ "type": "Feature", "properties": { "geoid": "17031843500", "land_area": 1.890168, "total": 8706.0, "nh_white_alone": 682.0, "nh_black_alone": 5942.0, "nh_asian_alone": 58.0, "hispanic": 2004.0, "other": 20.0 }, "geometry": { "type": "MultiPolygon", "coordinates": [ [ [ [ -87.70504, 41.844518 ], [ -87.702584, 41.844552 ], [ -87.700148, 41.844613 ], [ -87.700137, 41.844252 ], [ -87.694661, 41.844701 ], [ -87.690339, 41.844756 ], [ -87.687615, 41.844794 ], [ -87.687442, 41.84364 ], [ -87.687618, 41.83837 ], [ -87.687617, 41.838189 ], [ -87.687449, 41.834632 ], [ -87.694967, 41.832279 ], [ -87.704646, 41.829233 ], [ -87.704823, 41.837233 ], [ -87.70493, 41.840877 ], [ -87.70504, 41.844518 ] ] ] ] } },
{ "type": "Feature", "properties": { "geoid": "17031350100", "land_area": 0.567876, "total": 2435.0, "nh_white_alone": 136.0, "nh_black_alone": 770.0, "nh_asian_alone": 1485.0, "hispanic": 0.0, "other": 44.0 }, "geometry": { "type": "MultiPolygon", "coordinates": [ [ [ [ -87.617299, 41.845668 ], [ -87.616238, 41.8452 ], [ -87.609452122551403, 41.845246463674798 ], [ -87.60945, 41.845233 ], [ -87.609104775977301, 41.844519358609404 ], [ -87.607939003121203, 41.842109492240098 ], [ -87.606369695049494, 41.838865444546698 ], [ -87.606211507407707, 41.838538441669797 ], [ -87.607394, 41.838573 ], [ -87.61114, 41.83853 ], [ -87.617123, 41.838423 ], [ -87.617179, 41.841184 ], [ -87.617299, 41.845668 ] ] ] ] } },
{ "type": "Feature", "properties": { "geoid": "17031030101", "land_area": 0.127283, "total": 3515.0, "nh_white_alone": 1401.0, "nh_black_alone": 1092.0, "nh_asian_alone": 533.0, "hispanic": 318.0, "other": 171.0 }, "geometry": { "type": "MultiPolygon", "coordinates": [ [ [ [ -87.660339, 41.992286 ], [ -87.658285, 41.992317 ], [ -87.657598, 41.992773 ], [ -87.657584, 41.992327 ], [ -87.656186, 41.992348 ], [ -87.655457, 41.992359 ], [ -87.654593827790904, 41.992371102301803 ], [ -87.654367502769503, 41.991086166593 ], [ -87.654216920612399, 41.990231252763898 ], [ -87.654211624132898, 41.990201182577003 ], [ -87.654201646218993, 41.990144534055503 ], [ -87.655386, 41.990106 ], [ -87.656112, 41.990094 ], [ -87.657513, 41.990069 ], [ -87.660266, 41.990002 ], [ -87.660339, 41.992286 ] ] ] ] } },
{ "type": "Feature", "properties": { "geoid": "17031081202", "land_area": 0.204321, "total": 3501.0, "nh_white_alone": 2821.0, "nh_black_alone": 156.0, "nh_asian_alone": 177.0, "hispanic": 208.0, "other": 139.0 }, "geometry": { "type": "MultiPolygon", "coordinates": [ [ [ [ -87.628678, 41.903942 ], [ -87.627977, 41.903954 ], [ -87.624052, 41.904232 ], [ -87.623798582125204, 41.903726079116304 ], [ -87.623424885781304, 41.902980035512797 ], [ -87.623050794072697, 41.902233202607299 ], [ -87.622944, 41.90202 ], [ -87.622647680133795, 41.901959816016799 ], [ -87.621213462454094, 41.901668519541097 ], [ -87.619852, 41.901392 ], [ -87.618931111470701, 41.900112070641697 ], [ -87.620234, 41.900073 ], [ -87.621889, 41.900045 ], [ -87.624161, 41.900006 ], [ -87.624225, 41.900816 ], [ -87.624267, 41.901624 ], [ -87.628336, 41.901558 ], [ -87.628345, 41.901884 ], [ -87.628341, 41.90238 ], [ -87.628628, 41.90318 ], [ -87.628678, 41.903942 ] ] ] ] } },
{ "type": "Feature", "properties": { "geoid": "17031060300", "land_area": 0.319839, "total": 3057.0, "nh_white_alone": 2282.0, "nh_black_alone": 71.0, "nh_asian_alone": 186.0, "hispanic": 431.0, "other": 87.0 }, "geometry": { "type": "MultiPolygon", "coordinates": [ [ [ [ -87.673794, 41.954225 ], [ -87.669049, 41.95429 ], [ -87.668956, 41.95064 ], [ -87.668858, 41.94699 ], [ -87.673625, 41.946928 ], [ -87.673717, 41.950578 ], [ -87.673794, 41.954225 ] ] ] ] } },
{ "type": "Feature", "properties": { "geoid": "17031090200", "land_area": 1.529762, "total": 6618.0, "nh_white_alone": 5188.0, "nh_black_alone": 60.0, "nh_asian_alone": 87.0, "hispanic": 947.0, "other": 336.0 }, "geometry": { "type": "MultiPolygon", "coordinates": [ [ [ [ -87.821321, 42.006049 ], [ -87.821116, 42.007225 ], [ -87.821253, 42.011357 ], [ -87.819988, 42.01138 ], [ -87.819731, 42.011384 ], [ -87.816416, 42.011456 ], [ -87.813941, 42.011521 ], [ -87.812233, 42.011567 ], [ -87.806638, 42.011713 ], [ -87.806698, 42.006318 ], [ -87.806718, 42.004474 ], [ -87.80675, 42.001505 ], [ -87.806782, 41.998639 ], [ -87.806792, 41.997771 ], [ -87.806809, 41.996039 ], [ -87.817088, 42.001861 ], [ -87.821325, 42.004254 ], [ -87.821321, 42.006049 ] ] ] ] } },
{ "type": "Feature", "properties": { "geoid": "17031620200", "land_area": 0.57706, "total": 1947.0, "nh_white_alone": 620.0, "nh_black_alone": 80.0, "nh_asian_alone": 56.0, "hispanic": 1191.0, "other": 0.0 }, "geometry": { "type": "MultiPolygon", "coordinates": [ [ [ [ -87.737857, 41.795292 ], [ -87.735493, 41.795599 ], [ -87.735486, 41.795755 ], [ -87.735512, 41.796755 ], [ -87.733677, 41.796774 ], [ -87.733062, 41.796612 ], [ -87.731838, 41.796792 ], [ -87.730623, 41.796807 ], [ -87.728168, 41.796831 ], [ -87.728208, 41.79831 ], [ -87.723369, 41.800362 ], [ -87.723265, 41.796847 ], [ -87.723213, 41.795052 ], [ -87.723159, 41.793204 ], [ -87.728062, 41.793161 ], [ -87.730513, 41.793137 ], [ -87.734191, 41.79311 ], [ -87.737984, 41.793071 ], [ -87.737857, 41.795292 ] ] ] ] } },
{ "type": "Feature", "properties": { "geoid": "17031808002", "land_area": 2.754904, "total": 5444.0, "nh_white_alone": 3192.0, "nh_black_alone": 250.0, "nh_asian_alone": 1390.0, "hispanic": 367.0, "other": 245.0 }, "geometry": { "type": "MultiPolygon", "coordinates": [ [ [ [ -87.728787, 42.002612 ], [ -87.728731, 42.004479 ], [ -87.728488, 42.01537 ], [ -87.723638, 42.015409 ], [ -87.723731, 42.011758 ], [ -87.709057, 42.011861 ], [ -87.709289, 42.006747 ], [ -87.709362, 41.999213 ], [ -87.709344, 41.997389 ], [ -87.71068, 41.997366 ], [ -87.711895, 41.997345 ], [ -87.718607, 41.997281 ], [ -87.720297, 41.997278 ], [ -87.726446, 41.99725 ], [ -87.728909, 41.997253 ], [ -87.728787, 42.002612 ] ] ] ] } },
{ "type": "Feature", "properties": { "geoid": "17031440102", "land_area": 0.627506, "total": 3185.0, "nh_white_alone": 0.0, "nh_black_alone": 3004.0, "nh_asian_alone": 0.0, "hispanic": 163.0, "other": 18.0 }, "geometry": { "type": "MultiPolygon", "coordinates": [ [ [ [ -87.605084, 41.745798 ], [ -87.601392, 41.745836 ], [ -87.598895, 41.745407 ], [ -87.598938, 41.745859 ], [ -87.598269, 41.745867 ], [ -87.5987, 41.744047 ], [ -87.597589, 41.740743 ], [ -87.595308, 41.736783 ], [ -87.600545, 41.736708 ], [ -87.601188, 41.736698 ], [ -87.604823, 41.736649 ], [ -87.604927, 41.74027 ], [ -87.605033, 41.74397 ], [ -87.605084, 41.745798 ] ] ] ] } },
{ "type": "Feature", "properties": { "geoid": "17031301802", "land_area": 0.345011, "total": 2513.0, "nh_white_alone": 23.0, "nh_black_alone": 1.0, "nh_asian_alone": 0.0, "hispanic": 2489.0, "other": 0.0 }, "geometry": { "type": "MultiPolygon", "coordinates": [ [ [ [ -87.731851, 41.844152 ], [ -87.731043, 41.844163 ], [ -87.731115, 41.847314 ], [ -87.724685, 41.848774 ], [ -87.724652, 41.84791 ], [ -87.724615, 41.846085 ], [ -87.724553, 41.844255 ], [ -87.724499, 41.84241 ], [ -87.731188, 41.842321 ], [ -87.731851, 41.844152 ] ] ] ] } },
{ "type": "Feature", "properties": { "geoid": "17031222700", "land_area": 0.224935, "total": 2035.0, "nh_white_alone": 768.0, "nh_black_alone": 198.0, "nh_asian_alone": 72.0, "hispanic": 976.0, "other": 21.0 }, "geometry": { "type": "MultiPolygon", "coordinates": [ [ [ [ -87.713521, 41.917323 ], [ -87.711905, 41.917342 ], [ -87.710298, 41.917361 ], [ -87.706976, 41.917402 ], [ -87.706864, 41.913828 ], [ -87.70686, 41.913716 ], [ -87.706948, 41.913714 ], [ -87.71018, 41.91363 ], [ -87.713417, 41.913589 ], [ -87.713521, 41.917323 ] ] ] ] } },
{ "type": "Feature", "properties": { "geoid": "17031171100", "land_area": 0.666147, "total": 3876.0, "nh_white_alone": 1406.0, "nh_black_alone": 168.0, "nh_asian_alone": 274.0, "hispanic": 1968.0, "other": 60.0 }, "geometry": { "type": "MultiPolygon", "coordinates": [ [ [ [ -87.786307, 41.945663 ], [ -87.783812, 41.945697 ], [ -87.776503, 41.945771 ], [ -87.776463, 41.944857 ], [ -87.776357, 41.942112 ], [ -87.776321, 41.941192 ], [ -87.776215, 41.938448 ], [ -87.783506, 41.938354 ], [ -87.786031, 41.938317 ], [ -87.78621, 41.941994 ], [ -87.786307, 41.945663 ] ] ] ] } },
{ "type": "Feature", "properties": { "geoid": "17031400800", "land_area": 0.493317, "total": 2909.0, "nh_white_alone": 0.0, "nh_black_alone": 2742.0, "nh_asian_alone": 0.0, "hispanic": 83.0, "other": 84.0 }, "geometry": { "type": "MultiPolygon", "coordinates": [ [ [ [ -87.625466, 41.785537 ], [ -87.620613, 41.785615 ], [ -87.61576, 41.785699 ], [ -87.615672, 41.782074 ], [ -87.615622, 41.780239 ], [ -87.620412, 41.780108 ], [ -87.620834, 41.780058 ], [ -87.625375, 41.780058 ], [ -87.625404, 41.78321 ], [ -87.625466, 41.785537 ] ] ] ] } },
{ "type": "Feature", "properties": { "geoid": "17031460200", "land_area": 0.600282, "total": 2196.0, "nh_white_alone": 142.0, "nh_black_alone": 588.0, "nh_asian_alone": 8.0, "hispanic": 1457.0, "other": 1.0 }, "geometry": { "type": "MultiPolygon", "coordinates": [ [ [ [ -87.55294, 41.744637 ], [ -87.551497, 41.744658 ], [ -87.551418, 41.744659 ], [ -87.546685, 41.744718 ], [ -87.545476, 41.744734 ], [ -87.541837, 41.744759 ], [ -87.541735, 41.739335 ], [ -87.54536, 41.739281 ], [ -87.545311, 41.737463 ], [ -87.548673, 41.737418 ], [ -87.551431, 41.737378 ], [ -87.551465, 41.7392 ], [ -87.551496, 41.741019 ], [ -87.551523, 41.742067 ], [ -87.551734, 41.743467 ], [ -87.55294, 41.744637 ] ] ] ] } },
{ "type": "Feature", "properties": { "geoid": "17031063303", "land_area": 0.236591, "total": 1315.0, "nh_white_alone": 1049.0, "nh_black_alone": 27.0, "nh_asian_alone": 164.0, "hispanic": 29.0, "other": 46.0 }, "geometry": { "type": "MultiPolygon", "coordinates": [ [ [ [ -87.638702, 41.936592 ], [ -87.636851, 41.936618 ], [ -87.633784, 41.93682 ], [ -87.631915470480607, 41.936926086532502 ], [ -87.631898243496707, 41.936858177262501 ], [ -87.630953, 41.933132 ], [ -87.630924733914796, 41.9330136256415 ], [ -87.632102, 41.932727 ], [ -87.637955, 41.932932 ], [ -87.638003, 41.934372 ], [ -87.637799, 41.936078 ], [ -87.638702, 41.936592 ] ] ] ] } },
{ "type": "Feature", "properties": { "geoid": "17031200401", "land_area": 0.402815, "total": 3138.0, "nh_white_alone": 60.0, "nh_black_alone": 243.0, "nh_asian_alone": 0.0, "hispanic": 2786.0, "other": 49.0 }, "geometry": { "type": "MultiPolygon", "coordinates": [ [ [ [ -87.741578, 41.922532 ], [ -87.733448, 41.922572 ], [ -87.733392, 41.920744 ], [ -87.733339, 41.918905 ], [ -87.73395, 41.918905 ], [ -87.733887, 41.91707 ], [ -87.736328, 41.917045 ], [ -87.741422, 41.916985 ], [ -87.741534, 41.920645 ], [ -87.741578, 41.922532 ] ] ] ] } },
{ "type": "Feature", "properties": { "geoid": "17031063200", "land_area": 0.366779, "total": 6806.0, "nh_white_alone": 4628.0, "nh_black_alone": 280.0, "nh_asian_alone": 622.0, "hispanic": 684.0, "other": 592.0 }, "geometry": { "type": "MultiPolygon", "coordinates": [ [ [ [ -87.6444, 41.940045 ], [ -87.641385, 41.940089 ], [ -87.639554, 41.940138 ], [ -87.638118, 41.940553 ], [ -87.633276905033796, 41.942292901003 ], [ -87.631915470480607, 41.936926086532502 ], [ -87.633784, 41.93682 ], [ -87.636851, 41.936618 ], [ -87.638702, 41.936592 ], [ -87.639434, 41.936587 ], [ -87.641858, 41.936554 ], [ -87.644279, 41.936513 ], [ -87.644353, 41.93869 ], [ -87.644369, 41.939146 ], [ -87.6444, 41.940045 ] ] ] ] } },
{ "type": "Feature", "properties": { "geoid": "17031191000", "land_area": 0.434313, "total": 2315.0, "nh_white_alone": 83.0, "nh_black_alone": 9.0, "nh_asian_alone": 19.0, "hispanic": 2196.0, "other": 8.0 }, "geometry": { "type": "MultiPolygon", "coordinates": [ [ [ [ -87.746302, 41.924239 ], [ -87.741631, 41.924303 ], [ -87.741578, 41.922532 ], [ -87.741534, 41.920645 ], [ -87.741422, 41.916985 ], [ -87.741301, 41.913906 ], [ -87.74601, 41.914493 ], [ -87.746169, 41.918757 ], [ -87.74621, 41.920584 ], [ -87.746302, 41.924239 ] ] ] ] } },
{ "type": "Feature", "properties": { "geoid": "17031710600", "land_area": 0.244933, "total": 1658.0, "nh_white_alone": 127.0, "nh_black_alone": 1326.0, "nh_asian_alone": 0.0, "hispanic": 137.0, "other": 68.0 }, "geometry": { "type": "MultiPolygon", "coordinates": [ [ [ [ -87.663437, 41.750357 ], [ -87.661014, 41.750391 ], [ -87.65859, 41.750426 ], [ -87.658541, 41.748607 ], [ -87.658493, 41.746786 ], [ -87.658445, 41.744966 ], [ -87.660872, 41.744929 ], [ -87.663302, 41.744894 ], [ -87.663437, 41.750357 ] ] ] ] } },
{ "type": "Feature", "properties": { "geoid": "17031837100", "land_area": 0.74537, "total": 1584.0, "nh_white_alone": 336.0, "nh_black_alone": 607.0, "nh_asian_alone": 16.0, "hispanic": 431.0, "other": 194.0 }, "geometry": { "type": "MultiPolygon", "coordinates": [ [ [ [ -87.706335, 41.888175 ], [ -87.701412, 41.888235 ], [ -87.691474, 41.888371 ], [ -87.687092, 41.888415 ], [ -87.690304, 41.887674 ], [ -87.691592, 41.88443 ], [ -87.692277, 41.884403 ], [ -87.692231, 41.882941 ], [ -87.696335, 41.882898 ], [ -87.701254, 41.882847 ], [ -87.70617, 41.882794 ], [ -87.706335, 41.888175 ] ] ] ] } },
{ "type": "Feature", "properties": { "geoid": "17031807900", "land_area": 2.01373, "total": 3997.0, "nh_white_alone": 2287.0, "nh_black_alone": 101.0, "nh_asian_alone": 1176.0, "hispanic": 278.0, "other": 155.0 }, "geometry": { "type": "MultiPolygon", "coordinates": [ [ [ [ -87.761953, 42.002657 ], [ -87.761854, 42.003699 ], [ -87.761815, 42.004653 ], [ -87.750573, 42.004553 ], [ -87.750518, 42.006365 ], [ -87.750406, 42.010193 ], [ -87.750261, 42.011031 ], [ -87.750265, 42.015423 ], [ -87.744879, 42.015288 ], [ -87.743623, 42.011769 ], [ -87.741319, 42.004511 ], [ -87.739007, 41.99725 ], [ -87.743488, 41.997268 ], [ -87.748343, 41.997288 ], [ -87.750219, 41.997296 ], [ -87.752187, 41.997301 ], [ -87.75291, 41.997303 ], [ -87.755465, 41.998524 ], [ -87.76227, 42.001687 ], [ -87.761953, 42.002657 ] ] ] ] } },
{ "type": "Feature", "properties": { "geoid": "17031061901", "land_area": 0.160305, "total": 3709.0, "nh_white_alone": 2700.0, "nh_black_alone": 334.0, "nh_asian_alone": 168.0, "hispanic": 377.0, "other": 130.0 }, "geometry": { "type": "MultiPolygon", "coordinates": [ [ [ [ -87.646148, 41.945502 ], [ -87.644426, 41.946081 ], [ -87.64375, 41.946309 ], [ -87.643397, 41.945634 ], [ -87.641797, 41.94616 ], [ -87.641783, 41.945723 ], [ -87.643017, 41.945313 ], [ -87.643002, 41.944529 ], [ -87.641786, 41.944734 ], [ -87.64137, 41.94336 ], [ -87.641911, 41.943354 ], [ -87.641805, 41.941719 ], [ -87.642755, 41.941719 ], [ -87.641799, 41.941173 ], [ -87.641385, 41.940089 ], [ -87.6444, 41.940045 ], [ -87.644455, 41.941777 ], [ -87.644458, 41.941867 ], [ -87.644814, 41.943321 ], [ -87.645036, 41.943684 ], [ -87.645308, 41.944136 ], [ -87.64552, 41.944482 ], [ -87.646148, 41.945502 ] ] ] ] } },
{ "type": "Feature", "properties": { "geoid": "17031810900", "land_area": 1.06568, "total": 5688.0, "nh_white_alone": 2713.0, "nh_black_alone": 185.0, "nh_asian_alone": 79.0, "hispanic": 2665.0, "other": 46.0 }, "geometry": { "type": "MultiPolygon", "coordinates": [ [ [ [ -87.816011, 41.923339 ], [ -87.813568, 41.923384 ], [ -87.812351, 41.923396 ], [ -87.808143, 41.92346 ], [ -87.806226, 41.923093 ], [ -87.806122, 41.919856 ], [ -87.806005, 41.916189 ], [ -87.805891, 41.912533 ], [ -87.805826, 41.910706 ], [ -87.805748, 41.908904 ], [ -87.811888, 41.908775 ], [ -87.813095, 41.908755 ], [ -87.813216, 41.912411 ], [ -87.813334, 41.916067 ], [ -87.813455, 41.919722 ], [ -87.815893, 41.91968 ], [ -87.816011, 41.923339 ] ] ] ] } },
{ "type": "Feature", "properties": { "geoid": "17031210800", "land_area": 0.16293, "total": 1073.0, "nh_white_alone": 581.0, "nh_black_alone": 22.0, "nh_asian_alone": 43.0, "hispanic": 313.0, "other": 114.0 }, "geometry": { "type": "MultiPolygon", "coordinates": [ [ [ [ -87.700277, 41.939377 ], [ -87.697823, 41.939393 ], [ -87.697683, 41.934457 ], [ -87.697658, 41.933704 ], [ -87.697627, 41.932553 ], [ -87.697618, 41.932096 ], [ -87.700073, 41.932079 ], [ -87.700085, 41.932536 ], [ -87.700123, 41.933901 ], [ -87.699909, 41.934313 ], [ -87.700277, 41.939377 ] ] ] ] } },
{ "type": "Feature", "properties": { "geoid": "17031031800", "land_area": 0.23515, "total": 1765.0, "nh_white_alone": 982.0, "nh_black_alone": 53.0, "nh_asian_alone": 156.0, "hispanic": 339.0, "other": 235.0 }, "geometry": { "type": "MultiPolygon", "coordinates": [ [ [ [ -87.674174, 41.968822 ], [ -87.669439, 41.968877 ], [ -87.667497, 41.9689 ], [ -87.667119, 41.967078 ], [ -87.666734, 41.965271 ], [ -87.674078, 41.965169 ], [ -87.674174, 41.968822 ] ] ] ] } },
{ "type": "Feature", "properties": { "geoid": "17031250200", "land_area": 0.499204, "total": 2610.0, "nh_white_alone": 46.0, "nh_black_alone": 1207.0, "nh_asian_alone": 0.0, "hispanic": 1334.0, "other": 23.0 }, "geometry": { "type": "MultiPolygon", "coordinates": [ [ [ [ -87.755895, 41.915709 ], [ -87.752858, 41.915326 ], [ -87.74936, 41.914908 ], [ -87.748574, 41.914801 ], [ -87.74601, 41.914493 ], [ -87.74599, 41.913924 ], [ -87.74594, 41.912375 ], [ -87.745913, 41.91071 ], [ -87.746114, 41.909626 ], [ -87.751035, 41.909563 ], [ -87.752647, 41.909541 ], [ -87.755796, 41.909501 ], [ -87.755676, 41.909967 ], [ -87.755728, 41.911337 ], [ -87.755895, 41.915709 ] ] ] ] } }
]
}
